dataset,target,split,features,head,n_request,mean,std,count,n_train,sem
SAbDab_Chen,developability,cluster,aac,gbm,100,0.6015319324111856,0.06835911228998774,20,100.0,0.01528556219619539
SAbDab_Chen,developability,cluster,aac,gbm,1000,0.7156315700368826,0.028502638445304443,20,1000.0,0.006373383710179965
SAbDab_Chen,developability,cluster,aac,gbm,200,0.6290372789911902,0.048605789869927946,20,200.0,0.010868585024922954
SAbDab_Chen,developability,cluster,aac,gbm,25,0.5282280450243599,0.06623167946814545,20,25.0,0.014809853755475035
SAbDab_Chen,developability,cluster,aac,gbm,50,0.5635231481851752,0.051298613918643286,20,50.0,0.011470718787360324
SAbDab_Chen,developability,cluster,aac,gbm,500,0.6806366001149743,0.04752547891799885,20,500.0,0.010627020152387857
SAbDab_Chen,developability,cluster,aac,gbm,all,0.7291292123392651,0.036791348125810634,20,1802.3,0.008226795539317206
SAbDab_Chen,developability,cluster,aac,linear,100,0.6585631246378927,0.0683054724558109,20,100.0,0.015273567964643265
SAbDab_Chen,developability,cluster,aac,linear,1000,0.78541182111057,0.04793273097434214,20,1000.0,0.010718084480583876
SAbDab_Chen,developability,cluster,aac,linear,200,0.6993232145055065,0.06484167458593357,20,200.0,0.014499039214906797
SAbDab_Chen,developability,cluster,aac,linear,25,0.5722895413526314,0.06890268334678536,20,25.0,0.015407108379555477
SAbDab_Chen,developability,cluster,aac,linear,50,0.6072501502977318,0.07556250727539239,20,50.0,0.01689629028180998
SAbDab_Chen,developability,cluster,aac,linear,500,0.7582727878298009,0.04364449585302399,20,500.0,0.00975920595710693
SAbDab_Chen,developability,cluster,aac,linear,all,0.7986581275521925,0.044525657445228746,20,1802.3,0.00995623967904011
SAbDab_Chen,developability,cluster,aac,mlp,100,0.6598334210487465,0.06720257399656973,20,100.0,0.015026952371928963
SAbDab_Chen,developability,cluster,aac,mlp,1000,0.7469953687143271,0.04047929856224536,20,1000.0,0.009051446326669012
SAbDab_Chen,developability,cluster,aac,mlp,200,0.6968315122545077,0.05433592621776108,20,200.0,0.01214988246433268
SAbDab_Chen,developability,cluster,aac,mlp,25,0.5816017058312805,0.06943570717745894,20,25.0,0.015526296131456823
SAbDab_Chen,developability,cluster,aac,mlp,50,0.6027780948100082,0.07126992021312721,20,50.0,0.015936438634753875
SAbDab_Chen,developability,cluster,aac,mlp,500,0.7333846999016711,0.043169102661343994,20,500.0,0.009652904807843225
SAbDab_Chen,developability,cluster,aac,mlp,all,0.7421129289481498,0.05123303989559309,20,1802.3,0.011456055990050486
SAbDab_Chen,developability,cluster,biophys,gbm,100,0.6220251902494002,0.06072471440303749,20,100.0,0.013578458931945238
SAbDab_Chen,developability,cluster,biophys,gbm,1000,0.7120129622617333,0.04532588225270052,20,1000.0,0.010135175385718965
SAbDab_Chen,developability,cluster,biophys,gbm,200,0.6562856799682313,0.05299343694155208,20,200.0,0.0118496927362659
SAbDab_Chen,developability,cluster,biophys,gbm,25,0.5648485421888567,0.06938055232863781,20,25.0,0.015513963132331547
SAbDab_Chen,developability,cluster,biophys,gbm,50,0.6034457942988812,0.05392786240208474,20,50.0,0.012058636621231657
SAbDab_Chen,developability,cluster,biophys,gbm,500,0.6764259775619786,0.05034789397692716,20,500.0,0.011258131345636135
SAbDab_Chen,developability,cluster,biophys,gbm,all,0.7221920834440082,0.044709220218918884,20,1802.3,0.009997285563051066
SAbDab_Chen,developability,cluster,biophys,linear,100,0.6650429341111603,0.05042118053055611,20,100.0,0.011274518717211237
SAbDab_Chen,developability,cluster,biophys,linear,1000,0.7377699661503565,0.04209787141916891,20,1000.0,0.009413370220130722
SAbDab_Chen,developability,cluster,biophys,linear,200,0.6874631980072995,0.033390124582997095,20,200.0,0.007466258834476832
SAbDab_Chen,developability,cluster,biophys,linear,25,0.5995727271271042,0.07390369099878283,20,25.0,0.01652536768614177
SAbDab_Chen,developability,cluster,biophys,linear,50,0.6329733283979257,0.043207090446979346,20,50.0,0.00966139913494276
SAbDab_Chen,developability,cluster,biophys,linear,500,0.7168577051949665,0.042025586650216405,20,500.0,0.009397206854419155
SAbDab_Chen,developability,cluster,biophys,linear,all,0.7442874302900331,0.04278178349566056,20,1802.3,0.009566297609497558
SAbDab_Chen,developability,cluster,biophys,mlp,100,0.6594453130362906,0.060143834082645585,20,100.0,0.013448570143626423
SAbDab_Chen,developability,cluster,biophys,mlp,1000,0.6956633170673594,0.04047862601030294,20,1000.0,0.009051295939482848
SAbDab_Chen,developability,cluster,biophys,mlp,200,0.6620030176778536,0.04229569698464364,20,200.0,0.009457605361339605
SAbDab_Chen,developability,cluster,biophys,mlp,25,0.5791042954558127,0.07594296197253245,20,25.0,0.016981362538326408
SAbDab_Chen,developability,cluster,biophys,mlp,50,0.6157117613472514,0.06641863462079865,20,50.0,0.014851658198482675
SAbDab_Chen,developability,cluster,biophys,mlp,500,0.682429094435202,0.035258922957240584,20,500.0,0.007884134854581785
SAbDab_Chen,developability,cluster,biophys,mlp,all,0.7012475459091174,0.03878442882608571,20,1802.3,0.008672461932363
SAbDab_Chen,developability,cluster,cheap,gbm,100,0.6508415184774995,0.04409705240564456,20,100.0,0.009860400678639185
SAbDab_Chen,developability,cluster,cheap,gbm,1000,0.7506564060410981,0.041395996006034386,20,1000.0,0.009256426106580267
SAbDab_Chen,developability,cluster,cheap,gbm,200,0.671437715086474,0.03988261279969385,20,200.0,0.008918023334041864
SAbDab_Chen,developability,cluster,cheap,gbm,25,0.556946792821565,0.051373361100956916,20,25.0,0.011487432765438309
SAbDab_Chen,developability,cluster,cheap,gbm,50,0.6025584955595196,0.053161109850463045,20,50.0,0.011887185538496905
SAbDab_Chen,developability,cluster,cheap,gbm,500,0.7130510364304852,0.04719930408201448,20,500.0,0.010554085241806769
SAbDab_Chen,developability,cluster,cheap,gbm,all,0.767856623680578,0.04103881986086914,20,1802.3,0.009176559092527185
SAbDab_Chen,developability,cluster,cheap,linear,100,0.6893149804865546,0.0633916079657324,20,100.0,0.01417479446143948
SAbDab_Chen,developability,cluster,cheap,linear,1000,0.7757064231491089,0.04574277510172679,20,1000.0,0.010228395460694597
SAbDab_Chen,developability,cluster,cheap,linear,200,0.7271434055658269,0.042401064656742676,20,200.0,0.00948116628908404
SAbDab_Chen,developability,cluster,cheap,linear,25,0.6089808161474488,0.07614314250397736,20,25.0,0.01702612426593469
SAbDab_Chen,developability,cluster,cheap,linear,50,0.6278446735911821,0.06987221740655437,20,50.0,0.015623902785969963
SAbDab_Chen,developability,cluster,cheap,linear,500,0.7465677282552281,0.048107234092075984,20,500.0,0.010757104563937728
SAbDab_Chen,developability,cluster,cheap,linear,all,0.787354803179795,0.04292864682348676,20,1802.3,0.00959913724793968
SAbDab_Chen,developability,cluster,cheap,mlp,100,0.6767061153173384,0.05837222822433016,20,100.0,0.013052427030773407
SAbDab_Chen,developability,cluster,cheap,mlp,1000,0.7442810691190188,0.042582868432661194,20,1000.0,0.009521818849236035
SAbDab_Chen,developability,cluster,cheap,mlp,200,0.7103351590862413,0.041075163111637406,20,200.0,0.009184685690451302
SAbDab_Chen,developability,cluster,cheap,mlp,25,0.5655457293355639,0.08662954073235674,20,25.0,0.019370954193713655
SAbDab_Chen,developability,cluster,cheap,mlp,50,0.6078712014936578,0.0649619253445813,20,50.0,0.014525928101975023
SAbDab_Chen,developability,cluster,cheap,mlp,500,0.7288118285264191,0.043395093949515254,20,500.0,0.009703437996110594
SAbDab_Chen,developability,cluster,cheap,mlp,all,0.7361682432260002,0.04656293744032869,20,1802.3,0.0104117893348645
SAbDab_Chen,developability,cluster,esm2,gbm,100,0.61930160442357,0.05909971034867842,20,100.0,0.013215096979019274
SAbDab_Chen,developability,cluster,esm2,gbm,1000,0.7603274935321591,0.04916535509801447,20,1000.0,0.01099370761370762
SAbDab_Chen,developability,cluster,esm2,gbm,200,0.6766571696926403,0.045253880777014234,20,200.0,0.010119075366307483
SAbDab_Chen,developability,cluster,esm2,gbm,25,0.5448747825069555,0.06930972140396746,20,25.0,0.015498124856084339
SAbDab_Chen,developability,cluster,esm2,gbm,50,0.5755979053008634,0.05078360566380097,20,50.0,0.01135555944068023
SAbDab_Chen,developability,cluster,esm2,gbm,500,0.7223749633139687,0.0347185257474646,20,500.0,0.007763298364990753
SAbDab_Chen,developability,cluster,esm2,gbm,all,0.7790646437082339,0.033396029548870776,20,1802.3,0.007467579224986668
SAbDab_Chen,developability,cluster,esm2,linear,100,0.6361085956997197,0.06508775984775463,20,100.0,0.01455406555227607
SAbDab_Chen,developability,cluster,esm2,linear,1000,0.7638706404108926,0.04161817923544934,20,1000.0,0.009306107787023494
SAbDab_Chen,developability,cluster,esm2,linear,200,0.6931560735975852,0.05167091266753227,20,200.0,0.011553967318405715
SAbDab_Chen,developability,cluster,esm2,linear,25,0.5434594525051323,0.07151892763529749,20,25.0,0.015992118387041347
SAbDab_Chen,developability,cluster,esm2,linear,50,0.584562934178112,0.06647971098507666,20,50.0,0.01486531528871709
SAbDab_Chen,developability,cluster,esm2,linear,500,0.7406503409650586,0.035507654235253636,20,500.0,0.007939752859158544
SAbDab_Chen,developability,cluster,esm2,linear,all,0.7823237376556146,0.03580355599684007,20,1802.3,0.008005918504515463
SAbDab_Chen,developability,cluster,esm2,mlp,100,0.6519643418081118,0.05804912977525509,20,100.0,0.012980180021217745
SAbDab_Chen,developability,cluster,esm2,mlp,1000,0.750300061937933,0.04821006650015163,20,1000.0,0.010780098589412443
SAbDab_Chen,developability,cluster,esm2,mlp,200,0.6959878463869493,0.05485720347235808,20,200.0,0.012266443601973017
SAbDab_Chen,developability,cluster,esm2,mlp,25,0.5518730275490364,0.06652292274377604,20,25.0,0.014874977731705005
SAbDab_Chen,developability,cluster,esm2,mlp,50,0.5863934875023649,0.053258094970708415,20,50.0,0.011908872070664368
SAbDab_Chen,developability,cluster,esm2,mlp,500,0.7276462023569111,0.0469740076472737,20,500.0,0.010503707427489895
SAbDab_Chen,developability,cluster,esm2,mlp,all,0.7625496833791938,0.04747863199029841,20,1802.3,0.010616544860900337
SAbDab_Chen,developability,cluster,esm2+cheap,gbm,100,0.6337237939907399,0.05394829264046739,20,100.0,0.01206320496141367
SAbDab_Chen,developability,cluster,esm2+cheap,gbm,1000,0.7755668949201775,0.04041239138988107,20,1000.0,0.009036485428110128
SAbDab_Chen,developability,cluster,esm2+cheap,gbm,200,0.6929044834585478,0.036632067957332676,20,200.0,0.008191179410898773
SAbDab_Chen,developability,cluster,esm2+cheap,gbm,25,0.5515943820339247,0.06536567670583955,20,25.0,0.014616209650953175
SAbDab_Chen,developability,cluster,esm2+cheap,gbm,50,0.5819495568721867,0.05067524547058251,20,50.0,0.01133132936487108
SAbDab_Chen,developability,cluster,esm2+cheap,gbm,500,0.7360151170414521,0.029160937990505204,20,500.0,0.006520583963442575
SAbDab_Chen,developability,cluster,esm2+cheap,gbm,all,0.7871146816279436,0.029165339552951156,20,1802.3,0.006521568182726211
SAbDab_Chen,developability,cluster,esm2+cheap,linear,100,0.6400342481079926,0.06509433756356811,20,100.0,0.014555536374245632
SAbDab_Chen,developability,cluster,esm2+cheap,linear,1000,0.7700914774529131,0.04178580872098693,20,1000.0,0.009343590879493031
SAbDab_Chen,developability,cluster,esm2+cheap,linear,200,0.696681732871768,0.051541717010299345,20,200.0,0.011525078291208656
SAbDab_Chen,developability,cluster,esm2+cheap,linear,25,0.5446169724632127,0.06964642950486599,20,25.0,0.015573415076302737
SAbDab_Chen,developability,cluster,esm2+cheap,linear,50,0.5843562204937562,0.06471359243040996,20,50.0,0.01447039917426125
SAbDab_Chen,developability,cluster,esm2+cheap,linear,500,0.7447766049304846,0.03478090175016453,20,500.0,0.007777246063210929
SAbDab_Chen,developability,cluster,esm2+cheap,linear,all,0.7894165885833515,0.03424000134398683,20,1802.3,0.007656297055483871
SAbDab_Chen,developability,cluster,esm2+cheap,mlp,100,0.6474198830790985,0.0646284512660998,20,100.0,0.014451361031153149
SAbDab_Chen,developability,cluster,esm2+cheap,mlp,1000,0.7603483334285799,0.04370263266582833,20,1000.0,0.009772205743649499
SAbDab_Chen,developability,cluster,esm2+cheap,mlp,200,0.69991400031963,0.055988932418208785,20,200.0,0.012519505887475652
SAbDab_Chen,developability,cluster,esm2+cheap,mlp,25,0.555544949609786,0.05827694158710892,20,25.0,0.013031120290956003
SAbDab_Chen,developability,cluster,esm2+cheap,mlp,50,0.583121696005717,0.05523481386966934,20,50.0,0.012350879853712884
SAbDab_Chen,developability,cluster,esm2+cheap,mlp,500,0.7318324015647153,0.043107464303220475,20,500.0,0.009639122051964658
SAbDab_Chen,developability,cluster,esm2+cheap,mlp,all,0.7674856794130913,0.048833795022886164,20,1802.3,0.010919568527046435
SAbDab_Chen,developability,cluster,random,gbm,100,0.496451772328364,0.028403364198435734,20,100.0,0.006351185313738612
SAbDab_Chen,developability,cluster,random,gbm,1000,0.4868793325028261,0.028352861362827123,20,1000.0,0.006339892536390877
SAbDab_Chen,developability,cluster,random,gbm,200,0.49730151806535583,0.034109851803453405,20,200.0,0.007627194733496561
SAbDab_Chen,developability,cluster,random,gbm,25,0.5052764354547343,0.028380857144913757,20,25.0,0.006346152583573776
SAbDab_Chen,developability,cluster,random,gbm,50,0.5073915944377245,0.02472952180260764,20,50.0,0.005529689180169382
SAbDab_Chen,developability,cluster,random,gbm,500,0.48196574339080583,0.030352120381348265,20,500.0,0.006786940443395156
SAbDab_Chen,developability,cluster,random,gbm,all,0.47370203543099676,0.022344492697711268,20,1802.3,0.004996380459483005
SAbDab_Chen,developability,cluster,random,linear,100,0.501584788874047,0.025113985306373834,20,100.0,0.0056156578330982775
SAbDab_Chen,developability,cluster,random,linear,1000,0.4887666787885202,0.032106826870512944,20,1000.0,0.0071793047424283775
SAbDab_Chen,developability,cluster,random,linear,200,0.5011080148020286,0.02838656504570958,20,200.0,0.006347428908992605
SAbDab_Chen,developability,cluster,random,linear,25,0.5014288426261941,0.028595634599011845,20,25.0,0.006394178282313543
SAbDab_Chen,developability,cluster,random,linear,50,0.5014485311695319,0.026566407455937985,20,50.0,0.005940429298943458
SAbDab_Chen,developability,cluster,random,linear,500,0.4948932257658744,0.028760510665430186,20,500.0,0.00643104569155096
SAbDab_Chen,developability,cluster,random,linear,all,0.4744510850193593,0.02069625641332439,20,1802.3,0.004627823621995932
SAbDab_Chen,developability,cluster,random,mlp,100,0.49773462485432896,0.031026809749954583,20,100.0,0.006937805572585169
SAbDab_Chen,developability,cluster,random,mlp,1000,0.48614498951763646,0.028311509012645186,20,1000.0,0.006330645869787259
SAbDab_Chen,developability,cluster,random,mlp,200,0.4962083790294254,0.029041932749485744,20,200.0,0.006493973582582749
SAbDab_Chen,developability,cluster,random,mlp,25,0.497518350580022,0.028543402187395213,20,25.0,0.006382498760013188
SAbDab_Chen,developability,cluster,random,mlp,50,0.4956468837722559,0.02722065707802046,20,50.0,0.006086723961866454
SAbDab_Chen,developability,cluster,random,mlp,500,0.4888676164879803,0.03478315887027629,20,500.0,0.007777750770611257
SAbDab_Chen,developability,cluster,random,mlp,all,0.47425108979721414,0.026820035914426655,20,1802.3,0.005997142346364373
SAbDab_Chen,developability,random,aac,gbm,100,0.6660548335105105,0.03196781244700932,20,100.0,0.007148220172347672
SAbDab_Chen,developability,random,aac,gbm,1000,0.8461056719591236,0.017405781679216685,20,1000.0,0.0038920511036248944
SAbDab_Chen,developability,random,aac,gbm,200,0.7300414080449916,0.02957613711151182,20,200.0,0.00661342530931947
SAbDab_Chen,developability,random,aac,gbm,25,0.5821285278282637,0.06059016975357987,20,25.0,0.013548373833725627
SAbDab_Chen,developability,random,aac,gbm,50,0.6130135283426494,0.04920890576197915,20,50.0,0.011003445838216646
SAbDab_Chen,developability,random,aac,gbm,500,0.8067684578718151,0.022358061688076664,20,500.0,0.004999414577967312
SAbDab_Chen,developability,random,aac,gbm,all,0.884623726895511,0.01434796910462281,20,1806.0,0.0032083034257003396
SAbDab_Chen,developability,random,aac,linear,100,0.6705972874729949,0.044825906826401536,20,100.0,0.01002337748169057
SAbDab_Chen,developability,random,aac,linear,1000,0.8301597167449677,0.01787510543447684,20,1000.0,0.003996995085646612
SAbDab_Chen,developability,random,aac,linear,200,0.7325841877850554,0.03234778835490804,20,200.0,0.007233185368335047
SAbDab_Chen,developability,random,aac,linear,25,0.5764715716196289,0.0738530376433737,20,25.0,0.016514041251543446
SAbDab_Chen,developability,random,aac,linear,50,0.6275384931929632,0.052079977976650114,20,50.0,0.011645437102248161
SAbDab_Chen,developability,random,aac,linear,500,0.8077625081444395,0.020220439655219122,20,500.0,0.0045214277604002364
SAbDab_Chen,developability,random,aac,linear,all,0.8412970234216933,0.013614393778764059,20,1806.0,0.0030442709961766667
SAbDab_Chen,developability,random,aac,mlp,100,0.6972176022770139,0.025723943067974077,20,100.0,0.0057520485349324526
SAbDab_Chen,developability,random,aac,mlp,1000,0.8449225849593635,0.0202431868525416,20,1000.0,0.004526514188351303
SAbDab_Chen,developability,random,aac,mlp,200,0.7521625630122424,0.02698177617616376,20,200.0,0.00603330856835865
SAbDab_Chen,developability,random,aac,mlp,25,0.5909892493398717,0.06492988830755522,20,25.0,0.014518764402716225
SAbDab_Chen,developability,random,aac,mlp,50,0.6400153458386201,0.055533049276620984,20,50.0,0.012417567318037004
SAbDab_Chen,developability,random,aac,mlp,500,0.8184531566132849,0.0278770890375419,20,500.0,0.006233506610275787
SAbDab_Chen,developability,random,aac,mlp,all,0.8707241692671719,0.015709491260946902,20,1806.0,0.0035127490351416157
SAbDab_Chen,developability,random,biophys,gbm,100,0.6717387949658791,0.025336930706089486,20,100.0,0.005665509940001783
SAbDab_Chen,developability,random,biophys,gbm,1000,0.8354921813380886,0.022479477674699364,20,1000.0,0.005026564017931668
SAbDab_Chen,developability,random,biophys,gbm,200,0.7208600528102603,0.02820688249507356,20,200.0,0.006307250669233336
SAbDab_Chen,developability,random,biophys,gbm,25,0.5934295806042317,0.06614862821347937,20,25.0,0.014791282930370034
SAbDab_Chen,developability,random,biophys,gbm,50,0.6257192826034773,0.06852971523886248,20,50.0,0.015323710175279972
SAbDab_Chen,developability,random,biophys,gbm,500,0.7972227461335345,0.029262441099879927,20,500.0,0.006543280748691523
SAbDab_Chen,developability,random,biophys,gbm,all,0.8732802373032476,0.01753267561039269,20,1806.0,0.003920425449229067
SAbDab_Chen,developability,random,biophys,linear,100,0.6806466684955934,0.041847957425693645,20,100.0,0.009357487752336809
SAbDab_Chen,developability,random,biophys,linear,1000,0.781708874867117,0.02613255422198566,20,1000.0,0.005843416766605907
SAbDab_Chen,developability,random,biophys,linear,200,0.7248092486540243,0.021835800568055713,20,200.0,0.0048826334413301095
SAbDab_Chen,developability,random,biophys,linear,25,0.6322309763039676,0.07553628899006018,20,25.0,0.016890427694984347
SAbDab_Chen,developability,random,biophys,linear,50,0.6601098213367169,0.05184160239657089,20,50.0,0.011592134702124852
SAbDab_Chen,developability,random,biophys,linear,500,0.7652433901443709,0.02837193143687757,20,500.0,0.006344156734582152
SAbDab_Chen,developability,random,biophys,linear,all,0.7913896128390658,0.023244366974917427,20,1806.0,0.005197598464986651
SAbDab_Chen,developability,random,biophys,mlp,100,0.6989733719694112,0.03307082143004219,20,100.0,0.007394860478933114
SAbDab_Chen,developability,random,biophys,mlp,1000,0.8142772024279002,0.018990251672199136,20,1000.0,0.004246349364886632
SAbDab_Chen,developability,random,biophys,mlp,200,0.7365732485168548,0.02708674424040705,20,200.0,0.006056780141070107
SAbDab_Chen,developability,random,biophys,mlp,25,0.621494033126436,0.06665835181309061,20,25.0,0.014905260592216696
SAbDab_Chen,developability,random,biophys,mlp,50,0.663957426014197,0.050839046776134524,20,50.0,0.011367956450272831
SAbDab_Chen,developability,random,biophys,mlp,500,0.7822018277836837,0.020476948071613335,20,500.0,0.004578784785986065
SAbDab_Chen,developability,random,biophys,mlp,all,0.853379942388807,0.016118322449820883,20,1806.0,0.0036041664681060437
SAbDab_Chen,developability,random,cheap,gbm,100,0.6926528582696067,0.027970029245834225,20,100.0,0.00625428867263425
SAbDab_Chen,developability,random,cheap,gbm,1000,0.861937605020404,0.016237292300191462,20,1000.0,0.003630768935376203
SAbDab_Chen,developability,random,cheap,gbm,200,0.7589455951441995,0.018850244709407892,20,200.0,0.004215042856274181
SAbDab_Chen,developability,random,cheap,gbm,25,0.603158327903707,0.07506112440910961,20,25.0,0.016784177664633783
SAbDab_Chen,developability,random,cheap,gbm,50,0.6406909056616714,0.0601772843809302,20,50.0,0.013456049857709627
SAbDab_Chen,developability,random,cheap,gbm,500,0.8227971434450122,0.02373057745992116,20,500.0,0.0053063184345708
SAbDab_Chen,developability,random,cheap,gbm,all,0.8910882685778951,0.012703084828310675,20,1806.0,0.0028404961200048915
SAbDab_Chen,developability,random,cheap,linear,100,0.6950906176057063,0.036573462227745816,20,100.0,0.008178074771376054
SAbDab_Chen,developability,random,cheap,linear,1000,0.8289251911800006,0.02052944553325203,20,1000.0,0.004590523575273096
SAbDab_Chen,developability,random,cheap,linear,200,0.7518479304550598,0.02246030028556564,20,200.0,0.005022275823358271
SAbDab_Chen,developability,random,cheap,linear,25,0.6191098556290937,0.0671871610581004,20,25.0,0.015023505934113918
SAbDab_Chen,developability,random,cheap,linear,50,0.6669717259353246,0.05566959715056875,20,50.0,0.012448100350870033
SAbDab_Chen,developability,random,cheap,linear,500,0.8082468879668049,0.021601342056158174,20,500.0,0.004830206924279476
SAbDab_Chen,developability,random,cheap,linear,all,0.8416545214498818,0.015783798737918645,20,1806.0,0.0035293646921161475
SAbDab_Chen,developability,random,cheap,mlp,100,0.7088761530811701,0.028101728878169654,20,100.0,0.006283737605685625
SAbDab_Chen,developability,random,cheap,mlp,1000,0.8397461506807037,0.025097456285397446,20,1000.0,0.005611961831647805
SAbDab_Chen,developability,random,cheap,mlp,200,0.7630726826926375,0.025121921087083145,20,200.0,0.005617432327610332
SAbDab_Chen,developability,random,cheap,mlp,25,0.6080891430335036,0.07560362787191938,20,25.0,0.016905485126720948
SAbDab_Chen,developability,random,cheap,mlp,50,0.666900569253455,0.05497726935869511,20,50.0,0.012293291150335853
SAbDab_Chen,developability,random,cheap,mlp,500,0.8145472548952368,0.026826282880522162,20,500.0,0.005998539210448642
SAbDab_Chen,developability,random,cheap,mlp,all,0.8688363739240768,0.014545564972355254,20,1806.0,0.0032524872049326196
SAbDab_Chen,developability,random,esm2,gbm,100,0.6916090840506156,0.031168799558552403,20,100.0,0.00696955545899886
SAbDab_Chen,developability,random,esm2,gbm,1000,0.8583591955008402,0.014307567963156208,20,1000.0,0.0031992694558315485
SAbDab_Chen,developability,random,esm2,gbm,200,0.7535599773670313,0.02439722162364844,20,200.0,0.00545538460126057
SAbDab_Chen,developability,random,esm2,gbm,25,0.5724880833990603,0.07225003261506398,20,25.0,0.016155598430385994
SAbDab_Chen,developability,random,esm2,gbm,50,0.6294580089846027,0.0439414321934153,20,50.0,0.00982560294131743
SAbDab_Chen,developability,random,esm2,gbm,500,0.8218798223654881,0.01876267784795581,20,500.0,0.004195462310795865
SAbDab_Chen,developability,random,esm2,gbm,all,0.8917265354411714,0.011561536273943445,20,1806.0,0.0025852381032867174
SAbDab_Chen,developability,random,esm2,linear,100,0.6750518672199171,0.04399933571023475,20,100.0,0.009838550561291888
SAbDab_Chen,developability,random,esm2,linear,1000,0.8417076746339289,0.021120238261337892,20,1000.0,0.004722628845334349
SAbDab_Chen,developability,random,esm2,linear,200,0.7391683241315457,0.027265126213317187,20,200.0,0.006096667562808866
SAbDab_Chen,developability,random,esm2,linear,25,0.6019276602311306,0.07211313060885596,20,25.0,0.01612498621117227
SAbDab_Chen,developability,random,esm2,linear,50,0.6322129728061452,0.05156595789766271,20,50.0,0.011530498718406597
SAbDab_Chen,developability,random,esm2,linear,500,0.8060744658962313,0.01865590373471742,20,500.0,0.004171586893252035
SAbDab_Chen,developability,random,esm2,linear,all,0.8751041630945441,0.01809786529267837,20,1806.0,0.004046805704206295
SAbDab_Chen,developability,random,esm2,mlp,100,0.6973170501697473,0.031045801754405154,20,100.0,0.006942052313883215
SAbDab_Chen,developability,random,esm2,mlp,1000,0.8516876135934982,0.021267252270411263,20,1000.0,0.004755502177127632
SAbDab_Chen,developability,random,esm2,mlp,200,0.757552467336511,0.02394476647853103,20,200.0,0.005354212555135364
SAbDab_Chen,developability,random,esm2,mlp,25,0.5999652789684853,0.06674118055741404,20,25.0,0.01492378166249651
SAbDab_Chen,developability,random,esm2,mlp,50,0.6465193237543294,0.05235468371358058,20,50.0,0.011706863172406731
SAbDab_Chen,developability,random,esm2,mlp,500,0.819282174822537,0.017736230718470043,20,500.0,0.003965941755111895
SAbDab_Chen,developability,random,esm2,mlp,all,0.8725468090943383,0.018018589011768053,20,1806.0,0.004029078988894413
SAbDab_Chen,developability,random,esm2+cheap,gbm,100,0.7005894002263297,0.030678656845423723,20,100.0,0.00685995621647567
SAbDab_Chen,developability,random,esm2+cheap,gbm,1000,0.8633744556085183,0.01466749793517437,20,1000.0,0.0032797522442887693
SAbDab_Chen,developability,random,esm2+cheap,gbm,200,0.7651589451664895,0.021355718779463944,20,200.0,0.004775283889925022
SAbDab_Chen,developability,random,esm2+cheap,gbm,25,0.5795818901958094,0.0804855380545662,20,25.0,0.017997113429565618
SAbDab_Chen,developability,random,esm2+cheap,gbm,50,0.6375861595967216,0.04939240745834944,20,50.0,0.011044478064923697
SAbDab_Chen,developability,random,esm2+cheap,gbm,500,0.827914423373684,0.01945734874363489,20,500.0,0.004350795445268773
SAbDab_Chen,developability,random,esm2+cheap,gbm,all,0.8943353280065841,0.011699717665582993,20,1806.0,0.002616136401779872
SAbDab_Chen,developability,random,esm2+cheap,linear,100,0.6784330955728543,0.04608229568543649,20,100.0,0.010304314571188125
SAbDab_Chen,developability,random,esm2+cheap,linear,1000,0.8446233839717431,0.021951879354194213,20,1000.0,0.004908589446985244
SAbDab_Chen,developability,random,esm2+cheap,linear,200,0.742796457597476,0.02588918548732977,20,200.0,0.005788997863177038
SAbDab_Chen,developability,random,esm2+cheap,linear,25,0.6015735914406227,0.0699828865430032,20,25.0,0.015648649157181043
SAbDab_Chen,developability,random,esm2+cheap,linear,50,0.636264617125613,0.052397072774526134,20,50.0,0.011716341654584394
SAbDab_Chen,developability,random,esm2+cheap,linear,500,0.8105196152395322,0.01830578508863486,20,500.0,0.004093297983968956
SAbDab_Chen,developability,random,esm2+cheap,linear,all,0.8797499228421521,0.017453867134438937,20,1806.0,0.0039028033382854923
SAbDab_Chen,developability,random,esm2+cheap,mlp,100,0.6966243441582936,0.028332073573816646,20,100.0,0.0063352442454579425
SAbDab_Chen,developability,random,esm2+cheap,mlp,1000,0.8528758444497789,0.019893009486830895,20,1000.0,0.004448212148960209
SAbDab_Chen,developability,random,esm2+cheap,mlp,200,0.7595671444737835,0.022245529450546326,20,200.0,0.004974251604689513
SAbDab_Chen,developability,random,esm2+cheap,mlp,25,0.5991439765440143,0.0683301947934399,20,25.0,0.01527909604739338
SAbDab_Chen,developability,random,esm2+cheap,mlp,50,0.6491774116113989,0.0487042289776851,20,50.0,0.010890596678581896
SAbDab_Chen,developability,random,esm2+cheap,mlp,500,0.8244869003120607,0.01944187331322335,20,500.0,0.0043473350338306465
SAbDab_Chen,developability,random,esm2+cheap,mlp,all,0.8688663797537808,0.01933610365337125,20,1806.0,0.004323684218892014
SAbDab_Chen,developability,random,random,gbm,100,0.4972909022324338,0.021238969691794663,20,100.0,0.004749178000291062
SAbDab_Chen,developability,random,random,gbm,1000,0.4810500325777579,0.026511032867798694,20,1000.0,0.005928047164612907
SAbDab_Chen,developability,random,random,gbm,200,0.49558485648640305,0.0281536992331648,20,200.0,0.00629535853034402
SAbDab_Chen,developability,random,random,gbm,25,0.5118278694146292,0.031046426119687717,20,25.0,0.006942191926204675
SAbDab_Chen,developability,random,random,gbm,50,0.4944844998456843,0.022446772074704278,20,50.0,0.005019250823448275
SAbDab_Chen,developability,random,random,gbm,500,0.49164123315386987,0.03322560889909739,20,500.0,0.007429472009220371
SAbDab_Chen,developability,random,random,gbm,all,0.48305527931140907,0.020959306658028126,20,1806.0,0.004686643444861483
SAbDab_Chen,developability,random,random,linear,100,0.48509396111244474,0.024327401108490306,20,100.0,0.005439772259448806
SAbDab_Chen,developability,random,random,linear,1000,0.486257329995542,0.027365568589314174,20,1000.0,0.006119127160863952
SAbDab_Chen,developability,random,random,linear,200,0.48832001646034084,0.02627365181052778,20,200.0,0.005874967146550053
SAbDab_Chen,developability,random,random,linear,25,0.4982665203525256,0.026796150671714605,20,25.0,0.0059918014437280506
SAbDab_Chen,developability,random,random,linear,50,0.4926520009601866,0.02721379854305004,20,50.0,0.006085190346824462
SAbDab_Chen,developability,random,random,linear,500,0.479711772572957,0.03392759708796725,20,500.0,0.007586441340191868
SAbDab_Chen,developability,random,random,linear,all,0.48346164397654406,0.020701420864880665,20,1806.0,0.004628978428470565
SAbDab_Chen,developability,random,random,mlp,100,0.4878973629162237,0.028457694957280507,20,100.0,0.006363334040743219
SAbDab_Chen,developability,random,random,mlp,1000,0.48152583930592224,0.01983776401051442,20,1000.0,0.004435858884910909
SAbDab_Chen,developability,random,random,mlp,200,0.4879196529611468,0.025890191951809118,20,200.0,0.005789222915476315
SAbDab_Chen,developability,random,random,mlp,25,0.49587719899866267,0.02113265311661107,20,25.0,0.0047254048913665135
SAbDab_Chen,developability,random,random,mlp,50,0.4879145091046261,0.02550807937929056,20,50.0,0.005703779946755433
SAbDab_Chen,developability,random,random,mlp,500,0.48557576900654986,0.03278811084336913,20,500.0,0.007331644469957132
SAbDab_Chen,developability,random,random,mlp,all,0.48204794074277285,0.021042252088460087,20,1806.0,0.004705190606948367
TAP,CDR_Length,cluster,aac,gbm,100,0.951573653594713,0.02188833715069533,20,100.0,0.004894380978338881
TAP,CDR_Length,cluster,aac,gbm,150,0.9686265329232624,0.014110571354059735,20,150.0,0.003155219674903882
TAP,CDR_Length,cluster,aac,gbm,25,0.7423832855005507,0.13270097768730843,20,25.0,0.029672840678950447
TAP,CDR_Length,cluster,aac,gbm,50,0.8853007512472069,0.03617892142116057,20,50.0,0.008089852765033833
TAP,CDR_Length,cluster,aac,gbm,all,0.9730705801652366,0.010925045148275003,20,180.1,0.0024429143608797176
TAP,CDR_Length,cluster,aac,linear,100,0.9791546554948539,0.03585336591219623,20,100.0,0.008017056340184453
TAP,CDR_Length,cluster,aac,linear,150,0.9938552236282403,0.0020234409130983127,20,150.0,0.0004524551430142072
TAP,CDR_Length,cluster,aac,linear,25,0.8421001009315413,0.061183683224860244,20,25.0,0.013681087480460105
TAP,CDR_Length,cluster,aac,linear,50,0.9546830096146545,0.05495100534241233,20,50.0,0.012287418337758808
TAP,CDR_Length,cluster,aac,linear,all,0.993889334032068,0.0018524515255838397,20,180.1,0.0004142207536228656
TAP,CDR_Length,cluster,aac,mlp,100,0.2896107408568093,0.17383822241732944,20,100.0,0.03887140824128764
TAP,CDR_Length,cluster,aac,mlp,150,0.323736143226102,0.17033122091370678,20,150.0,0.03808721886535822
TAP,CDR_Length,cluster,aac,mlp,25,0.12248749075423507,0.13555821449853844,20,25.0,0.03031173825272295
TAP,CDR_Length,cluster,aac,mlp,50,0.22700680244421645,0.1299401828718719,20,50.0,0.02905550819102594
TAP,CDR_Length,cluster,aac,mlp,all,0.32721519160424545,0.16775565731507214,20,180.1,0.03751130533666611
TAP,CDR_Length,cluster,biophys,gbm,100,0.8329472123763523,0.04702708179353727,20,100.0,0.010515575167379205
TAP,CDR_Length,cluster,biophys,gbm,150,0.8671396022839648,0.038573869027709366,20,150.0,0.008625379330113186
TAP,CDR_Length,cluster,biophys,gbm,25,0.5733463557060479,0.12915077113083895,20,25.0,0.028878990359507327
TAP,CDR_Length,cluster,biophys,gbm,50,0.709614862842959,0.06832397013951169,20,50.0,0.015277704172461392
TAP,CDR_Length,cluster,biophys,gbm,all,0.8850514127601384,0.025995238176930193,20,180.1,0.005812711965491361
TAP,CDR_Length,cluster,biophys,linear,100,0.9208706521647881,0.025434134110788677,20,100.0,0.005687245282056965
TAP,CDR_Length,cluster,biophys,linear,150,0.9286232848675876,0.019230681348267338,20,150.0,0.004300111074836307
TAP,CDR_Length,cluster,biophys,linear,25,0.742919877376764,0.11884989008938275,20,25.0,0.026575643335823837
TAP,CDR_Length,cluster,biophys,linear,50,0.8784433756643832,0.04361018920604925,20,50.0,0.00975153475763537
TAP,CDR_Length,cluster,biophys,linear,all,0.9290778038659804,0.015710230508643137,20,180.1,0.003512914335951715
TAP,CDR_Length,cluster,biophys,mlp,100,0.2862328446312573,0.12105984524599417,20,100.0,0.02706980433156477
TAP,CDR_Length,cluster,biophys,mlp,150,0.328675255641868,0.09781982970022615,20,150.0,0.021873178875715854
TAP,CDR_Length,cluster,biophys,mlp,25,0.16801289317878454,0.1409646740684599,20,25.0,0.03152065936431781
TAP,CDR_Length,cluster,biophys,mlp,50,0.23524448200325523,0.14942715388861605,20,50.0,0.03341292737792675
TAP,CDR_Length,cluster,biophys,mlp,all,0.3418837646736038,0.12135117074067656,20,180.1,0.027134946692533628
TAP,CDR_Length,cluster,cheap,gbm,100,0.9410072106293166,0.029225255854959872,20,100.0,0.0065349658751514
TAP,CDR_Length,cluster,cheap,gbm,150,0.9663274367176852,0.019086735645418112,20,150.0,0.004267923837172322
TAP,CDR_Length,cluster,cheap,gbm,25,0.7332974944297205,0.13889441589503343,20,25.0,0.031057735563642202
TAP,CDR_Length,cluster,cheap,gbm,50,0.856694443473604,0.0547204032176847,20,50.0,0.01223585413509412
TAP,CDR_Length,cluster,cheap,gbm,all,0.9701071250677902,0.012940695543072665,20,180.1,0.0028936274910439036
TAP,CDR_Length,cluster,cheap,linear,100,0.992961729432901,0.002809166781024859,20,100.0,0.0006281487882505851
TAP,CDR_Length,cluster,cheap,linear,150,0.9942139442097842,0.0015188709277004536,20,150.0,0.00033962986433863824
TAP,CDR_Length,cluster,cheap,linear,25,0.8302965564570286,0.06259469085237028,20,25.0,0.013996598377648418
TAP,CDR_Length,cluster,cheap,linear,50,0.9153236568273257,0.060824336488418625,20,50.0,0.013600735107442488
TAP,CDR_Length,cluster,cheap,linear,all,0.9940882723350644,0.0015474545294153067,20,180.1,0.0003460213519862574
TAP,CDR_Length,cluster,cheap,mlp,100,0.2494238177592052,0.1593866171005467,20,100.0,0.03563993105405528
TAP,CDR_Length,cluster,cheap,mlp,150,0.3209349922220191,0.12254240596312795,20,150.0,0.027401314985992967
TAP,CDR_Length,cluster,cheap,mlp,25,0.11179058478861152,0.14232346935864848,20,25.0,0.031824495227954636
TAP,CDR_Length,cluster,cheap,mlp,50,0.2091015227292164,0.15493136590873943,20,50.0,0.034643706601883484
TAP,CDR_Length,cluster,cheap,mlp,all,0.3396358086076087,0.1166125385332606,20,180.1,0.02607535631891843
TAP,CDR_Length,cluster,esm2,gbm,100,0.7659568639141899,0.07108942778144081,20,100.0,0.01589607930008637
TAP,CDR_Length,cluster,esm2,gbm,150,0.8066001123620392,0.05078177316765508,20,150.0,0.011355149682085158
TAP,CDR_Length,cluster,esm2,gbm,25,0.400279097989279,0.141018030518068,20,25.0,0.031532590229153994
TAP,CDR_Length,cluster,esm2,gbm,50,0.6239828666694354,0.10922974681970316,20,50.0,0.02442451390539477
TAP,CDR_Length,cluster,esm2,gbm,all,0.8124119390441245,0.03784262730788956,20,180.1,0.008461868710763092
TAP,CDR_Length,cluster,esm2,linear,100,0.9391195079092703,0.018296563257668798,20,100.0,0.004091235919877243
TAP,CDR_Length,cluster,esm2,linear,150,0.9627519631875288,0.011978483404518882,20,150.0,0.002678470315985733
TAP,CDR_Length,cluster,esm2,linear,25,0.6950037119216375,0.15072525040681453,20,25.0,0.03370319058353151
TAP,CDR_Length,cluster,esm2,linear,50,0.861207143242526,0.046328716116400485,20,50.0,0.010359415854656153
TAP,CDR_Length,cluster,esm2,linear,all,0.9676266994297341,0.007817310661843789,20,180.1,0.0017480038041116583
TAP,CDR_Length,cluster,esm2,mlp,100,0.19630142161739136,0.14488489249465794,20,100.0,0.03239724685308042
TAP,CDR_Length,cluster,esm2,mlp,150,0.22576026318433087,0.10851224480703295,20,150.0,0.02426407557796242
TAP,CDR_Length,cluster,esm2,mlp,25,0.007844204716624007,0.1769239188526256,20,25.0,0.03956139094001274
TAP,CDR_Length,cluster,esm2,mlp,50,0.05064757316053461,0.17091373813505928,20,50.0,0.038217473675859065
TAP,CDR_Length,cluster,esm2,mlp,all,0.27419977426754194,0.09923110615524802,20,180.1,0.022188749884563236
TAP,CDR_Length,cluster,esm2+cheap,gbm,100,0.9111064837760795,0.041383075918527336,20,100.0,0.009253537087186167
TAP,CDR_Length,cluster,esm2+cheap,gbm,150,0.9457534894227051,0.01876443048930674,20,150.0,0.004195854213315951
TAP,CDR_Length,cluster,esm2+cheap,gbm,25,0.47618509573063295,0.16847221918672908,20,25.0,0.03767153344217705
TAP,CDR_Length,cluster,esm2+cheap,gbm,50,0.7761406899857222,0.08110254732049725,20,50.0,0.018135080895702527
TAP,CDR_Length,cluster,esm2+cheap,gbm,all,0.9535440440623398,0.017927753293598702,20,180.1,0.0040087675048332445
TAP,CDR_Length,cluster,esm2+cheap,linear,100,0.9484111600274965,0.014814624136996635,20,100.0,0.003312650663143363
TAP,CDR_Length,cluster,esm2+cheap,linear,150,0.9679669278569556,0.011042235420902042,20,150.0,0.0024691189024692965
TAP,CDR_Length,cluster,esm2+cheap,linear,25,0.740970214654318,0.07913504238641947,20,25.0,0.01769513341783611
TAP,CDR_Length,cluster,esm2+cheap,linear,50,0.8793799501224484,0.03848213985318964,20,50.0,0.008604868063138581
TAP,CDR_Length,cluster,esm2+cheap,linear,all,0.9729342816747162,0.006626806585571077,20,180.1,0.0014817989999080204
TAP,CDR_Length,cluster,esm2+cheap,mlp,100,0.2080072218870969,0.1381202709280517,20,100.0,0.030884631486581157
TAP,CDR_Length,cluster,esm2+cheap,mlp,150,0.25874979889405336,0.11355300646772129,20,150.0,0.025391224151129807
TAP,CDR_Length,cluster,esm2+cheap,mlp,25,-0.003597026886494151,0.17107146469105322,20,25.0,0.038252742405965004
TAP,CDR_Length,cluster,esm2+cheap,mlp,50,0.05616075720007618,0.1730094118098267,20,50.0,0.03868608055540274
TAP,CDR_Length,cluster,esm2+cheap,mlp,all,0.2951053780324678,0.11005849510702874,20,180.1,0.024609827656064426
TAP,CDR_Length,cluster,random,gbm,100,-0.017355895030576735,0.11878067846015627,20,100.0,0.026560167145045447
TAP,CDR_Length,cluster,random,gbm,150,-0.002062457179935441,0.1112776181806324,20,150.0,0.02488243186261605
TAP,CDR_Length,cluster,random,gbm,25,0.027930331429175708,0.14573993913136357,20,25.0,0.032588441093441056
TAP,CDR_Length,cluster,random,gbm,50,-0.016316596375039166,0.13607016005960776,20,50.0,0.030426212760255977
TAP,CDR_Length,cluster,random,gbm,all,0.007604386285097216,0.1049755742607225,20,180.1,0.023473252002405274
TAP,CDR_Length,cluster,random,linear,100,-0.02572585062858656,0.12172453029407002,20,100.0,0.027218432426677302
TAP,CDR_Length,cluster,random,linear,150,-0.028231191712159858,0.08128541414901037,20,150.0,0.01817597116164104
TAP,CDR_Length,cluster,random,linear,25,0.007397255166672214,0.133605233685725,20,25.0,0.029875038467102585
TAP,CDR_Length,cluster,random,linear,50,0.013318010585681637,0.15001577485318482,20,50.0,0.033544547026902474
TAP,CDR_Length,cluster,random,linear,all,-0.010690556195413502,0.09670565449131928,20,180.1,0.021624041725119773
TAP,CDR_Length,cluster,random,mlp,100,0.00829371309619557,0.09940465647050858,20,100.0,0.02222755691480715
TAP,CDR_Length,cluster,random,mlp,150,-0.004778490411753196,0.10859155397469168,20,150.0,0.024281809646974805
TAP,CDR_Length,cluster,random,mlp,25,-0.017958486501348934,0.13163302485493075,20,25.0,0.029434039165954454
TAP,CDR_Length,cluster,random,mlp,50,0.03308070497250266,0.12078853757260774,20,50.0,0.027009138091513833
TAP,CDR_Length,cluster,random,mlp,all,-0.0001304375818794383,0.08444770980660285,20,180.1,0.01888308196717396
TAP,CDR_Length,random,aac,gbm,100,0.9529705120338031,0.01644504659705745,20,100.0,0.003677224208417205
TAP,CDR_Length,random,aac,gbm,150,0.9758430130201153,0.00958925805028031,20,150.0,0.002144223285421387
TAP,CDR_Length,random,aac,gbm,25,0.7265446581021455,0.13074813144249187,20,25.0,0.029236170983648942
TAP,CDR_Length,random,aac,gbm,50,0.8911893445394415,0.025257717175364545,20,50.0,0.00564779725605791
TAP,CDR_Length,random,aac,gbm,all,0.978394787259322,0.008587095150981494,20,180.0,0.001920132848685344
TAP,CDR_Length,random,aac,linear,100,0.9830553129148386,0.028480918256608354,20,100.0,0.006368526928339107
TAP,CDR_Length,random,aac,linear,150,0.9928525919003285,0.005898009927443907,20,150.0,0.001318835112973318
TAP,CDR_Length,random,aac,linear,25,0.8224881964164836,0.06830815231907547,20,25.0,0.015274167200286265
TAP,CDR_Length,random,aac,linear,50,0.967408876793017,0.03537174230258358,20,50.0,0.007909362027118182
TAP,CDR_Length,random,aac,linear,all,0.9944201700257393,0.0014081945114004435,20,180.0,0.0003148818653033494
TAP,CDR_Length,random,aac,mlp,100,0.28015583870567895,0.1530004978482096,20,100.0,0.03421195137799069
TAP,CDR_Length,random,aac,mlp,150,0.3574470563497628,0.11678959577889475,20,150.0,0.026114947522633113
TAP,CDR_Length,random,aac,mlp,25,0.20110790574161222,0.14106800010653367,20,25.0,0.03154376376881569
TAP,CDR_Length,random,aac,mlp,50,0.24726645157136135,0.14239593985893761,20,50.0,0.03184070012445563
TAP,CDR_Length,random,aac,mlp,all,0.37163922971608115,0.11963389625382424,20,180.0,0.026750952443670845
TAP,CDR_Length,random,biophys,gbm,100,0.8549366264764077,0.024717633336588354,20,100.0,0.00552703083835265
TAP,CDR_Length,random,biophys,gbm,150,0.8871611384440593,0.03146387444414877,20,150.0,0.007035536209263505
TAP,CDR_Length,random,biophys,gbm,25,0.5372932134769088,0.14161527679210847,20,25.0,0.03166613855596029
TAP,CDR_Length,random,biophys,gbm,50,0.6961506452733155,0.1168700064086012,20,50.0,0.026132927886046833
TAP,CDR_Length,random,biophys,gbm,all,0.9083476160161981,0.022613932435608938,20,180.0,0.005056629016460897
TAP,CDR_Length,random,biophys,linear,100,0.9222088627630256,0.01931578637735336,20,100.0,0.004319141137862651
TAP,CDR_Length,random,biophys,linear,150,0.9279104538493327,0.015350515806670174,20,150.0,0.0034324796833399528
TAP,CDR_Length,random,biophys,linear,25,0.7789208588603478,0.10917614919218092,20,25.0,0.024412529111537528
TAP,CDR_Length,random,biophys,linear,50,0.8905407125254399,0.03526075150048485,20,50.0,0.007884543729281183
TAP,CDR_Length,random,biophys,linear,all,0.9302441792240325,0.017365717181051496,20,180.0,0.0038830924094867166
TAP,CDR_Length,random,biophys,mlp,100,0.29091616530365993,0.15542601260708166,20,100.0,0.03475431296611739
TAP,CDR_Length,random,biophys,mlp,150,0.32342773822148,0.12149593202580791,20,150.0,0.02716731629994002
TAP,CDR_Length,random,biophys,mlp,25,0.16226218821727895,0.15705573420945043,20,25.0,0.03511872979484704
TAP,CDR_Length,random,biophys,mlp,50,0.1954457645457768,0.13120049443648463,20,50.0,0.029337322424156258
TAP,CDR_Length,random,biophys,mlp,all,0.32442038565244113,0.1249229659591923,20,180.0,0.02793362438356462
TAP,CDR_Length,random,cheap,gbm,100,0.9499516323028478,0.017010439763214293,20,100.0,0.003803649963771258
TAP,CDR_Length,random,cheap,gbm,150,0.9753227086968213,0.0075960384645367,20,150.0,0.0016985258366407187
TAP,CDR_Length,random,cheap,gbm,25,0.7434777300707143,0.10051359273616302,20,25.0,0.022475522602078957
TAP,CDR_Length,random,cheap,gbm,50,0.8790324617569457,0.035231412641032016,20,50.0,0.007877983360869298
TAP,CDR_Length,random,cheap,gbm,all,0.9776112781042446,0.007558757908029693,20,180.0,0.0016901896507818498
TAP,CDR_Length,random,cheap,linear,100,0.9778336364255775,0.03415738531158418,20,100.0,0.007637823549035506
TAP,CDR_Length,random,cheap,linear,150,0.9932888994282607,0.006314734149000618,20,150.0,0.0014120174817004666
TAP,CDR_Length,random,cheap,linear,25,0.7909129379135034,0.06208918686165875,20,25.0,0.013883564249035578
TAP,CDR_Length,random,cheap,linear,50,0.9321193947549963,0.046623525630353074,20,50.0,0.01042533726601732
TAP,CDR_Length,random,cheap,linear,all,0.9945994863418737,0.001356651260082985,20,180.0,0.0003033564439306301
TAP,CDR_Length,random,cheap,mlp,100,0.2813869472367892,0.21075885456980015,20,100.0,0.04712711256780653
TAP,CDR_Length,random,cheap,mlp,150,0.3161236405796072,0.14415389673294532,20,150.0,0.032233791231635056
TAP,CDR_Length,random,cheap,mlp,25,0.18930188456972824,0.19159989024787688,20,25.0,0.04284303790757517
TAP,CDR_Length,random,cheap,mlp,50,0.2224586536798569,0.19758943171958313,20,50.0,0.0441823400960541
TAP,CDR_Length,random,cheap,mlp,all,0.3310678347616257,0.15833212345887487,20,180.0,0.03540413910759333
TAP,CDR_Length,random,esm2,gbm,100,0.7531022004230634,0.06277274138616525,20,100.0,0.014036411687347986
TAP,CDR_Length,random,esm2,gbm,150,0.8015734497069475,0.04242987286004544,20,150.0,0.009487607999173501
TAP,CDR_Length,random,esm2,gbm,25,0.46178212388335826,0.12948288944071465,20,25.0,0.028953254271252768
TAP,CDR_Length,random,esm2,gbm,50,0.6498587794717389,0.10738694737957778,20,50.0,0.024012451423692883
TAP,CDR_Length,random,esm2,gbm,all,0.8032736929834364,0.04040439100423894,20,180.0,0.009034696487495926
TAP,CDR_Length,random,esm2,linear,100,0.9408617265024242,0.014786617749703749,20,100.0,0.003306388244564255
TAP,CDR_Length,random,esm2,linear,150,0.9631363600896485,0.008740042092885222,20,150.0,0.0019543328245900885
TAP,CDR_Length,random,esm2,linear,25,0.7436991370361989,0.0928428263557511,20,25.0,0.020760287095466852
TAP,CDR_Length,random,esm2,linear,50,0.8783604770720064,0.02223165097929359,20,50.0,0.004971148284175024
TAP,CDR_Length,random,esm2,linear,all,0.9691750529488271,0.008191030892430074,20,180.0,0.0018315701881274414
TAP,CDR_Length,random,esm2,mlp,100,0.22145766506619058,0.1335241936666169,20,100.0,0.02985691736794023
TAP,CDR_Length,random,esm2,mlp,150,0.28903406575249624,0.1418632409694369,20,150.0,0.031721585031609406
TAP,CDR_Length,random,esm2,mlp,25,0.11245115344129326,0.15214517140397263,20,25.0,0.03402069457076399
TAP,CDR_Length,random,esm2,mlp,50,0.1633900739648108,0.16009697918075996,20,50.0,0.035798772844054784
TAP,CDR_Length,random,esm2,mlp,all,0.2993425893295299,0.14579036361604092,20,180.0,0.032599716350987955
TAP,CDR_Length,random,esm2+cheap,gbm,100,0.9102178697227282,0.03415962365921709,20,100.0,0.0076383240587819526
TAP,CDR_Length,random,esm2+cheap,gbm,150,0.9507722659126457,0.015755972584408123,20,150.0,0.00352314257503596
TAP,CDR_Length,random,esm2+cheap,gbm,25,0.5073189336842246,0.12178183115932609,20,25.0,0.027231245289665515
TAP,CDR_Length,random,esm2+cheap,gbm,50,0.8045153732849272,0.07922080469969643,20,50.0,0.017714310454075604
TAP,CDR_Length,random,esm2+cheap,gbm,all,0.9588952670097898,0.013001456834221574,20,180.0,0.002907214128784865
TAP,CDR_Length,random,esm2+cheap,linear,100,0.9478031947033033,0.014105816888654232,20,100.0,0.0031541565441195445
TAP,CDR_Length,random,esm2+cheap,linear,150,0.9680614122443607,0.007792187967173479,20,150.0,0.00174238619880558
TAP,CDR_Length,random,esm2+cheap,linear,25,0.7667150669799702,0.08474178548739508,20,25.0,0.018948839288452056
TAP,CDR_Length,random,esm2+cheap,linear,50,0.8905855368972679,0.021624207302122788,20,50.0,0.004835319748709388
TAP,CDR_Length,random,esm2+cheap,linear,all,0.9736705630844747,0.006904881055085089,20,180.0,0.0015439783415720728
TAP,CDR_Length,random,esm2+cheap,mlp,100,0.22531672966614386,0.15178331179247123,20,100.0,0.03393978030180111
TAP,CDR_Length,random,esm2+cheap,mlp,150,0.29678632496462315,0.15394416665811345,20,150.0,0.03442296213870983
TAP,CDR_Length,random,esm2+cheap,mlp,25,0.09870713403796849,0.177673791513351,20,25.0,0.039729067564397806
TAP,CDR_Length,random,esm2+cheap,mlp,50,0.13596334575026175,0.16550863091525822,20,50.0,0.03700885495894406
TAP,CDR_Length,random,esm2+cheap,mlp,all,0.30208527411633085,0.14606420290080913,20,180.0,0.032660948676553114
TAP,CDR_Length,random,random,gbm,100,-0.015501257088829806,0.10415546476993451,20,100.0,0.023289869945365804
TAP,CDR_Length,random,random,gbm,150,-0.018710162901533177,0.13808108281399098,20,150.0,0.030875868757886178
TAP,CDR_Length,random,random,gbm,25,0.007152708426835075,0.12372643965197065,20,25.0,0.02766607296758318
TAP,CDR_Length,random,random,gbm,50,0.04347535361742228,0.14377740733122554,20,50.0,0.032149605642129694
TAP,CDR_Length,random,random,gbm,all,-0.04218894076915769,0.1345760847504061,20,180.0,0.030092127364768087
TAP,CDR_Length,random,random,linear,100,0.017645751029565265,0.10402629180593295,20,100.0,0.023260985992529543
TAP,CDR_Length,random,random,linear,150,0.0002641752833151094,0.11042049057824947,20,150.0,0.024690772304184087
TAP,CDR_Length,random,random,linear,25,0.010596160074285006,0.13746088798008366,20,25.0,0.03073718897709508
TAP,CDR_Length,random,random,linear,50,0.0431865004423715,0.0746943155001634,20,50.0,0.016702156699118155
TAP,CDR_Length,random,random,linear,all,0.0037102135712801672,0.11356046152846284,20,180.0,0.025392891153389257
TAP,CDR_Length,random,random,mlp,100,-0.002399625055464499,0.15988480388606663,20,100.0,0.03575132900584675
TAP,CDR_Length,random,random,mlp,150,-0.0030228722208925237,0.14247003360310842,20,150.0,0.03185726798932297
TAP,CDR_Length,random,random,mlp,25,-0.01399139992227629,0.14167861443724009,20,25.0,0.03168030128396519
TAP,CDR_Length,random,random,mlp,50,-0.014456477358408664,0.1527762427245285,20,50.0,0.03416180640790534
TAP,CDR_Length,random,random,mlp,all,0.016853823442801653,0.15134448211092952,20,180.0,0.03384165500195393
TAP,PNC,cluster,aac,gbm,100,0.4112821973622142,0.10775659916846551,20,100.0,0.024095108076488618
TAP,PNC,cluster,aac,gbm,150,0.47063848822041,0.11812385325408091,20,150.0,0.026413296564033465
TAP,PNC,cluster,aac,gbm,25,0.15964029839258223,0.14312171687646333,20,25.0,0.032002988799225085
TAP,PNC,cluster,aac,gbm,50,0.31665488788894103,0.15873292172924375,20,50.0,0.03549376032537425
TAP,PNC,cluster,aac,gbm,all,0.5146027855755282,0.09119650244399842,20,180.1,0.020392157877500615
TAP,PNC,cluster,aac,linear,100,0.43696780374490113,0.11875193140067061,20,100.0,0.02655373910712913
TAP,PNC,cluster,aac,linear,150,0.5084205524691707,0.10352500859352141,20,150.0,0.023148895658636377
TAP,PNC,cluster,aac,linear,25,0.2434682103357136,0.11622074086912365,20,25.0,0.025987747697874847
TAP,PNC,cluster,aac,linear,50,0.3467842107069309,0.11548155366947624,20,50.0,0.025822460415223913
TAP,PNC,cluster,aac,linear,all,0.5385080685323743,0.09723466526782319,20,180.1,0.021742332130829045
TAP,PNC,cluster,aac,mlp,100,0.25017981274769757,0.16310479954764998,20,100.0,0.03647134192450223
TAP,PNC,cluster,aac,mlp,150,0.31676625649382345,0.14685234905651653,20,150.0,0.03283718351458981
TAP,PNC,cluster,aac,mlp,25,0.035746446012701355,0.1721737567139643,20,25.0,0.038499222395393495
TAP,PNC,cluster,aac,mlp,50,0.15508871518364792,0.13705421171187718,20,50.0,0.030646253399040518
TAP,PNC,cluster,aac,mlp,all,0.35764561997390165,0.12620379510484514,20,180.1,0.028220026487288892
TAP,PNC,cluster,biophys,gbm,100,0.2992843155900412,0.10775039709014268,20,100.0,0.024093721249615455
TAP,PNC,cluster,biophys,gbm,150,0.352620765824391,0.09613490815776986,20,150.0,0.021496418965147247
TAP,PNC,cluster,biophys,gbm,25,0.23410957471190058,0.17085080239587777,20,25.0,0.03820340081675666
TAP,PNC,cluster,biophys,gbm,50,0.3137461682879846,0.13105657139263285,20,50.0,0.029305140253198133
TAP,PNC,cluster,biophys,gbm,all,0.37314296804270664,0.11225526533418025,20,180.1,0.025101040411950267
TAP,PNC,cluster,biophys,linear,100,0.4863221913359378,0.12074867416932544,20,100.0,0.027000224363558464
TAP,PNC,cluster,biophys,linear,150,0.5096272681377609,0.11672297979283888,20,150.0,0.026100051735312206
TAP,PNC,cluster,biophys,linear,25,0.3742237687095498,0.17428795722390086,20,25.0,0.03897197200122179
TAP,PNC,cluster,biophys,linear,50,0.4190428801555588,0.14408028773574852,20,50.0,0.032217331759486295
TAP,PNC,cluster,biophys,linear,all,0.49953648005406714,0.11746879816038198,20,180.1,0.026266821792181635
TAP,PNC,cluster,biophys,mlp,100,0.29526874105007667,0.1303965628189427,20,100.0,0.02915755784954775
TAP,PNC,cluster,biophys,mlp,150,0.35779250980669663,0.12915411092781756,20,150.0,0.02887973716081485
TAP,PNC,cluster,biophys,mlp,25,0.16430832565910214,0.18509219574049124,20,25.0,0.041387873178043544
TAP,PNC,cluster,biophys,mlp,50,0.2228070166382076,0.1662653573911601,20,50.0,0.03717806414299311
TAP,PNC,cluster,biophys,mlp,all,0.36600937441476106,0.10386529552269916,20,180.1,0.023224986129185984
TAP,PNC,cluster,cheap,gbm,100,0.40879727659828957,0.1190405018532489,20,100.0,0.02661826542195542
TAP,PNC,cluster,cheap,gbm,150,0.4895924443811629,0.12227401913351633,20,150.0,0.027341301866465245
TAP,PNC,cluster,cheap,gbm,25,0.2945664260403457,0.16329245480955323,20,25.0,0.03651330291669735
TAP,PNC,cluster,cheap,gbm,50,0.39844652924879825,0.15372384445920864,20,50.0,0.03437369659733949
TAP,PNC,cluster,cheap,gbm,all,0.5165317738324485,0.09654220877070317,20,180.1,0.02158749415092687
TAP,PNC,cluster,cheap,linear,100,0.5482747703744955,0.10593703465612947,20,100.0,0.023688241082585652
TAP,PNC,cluster,cheap,linear,150,0.5881290578713363,0.10203618041473773,20,150.0,0.022815983557178624
TAP,PNC,cluster,cheap,linear,25,0.3777953539138728,0.15185566245507073,20,25.0,0.033955958401780076
TAP,PNC,cluster,cheap,linear,50,0.4735693836680899,0.13365995176386952,20,50.0,0.029887273801335514
TAP,PNC,cluster,cheap,linear,all,0.6006334999456634,0.09300356558436278,20,180.1,0.02079622947964951
TAP,PNC,cluster,cheap,mlp,100,0.30647584986933063,0.14092596302305868,20,100.0,0.031512003311418096
TAP,PNC,cluster,cheap,mlp,150,0.3550431912957556,0.13307493977071347,20,150.0,0.029756461142900557
TAP,PNC,cluster,cheap,mlp,25,0.1201425644067116,0.15961808249903775,20,25.0,0.03569168829060179
TAP,PNC,cluster,cheap,mlp,50,0.213638473507571,0.16988859792148364,20,50.0,0.03798824535545669
TAP,PNC,cluster,cheap,mlp,all,0.39251033150601855,0.1336021287032987,20,180.1,0.029874344171925173
TAP,PNC,cluster,esm2,gbm,100,0.34168687013218146,0.10469840724515195,20,100.0,0.023411275573611622
TAP,PNC,cluster,esm2,gbm,150,0.40282162426836415,0.09567896808297872,20,150.0,0.021394467665057315
TAP,PNC,cluster,esm2,gbm,25,0.24847726500587516,0.12562858077473474,20,25.0,0.028091404652913005
TAP,PNC,cluster,esm2,gbm,50,0.3025416235258124,0.11883566866785227,20,50.0,0.026572463329295953
TAP,PNC,cluster,esm2,gbm,all,0.37896061735612263,0.08519140312010913,20,180.1,0.01904937684751517
TAP,PNC,cluster,esm2,linear,100,0.4453645173421711,0.09346548130629517,20,100.0,0.020899516975061184
TAP,PNC,cluster,esm2,linear,150,0.49557731082850937,0.10202213106054707,20,150.0,0.022812842026077595
TAP,PNC,cluster,esm2,linear,25,0.27832837924562037,0.1296177184785739,20,25.0,0.028983402960652185
TAP,PNC,cluster,esm2,linear,50,0.3399737112522077,0.12535858322631716,20,50.0,0.028031031365711005
TAP,PNC,cluster,esm2,linear,all,0.5133352378801013,0.09311003235269893,20,180.1,0.020820036172783947
TAP,PNC,cluster,esm2,mlp,100,0.20632115898759604,0.12570908767687505,20,100.0,0.028109406543497372
TAP,PNC,cluster,esm2,mlp,150,0.24400429071064775,0.11219679121205657,20,150.0,0.02508796520075095
TAP,PNC,cluster,esm2,mlp,25,0.06321847007102785,0.12889102943437938,20,25.0,0.028820910350519854
TAP,PNC,cluster,esm2,mlp,50,0.14275700197770103,0.10253825869276685,20,50.0,0.02292825167314854
TAP,PNC,cluster,esm2,mlp,all,0.24849061630455163,0.10976605060511727,20,180.1,0.02454443507747241
TAP,PNC,cluster,esm2+cheap,gbm,100,0.4047802430795211,0.11414582677633435,20,100.0,0.02552378280197993
TAP,PNC,cluster,esm2+cheap,gbm,150,0.47594848783803256,0.08994286593845573,20,150.0,0.02011183623295374
TAP,PNC,cluster,esm2+cheap,gbm,25,0.27684572880810954,0.13902447935542858,20,25.0,0.031086818637525444
TAP,PNC,cluster,esm2+cheap,gbm,50,0.32625896702577306,0.12912910375515463,20,50.0,0.02887414538701491
TAP,PNC,cluster,esm2+cheap,gbm,all,0.4619490149458218,0.07962440935323864,20,180.1,0.017804559198211164
TAP,PNC,cluster,esm2+cheap,linear,100,0.4693706527512484,0.0896665484680601,20,100.0,0.0200500497682362
TAP,PNC,cluster,esm2+cheap,linear,150,0.5146861829865443,0.10367101023938866,20,150.0,0.023181542619134975
TAP,PNC,cluster,esm2+cheap,linear,25,0.29320002253886585,0.12867426052171976,20,25.0,0.028772439348108293
TAP,PNC,cluster,esm2+cheap,linear,50,0.3620970479915076,0.1262519478098246,20,50.0,0.02823079375945235
TAP,PNC,cluster,esm2+cheap,linear,all,0.5335866903902203,0.08442616147289012,20,180.1,0.018878263613275607
TAP,PNC,cluster,esm2+cheap,mlp,100,0.23064647091304388,0.17161731630811947,20,100.0,0.038374798538103834
TAP,PNC,cluster,esm2+cheap,mlp,150,0.2577786974566534,0.14803086933902637,20,150.0,0.03310070866104523
TAP,PNC,cluster,esm2+cheap,mlp,25,0.06959958045223062,0.17643939787657845,20,25.0,0.039453048756116146
TAP,PNC,cluster,esm2+cheap,mlp,50,0.11645466203138277,0.18023612702311098,20,50.0,0.0403020232024963
TAP,PNC,cluster,esm2+cheap,mlp,all,0.2884922865556544,0.14540334585176992,20,180.1,0.03251317654804696
TAP,PNC,cluster,random,gbm,100,-0.04653570880253598,0.151002401317772,20,100.0,0.0337651634112242
TAP,PNC,cluster,random,gbm,150,-0.05528122152414574,0.14215402948913547,20,150.0,0.03178660732132166
TAP,PNC,cluster,random,gbm,25,-0.019123969854227926,0.12371975760828795,20,25.0,0.027664578817192864
TAP,PNC,cluster,random,gbm,50,0.004184983077296004,0.15736915567571907,20,50.0,0.03518881296526547
TAP,PNC,cluster,random,gbm,all,-0.050986457377862504,0.1563308787892202,20,180.1,0.03495664719549763
TAP,PNC,cluster,random,linear,100,-0.029521900953723913,0.10856975011631533,20,100.0,0.024276934156024676
TAP,PNC,cluster,random,linear,150,-0.04291348713749794,0.07512785299551564,20,150.0,0.016799098630158417
TAP,PNC,cluster,random,linear,25,0.032358005123703446,0.12611801679175572,20,25.0,0.02820084587338257
TAP,PNC,cluster,random,linear,50,0.010977443420643444,0.11783171287509392,20,50.0,0.026347971989394717
TAP,PNC,cluster,random,linear,all,-0.03525910260570945,0.07794765879622505,20,180.1,0.017429626375531863
TAP,PNC,cluster,random,mlp,100,-0.014757837253661851,0.16454704143050256,20,100.0,0.036793837013507795
TAP,PNC,cluster,random,mlp,150,-0.005520247072180204,0.16343018267760087,20,150.0,0.03654409980423241
TAP,PNC,cluster,random,mlp,25,0.0021483874366943954,0.16430696178555357,20,25.0,0.0367401535728958
TAP,PNC,cluster,random,mlp,50,0.014201047545519551,0.1404864593749013,20,50.0,0.031413727308054196
TAP,PNC,cluster,random,mlp,all,-0.010386025455688428,0.1515706067185813,20,180.1,0.03389221800136341
TAP,PNC,random,aac,gbm,100,0.4043394039700316,0.11376085675610623,20,100.0,0.02543770088852697
TAP,PNC,random,aac,gbm,150,0.398496134378978,0.10894837725177026,20,150.0,0.024361597757325
TAP,PNC,random,aac,gbm,25,0.21806812273038764,0.15188931745944106,20,25.0,0.03396348388953559
TAP,PNC,random,aac,gbm,50,0.2813489461156614,0.17698799820248082,20,50.0,0.03957571951823577
TAP,PNC,random,aac,gbm,all,0.44884707584741046,0.10644073650105093,20,180.0,0.0238008722391493
TAP,PNC,random,aac,linear,100,0.42061049956614466,0.10298113080033586,20,100.0,0.02302728088693483
TAP,PNC,random,aac,linear,150,0.49305906377593206,0.08598632540286882,20,150.0,0.019227126873623167
TAP,PNC,random,aac,linear,25,0.21950224674718247,0.12214321946703979,20,25.0,0.027312054171897658
TAP,PNC,random,aac,linear,50,0.3214819064305242,0.13011197976883143,20,50.0,0.029093923145018442
TAP,PNC,random,aac,linear,all,0.5038038103846643,0.09561177389474887,20,180.0,0.021379442587799828
TAP,PNC,random,aac,mlp,100,0.28271550526398764,0.09708943855738926,20,100.0,0.02170985845116115
TAP,PNC,random,aac,mlp,150,0.3320650782844062,0.1512490973889771,20,150.0,0.03382032632972387
TAP,PNC,random,aac,mlp,25,0.08863068733722147,0.14564099391052687,20,25.0,0.0325663162694571
TAP,PNC,random,aac,mlp,50,0.16985847553739902,0.14989851444768926,20,50.0,0.033518326803126754
TAP,PNC,random,aac,mlp,all,0.3569252969260083,0.1518428306837781,20,180.0,0.033953089130491866
TAP,PNC,random,biophys,gbm,100,0.28257095916733543,0.09297630668711922,20,100.0,0.02079013420492668
TAP,PNC,random,biophys,gbm,150,0.3249573583322418,0.09507112544630901,20,150.0,0.021258549919535696
TAP,PNC,random,biophys,gbm,25,0.17581940738303203,0.15764027322983537,20,25.0,0.03524943669335522
TAP,PNC,random,biophys,gbm,50,0.2259211355592432,0.13072386584084209,20,50.0,0.029230745030168558
TAP,PNC,random,biophys,gbm,all,0.3348309053715973,0.10768963530487007,20,180.0,0.024080134501385075
TAP,PNC,random,biophys,linear,100,0.4536473623877444,0.12054701223099863,20,100.0,0.02695513138330115
TAP,PNC,random,biophys,linear,150,0.47258862181284134,0.10760954997561545,20,150.0,0.024062226877363698
TAP,PNC,random,biophys,linear,25,0.29244938457242103,0.1964982071676579,20,25.0,0.043938334868371946
TAP,PNC,random,biophys,linear,50,0.4085703125135819,0.16098785266134305,20,50.0,0.035997978210248346
TAP,PNC,random,biophys,linear,all,0.476964024892237,0.11815613472716291,20,180.0,0.02642051492085598
TAP,PNC,random,biophys,mlp,100,0.26873139242798866,0.11035193117645414,20,100.0,0.02467544195589298
TAP,PNC,random,biophys,mlp,150,0.351595814159466,0.08921941489696479,20,150.0,0.019950067662237066
TAP,PNC,random,biophys,mlp,25,0.14995636407334345,0.19921063744044562,20,25.0,0.04454485271579011
TAP,PNC,random,biophys,mlp,50,0.21886695455545485,0.14359585933259048,20,50.0,0.032109010275516985
TAP,PNC,random,biophys,mlp,all,0.3585582671869356,0.09940949477520643,20,180.0,0.022228638792627174
TAP,PNC,random,cheap,gbm,100,0.44738304860820044,0.09964046514173103,20,100.0,0.022280285336660877
TAP,PNC,random,cheap,gbm,150,0.4664827035109044,0.09794832663496568,20,150.0,0.02190191166381365
TAP,PNC,random,cheap,gbm,25,0.26818580878307663,0.14780080979999044,20,25.0,0.03304926578422957
TAP,PNC,random,cheap,gbm,50,0.3809243149489608,0.1625099500935195,20,50.0,0.036338329542920794
TAP,PNC,random,cheap,gbm,all,0.4839056093039383,0.11104619319757324,20,180.0,0.024830683663234848
TAP,PNC,random,cheap,linear,100,0.5300328041650316,0.09609980133397246,20,100.0,0.02148856884069874
TAP,PNC,random,cheap,linear,150,0.5617072356171555,0.09642654305039934,20,150.0,0.021561630509600284
TAP,PNC,random,cheap,linear,25,0.33224412288723804,0.1628871042553452,20,25.0,0.03642266377730471
TAP,PNC,random,cheap,linear,50,0.453254366230596,0.13075594600579798,20,50.0,0.02923791837312564
TAP,PNC,random,cheap,linear,all,0.5648297970912488,0.10320632533124365,20,180.0,0.02307763591486193
TAP,PNC,random,cheap,mlp,100,0.3179843897864698,0.1034595278889246,20,100.0,0.02313425372796707
TAP,PNC,random,cheap,mlp,150,0.37790443669933377,0.13367712976397592,20,150.0,0.029891114918931056
TAP,PNC,random,cheap,mlp,25,0.1640929365804941,0.15526971751015445,20,25.0,0.034719364319989475
TAP,PNC,random,cheap,mlp,50,0.25510676818164313,0.15317023291804743,20,50.0,0.034249905293423005
TAP,PNC,random,cheap,mlp,all,0.3944997393824104,0.14813040455697424,20,180.0,0.0331229654123939
TAP,PNC,random,esm2,gbm,100,0.292679268884279,0.1356821391486313,20,100.0,0.030339448646892503
TAP,PNC,random,esm2,gbm,150,0.38360870333186475,0.09930776313006665,20,150.0,0.02220589090522763
TAP,PNC,random,esm2,gbm,25,0.22243180497373766,0.09622165562169532,20,25.0,0.021515816287768552
TAP,PNC,random,esm2,gbm,50,0.2768268647518183,0.1227982020626749,20,50.0,0.027458512732689597
TAP,PNC,random,esm2,gbm,all,0.38693398707663884,0.10933127065648315,20,180.0,0.02444721532543244
TAP,PNC,random,esm2,linear,100,0.40409870787830304,0.1326884916901701,20,100.0,0.02967004872511363
TAP,PNC,random,esm2,linear,150,0.46892399636336357,0.0977738027433802,20,150.0,0.021862886935285354
TAP,PNC,random,esm2,linear,25,0.21747890482773072,0.1609425474105127,20,25.0,0.035987847648188916
TAP,PNC,random,esm2,linear,50,0.31474222355886416,0.1467399293486465,20,50.0,0.032812045703709
TAP,PNC,random,esm2,linear,all,0.48803782820242453,0.09551507684737741,20,180.0,0.02135782047068522
TAP,PNC,random,esm2,mlp,100,0.13354969852290577,0.1259772339394129,20,100.0,0.028169365870592086
TAP,PNC,random,esm2,mlp,150,0.19486801145014354,0.10798847583946651,20,150.0,0.024146957276364078
TAP,PNC,random,esm2,mlp,25,0.04248741952521355,0.14938656574234516,20,25.0,0.03340385159251251
TAP,PNC,random,esm2,mlp,50,0.11891977335885881,0.15760046943468192,20,50.0,0.03524053629418266
TAP,PNC,random,esm2,mlp,all,0.2134492057116136,0.11823078932490155,20,180.0,0.026437208196393634
TAP,PNC,random,esm2+cheap,gbm,100,0.3708815818246372,0.1039077310890221,20,100.0,0.023234475010282165
TAP,PNC,random,esm2+cheap,gbm,150,0.4482979684200325,0.08654591660410746,20,150.0,0.019352255270181203
TAP,PNC,random,esm2+cheap,gbm,25,0.2304987942448476,0.09723171832648023,20,25.0,0.021741673174712185
TAP,PNC,random,esm2+cheap,gbm,50,0.30231514801368653,0.10213480823370578,20,50.0,0.022838037407947136
TAP,PNC,random,esm2+cheap,gbm,all,0.47503161204980787,0.09360743245080647,20,180.0,0.0209312582159223
TAP,PNC,random,esm2+cheap,linear,100,0.42497582971544173,0.12296588641139156,20,100.0,0.02749600809293892
TAP,PNC,random,esm2+cheap,linear,150,0.4981514436343423,0.09497422131461197,20,150.0,0.02123688149695818
TAP,PNC,random,esm2+cheap,linear,25,0.2263441629947137,0.1588376059354136,20,25.0,0.03551716842549089
TAP,PNC,random,esm2+cheap,linear,50,0.3298501959090857,0.14655739468746035,20,50.0,0.032771229712642784
TAP,PNC,random,esm2+cheap,linear,all,0.5150682360557666,0.1071343664775521,20,180.0,0.02395597261701812
TAP,PNC,random,esm2+cheap,mlp,100,0.2393249026333824,0.1386054647351624,20,100.0,0.030993124120077296
TAP,PNC,random,esm2+cheap,mlp,150,0.2898943892908994,0.14393242835984488,20,150.0,0.03218426939792317
TAP,PNC,random,esm2+cheap,mlp,25,0.08309763580027796,0.1528425682405166,20,25.0,0.03417663724414455
TAP,PNC,random,esm2+cheap,mlp,50,0.14775458156503465,0.13767137425374446,20,50.0,0.030784255138718696
TAP,PNC,random,esm2+cheap,mlp,all,0.28075418443371947,0.13805634619389245,20,180.0,0.03087033748147879
TAP,PNC,random,random,gbm,100,-0.029728410744000112,0.12844681243146844,20,100.0,0.028721580408992847
TAP,PNC,random,random,gbm,150,-0.07682402125669407,0.12497928946535039,20,150.0,0.02794621870241468
TAP,PNC,random,random,gbm,25,-0.004594585386516275,0.10874231069364912,20,25.0,0.024315519874140174
TAP,PNC,random,random,gbm,50,-0.014764167627882005,0.10283490575900428,20,50.0,0.022994583973691817
TAP,PNC,random,random,gbm,all,-0.030751977145502075,0.12597109552611113,20,180.0,0.028167993279650413
TAP,PNC,random,random,linear,100,-0.06382227816508201,0.12354432462580997,20,100.0,0.027625350809761234
TAP,PNC,random,random,linear,150,-0.08168819167571717,0.10808729025850602,20,150.0,0.024169052852177027
TAP,PNC,random,random,linear,25,-0.013460248143809436,0.09432913396750951,20,25.0,0.02109263558100357
TAP,PNC,random,random,linear,50,-0.006845563660961648,0.10179650996595555,20,50.0,0.02276239161561114
TAP,PNC,random,random,linear,all,-0.06699545424237868,0.09321099545956271,20,180.0,0.020842612209800646
TAP,PNC,random,random,mlp,100,0.005381758626930651,0.12629611604176486,20,100.0,0.028240670076358786
TAP,PNC,random,random,mlp,150,0.018114843779072336,0.1083450907824884,20,150.0,0.024226698801802993
TAP,PNC,random,random,mlp,25,0.012576530969265833,0.10188502250800271,20,25.0,0.022782183621699016
TAP,PNC,random,random,mlp,50,0.021253518808746322,0.11587619515361193,20,50.0,0.025910704933750795
TAP,PNC,random,random,mlp,all,0.011566937211476783,0.11301189654882624,20,180.0,0.025270228294934933
TAP,PPC,cluster,aac,gbm,100,0.20171732254516545,0.10376940138037413,20,100.0,0.023203543547097708
TAP,PPC,cluster,aac,gbm,150,0.22575567006514544,0.1143268669418406,20,150.0,0.025564264613652906
TAP,PPC,cluster,aac,gbm,25,0.0933805831942808,0.1581937353650372,20,25.0,0.03537319458908356
TAP,PPC,cluster,aac,gbm,50,0.08702032352563441,0.16967450516973737,20,50.0,0.03794037276081722
TAP,PPC,cluster,aac,gbm,all,0.2685957422396326,0.1080420009126346,20,180.1,0.024158925846574527
TAP,PPC,cluster,aac,linear,100,0.15075221157439972,0.152543756496546,20,100.0,0.0341098209069452
TAP,PPC,cluster,aac,linear,150,0.22845056271778272,0.13617492729301284,20,150.0,0.030449639425826812
TAP,PPC,cluster,aac,linear,25,0.05839783898544283,0.13750396218306415,20,25.0,0.03074682066168918
TAP,PPC,cluster,aac,linear,50,0.08624355119756497,0.20077920422370957,20,50.0,0.044895594911252744
TAP,PPC,cluster,aac,linear,all,0.2509309138518292,0.11571807305410414,20,180.1,0.025875347757426354
TAP,PPC,cluster,aac,mlp,100,0.10782367454793466,0.15032288765736923,20,100.0,0.03361321953759417
TAP,PPC,cluster,aac,mlp,150,0.17979784961135573,0.16499478178809035,20,150.0,0.03689395480109143
TAP,PPC,cluster,aac,mlp,25,0.04275079154624031,0.1263316055456748,20,25.0,0.028248605770681823
TAP,PPC,cluster,aac,mlp,50,0.09779737680064722,0.15237165944429643,20,50.0,0.034071338836189465
TAP,PPC,cluster,aac,mlp,all,0.21205151443580653,0.14750589352811352,20,180.1,0.03298332050107081
TAP,PPC,cluster,biophys,gbm,100,0.09606547402528981,0.14220573490842667,20,100.0,0.03179816900455568
TAP,PPC,cluster,biophys,gbm,150,0.1726108259681543,0.14358394071881536,20,150.0,0.032106345192457114
TAP,PPC,cluster,biophys,gbm,25,0.13966081871395947,0.15137552851676228,20,25.0,0.03384859718934383
TAP,PPC,cluster,biophys,gbm,50,0.14226802125723215,0.14008644405546608,20,50.0,0.031324281163424346
TAP,PPC,cluster,biophys,gbm,all,0.17681133539965918,0.13400551395915336,20,180.1,0.029964543857246388
TAP,PPC,cluster,biophys,linear,100,0.3017654106813561,0.1447413954380052,20,100.0,0.032365159935755755
TAP,PPC,cluster,biophys,linear,150,0.32641425830392634,0.11463448114039225,20,150.0,0.025633049239533467
TAP,PPC,cluster,biophys,linear,25,0.21892213382392547,0.1409387835479136,20,25.0,0.03151487006792637
TAP,PPC,cluster,biophys,linear,50,0.29029427914965106,0.13744559645896956,20,50.0,0.030733769689026032
TAP,PPC,cluster,biophys,linear,all,0.3208362250332206,0.11632137674219249,20,180.1,0.02601025056319054
TAP,PPC,cluster,biophys,mlp,100,0.13117465741874162,0.08975518777350631,20,100.0,0.02006987011948181
TAP,PPC,cluster,biophys,mlp,150,0.1459124017942513,0.09547378539588815,20,150.0,0.021348587421443254
TAP,PPC,cluster,biophys,mlp,25,0.08954750081461857,0.17882427519644517,20,25.0,0.03998632353663809
TAP,PPC,cluster,biophys,mlp,50,0.1489295702258719,0.13347015115663152,20,50.0,0.029844833095340025
TAP,PPC,cluster,biophys,mlp,all,0.16924630330262105,0.10232725384627449,20,180.1,0.022881069555114656
TAP,PPC,cluster,cheap,gbm,100,0.2733872996903385,0.11249961368843125,20,100.0,0.02515567836497981
TAP,PPC,cluster,cheap,gbm,150,0.3333604990963,0.09991650924152444,20,150.0,0.022342010673853458
TAP,PPC,cluster,cheap,gbm,25,0.20180902785456062,0.1530052765317558,20,25.0,0.03421301992411592
TAP,PPC,cluster,cheap,gbm,50,0.24997661375404184,0.13248612341687982,20,50.0,0.029624797803556997
TAP,PPC,cluster,cheap,gbm,all,0.3700066239700853,0.12318901791272704,20,180.1,0.027545901813429693
TAP,PPC,cluster,cheap,linear,100,0.3243200264415461,0.166075004312692,20,100.0,0.037135499900675
TAP,PPC,cluster,cheap,linear,150,0.3645875923610722,0.13273859651110187,20,150.0,0.029681252503674017
TAP,PPC,cluster,cheap,linear,25,0.19608853132329945,0.15046242649668645,20,25.0,0.03364442137061564
TAP,PPC,cluster,cheap,linear,50,0.26862340890578695,0.1795753530948441,20,50.0,0.04015426966035986
TAP,PPC,cluster,cheap,linear,all,0.36802734276540033,0.12367199285108534,20,180.1,0.027653898292789483
TAP,PPC,cluster,cheap,mlp,100,0.13611389648166217,0.12333657086238439,20,100.0,0.027578895656001134
TAP,PPC,cluster,cheap,mlp,150,0.1847705445015615,0.1269518242430779,20,150.0,0.0283872908875128
TAP,PPC,cluster,cheap,mlp,25,0.0776084378590886,0.14944208850088062,20,25.0,0.03341626685875087
TAP,PPC,cluster,cheap,mlp,50,0.09421830635544629,0.1807697153982763,20,50.0,0.04042133719038363
TAP,PPC,cluster,cheap,mlp,all,0.19822136931306783,0.10413944496449885,20,180.1,0.023286287807971758
TAP,PPC,cluster,esm2,gbm,100,0.18727247140341602,0.15687845655929206,20,100.0,0.03507908930718248
TAP,PPC,cluster,esm2,gbm,150,0.23403787563113188,0.148167368697259,20,150.0,0.03313123084543455
TAP,PPC,cluster,esm2,gbm,25,0.13050070642576944,0.14115114113173796,20,25.0,0.031562354667223264
TAP,PPC,cluster,esm2,gbm,50,0.11446863172680113,0.1327878106662649,20,50.0,0.029692257123313998
TAP,PPC,cluster,esm2,gbm,all,0.23621372608756075,0.12515572566658414,20,180.1,0.027985671036379733
TAP,PPC,cluster,esm2,linear,100,0.22998943720769555,0.1490166024445032,20,100.0,0.03332112528419705
TAP,PPC,cluster,esm2,linear,150,0.30149537633124457,0.12588911904673505,20,150.0,0.02814966278160631
TAP,PPC,cluster,esm2,linear,25,0.0692264077489945,0.11564059893312169,20,25.0,0.025858024017324975
TAP,PPC,cluster,esm2,linear,50,0.13174597295119708,0.14722339769565726,20,50.0,0.03292015251259755
TAP,PPC,cluster,esm2,linear,all,0.312827352481762,0.1326735532864042,20,180.1,0.02966670839648404
TAP,PPC,cluster,esm2,mlp,100,0.0897265436143467,0.16277099327533373,20,100.0,0.03639670057288073
TAP,PPC,cluster,esm2,mlp,150,0.09320922719284852,0.13925753277556538,20,150.0,0.031138930966506915
TAP,PPC,cluster,esm2,mlp,25,0.027082575134991366,0.12928883056904555,20,25.0,0.028909861388383865
TAP,PPC,cluster,esm2,mlp,50,0.06071204576900626,0.17527664716975636,20,50.0,0.03919304979398213
TAP,PPC,cluster,esm2,mlp,all,0.10186044990595974,0.12023613953763697,20,180.1,0.02688561813583064
TAP,PPC,cluster,esm2+cheap,gbm,100,0.2633128406670734,0.15448732090543676,20,100.0,0.03454441512063809
TAP,PPC,cluster,esm2+cheap,gbm,150,0.2999570961970829,0.15284274742577927,20,150.0,0.03417667731118734
TAP,PPC,cluster,esm2+cheap,gbm,25,0.13780363979836435,0.14588695846420402,20,25.0,0.03262131561566485
TAP,PPC,cluster,esm2+cheap,gbm,50,0.14127392395442295,0.11948496831916727,20,50.0,0.02671765114510668
TAP,PPC,cluster,esm2+cheap,gbm,all,0.32749435798157134,0.10567095172683096,20,180.1,0.02362874313082928
TAP,PPC,cluster,esm2+cheap,linear,100,0.2568124677170017,0.14932013835197003,20,100.0,0.03338899797646784
TAP,PPC,cluster,esm2+cheap,linear,150,0.3269988281749273,0.12159167661672352,20,150.0,0.02718872544131654
TAP,PPC,cluster,esm2+cheap,linear,25,0.07522198001940053,0.11699605365180396,20,25.0,0.026161112906464615
TAP,PPC,cluster,esm2+cheap,linear,50,0.14441359048540167,0.15063336391800802,20,50.0,0.033682644140013
TAP,PPC,cluster,esm2+cheap,linear,all,0.3354853948782851,0.13163293225360373,20,180.1,0.02943401845966825
TAP,PPC,cluster,esm2+cheap,mlp,100,0.06589119374144252,0.13113848015301918,20,100.0,0.02932345560881579
TAP,PPC,cluster,esm2+cheap,mlp,150,0.12114758825094314,0.13706868902427974,20,150.0,0.03064949062450688
TAP,PPC,cluster,esm2+cheap,mlp,25,-0.0019677624254475765,0.152861891991077,20,25.0,0.03418095816612788
TAP,PPC,cluster,esm2+cheap,mlp,50,0.04594678697704231,0.1423262827935214,20,50.0,0.031825124331117255
TAP,PPC,cluster,esm2+cheap,mlp,all,0.12463153741581363,0.1702750393366419,20,180.1,0.0380746562828182
TAP,PPC,cluster,random,gbm,100,-0.020576888774759137,0.13129442183616896,20,100.0,0.029358325229220654
TAP,PPC,cluster,random,gbm,150,-0.040900933535782294,0.10319237097319954,20,150.0,0.02307451562554503
TAP,PPC,cluster,random,gbm,25,-0.026916513247450823,0.14337625208054988,20,25.0,0.03205990460112552
TAP,PPC,cluster,random,gbm,50,-0.02574601588140647,0.12817867839262148,20,50.0,0.02866162381519851
TAP,PPC,cluster,random,gbm,all,-0.0379674542133281,0.13305297066227398,20,180.1,0.029751548700912983
TAP,PPC,cluster,random,linear,100,0.017962788524840557,0.07555792014970471,20,100.0,0.01689526456932408
TAP,PPC,cluster,random,linear,150,-0.0222773419712563,0.08938315729409393,20,150.0,0.01998668157531502
TAP,PPC,cluster,random,linear,25,-0.022585764763942133,0.13175123831363536,20,25.0,0.02946047249890634
TAP,PPC,cluster,random,linear,50,-0.01424110453450802,0.1320630885711212,20,50.0,0.029530204336360256
TAP,PPC,cluster,random,linear,all,-0.02755696864316488,0.0839915007717781,20,180.1,0.018781070525792188
TAP,PPC,cluster,random,mlp,100,-0.0051220279125871095,0.09969380757383149,20,100.0,0.02229221306708706
TAP,PPC,cluster,random,mlp,150,-0.017723479313896267,0.07716964058063755,20,150.0,0.01725565621375319
TAP,PPC,cluster,random,mlp,25,0.011199780706501862,0.11728080481517784,20,25.0,0.02622478520226223
TAP,PPC,cluster,random,mlp,50,-0.0026692790869083704,0.1425699545133779,20,50.0,0.03187961098409659
TAP,PPC,cluster,random,mlp,all,-0.00814325874586913,0.07428865421663894,20,180.1,0.016611448078538104
TAP,PPC,random,aac,gbm,100,0.21982335089806954,0.141921528863008,20,100.0,0.03173461860083843
TAP,PPC,random,aac,gbm,150,0.28511473358167844,0.09907721321651335,20,150.0,0.022154338377336442
TAP,PPC,random,aac,gbm,25,0.056857579165178786,0.1345618525495179,20,25.0,0.030088944947902544
TAP,PPC,random,aac,gbm,50,0.1280516338162152,0.16095711962945145,20,50.0,0.03599110609540192
TAP,PPC,random,aac,gbm,all,0.3081926419244002,0.09612683889051847,20,180.0,0.021494614622136976
TAP,PPC,random,aac,linear,100,0.1872662987291544,0.1390907650850081,20,100.0,0.031101640577253238
TAP,PPC,random,aac,linear,150,0.2307756456839011,0.11226716842969514,20,150.0,0.025103702025021664
TAP,PPC,random,aac,linear,25,0.03753524505240195,0.16474394388052988,20,25.0,0.03683786573982753
TAP,PPC,random,aac,linear,50,0.11861061168868126,0.10801013322594513,20,50.0,0.024151800015202195
TAP,PPC,random,aac,linear,all,0.24826059006274379,0.09917562729570464,20,180.0,0.02217634443443792
TAP,PPC,random,aac,mlp,100,0.11286517325666645,0.1051155209215949,20,100.0,0.023504545027098752
TAP,PPC,random,aac,mlp,150,0.1539565015049588,0.12633506261835442,20,150.0,0.028249378795633304
TAP,PPC,random,aac,mlp,25,-0.01097025105324696,0.1324416742292356,20,25.0,0.029614858663045286
TAP,PPC,random,aac,mlp,50,0.03201246754887091,0.12873748930366935,20,50.0,0.02878657773356567
TAP,PPC,random,aac,mlp,all,0.18819310618782478,0.10309962729483098,20,180.0,0.023053777508613482
TAP,PPC,random,biophys,gbm,100,0.11832977261418864,0.15235943445376757,20,100.0,0.03406860524520478
TAP,PPC,random,biophys,gbm,150,0.13902259406508763,0.15198193414082053,20,150.0,0.033984193609077076
TAP,PPC,random,biophys,gbm,25,0.12838721240155995,0.1689974970493623,20,25.0,0.037788989142969416
TAP,PPC,random,biophys,gbm,50,0.15534749920594065,0.14492365169407567,20,50.0,0.032405913673545575
TAP,PPC,random,biophys,gbm,all,0.17322984844600747,0.10437787976429105,20,180.0,0.02333960345002545
TAP,PPC,random,biophys,linear,100,0.29499513527196636,0.10842891874018391,20,100.0,0.02424544330298521
TAP,PPC,random,biophys,linear,150,0.283312503717669,0.08467417551961093,20,150.0,0.01893372124005986
TAP,PPC,random,biophys,linear,25,0.16211244173010736,0.21511360246801398,20,25.0,0.04810086380033458
TAP,PPC,random,biophys,linear,50,0.2739623819610868,0.12046757748298118,20,50.0,0.02693736923366689
TAP,PPC,random,biophys,linear,all,0.30818056330887866,0.10954295697554248,20,180.0,0.024494549825364774
TAP,PPC,random,biophys,mlp,100,0.18097288447575666,0.1421750563974716,20,100.0,0.03179130908096128
TAP,PPC,random,biophys,mlp,150,0.18574623731274978,0.12830105675268436,20,150.0,0.028688988448406064
TAP,PPC,random,biophys,mlp,25,0.06864470057890464,0.15380623104971428,20,25.0,0.034392118799019995
TAP,PPC,random,biophys,mlp,50,0.11348994458393022,0.11472870277628651,20,50.0,0.025654117837814547
TAP,PPC,random,biophys,mlp,all,0.23024501398957012,0.12688111544436076,20,180.0,0.028371479919458906
TAP,PPC,random,cheap,gbm,100,0.27735326795734566,0.14170449988954398,20,100.0,0.03168608944706318
TAP,PPC,random,cheap,gbm,150,0.3567690681685878,0.15051126119054248,20,150.0,0.03365534114012789
TAP,PPC,random,cheap,gbm,25,0.16457792165866694,0.14107962768014876,20,25.0,0.031546363773317355
TAP,PPC,random,cheap,gbm,50,0.25143511145252617,0.11616564336286501,20,50.0,0.02597542752093634
TAP,PPC,random,cheap,gbm,all,0.4160439720679019,0.09042954371208846,20,180.0,0.020220660691451845
TAP,PPC,random,cheap,linear,100,0.3332241940975146,0.11517651992755812,20,100.0,0.025754252796987908
TAP,PPC,random,cheap,linear,150,0.3463148504813697,0.1035112459971152,20,150.0,0.023145818248525258
TAP,PPC,random,cheap,linear,25,0.12581157736291954,0.19538066682102379,20,25.0,0.04368844525010469
TAP,PPC,random,cheap,linear,50,0.2666616324874739,0.1197088887864548,20,50.0,0.026767721283747523
TAP,PPC,random,cheap,linear,all,0.3692849014148861,0.09943714109606987,20,180.0,0.022234820697905017
TAP,PPC,random,cheap,mlp,100,0.18653935062027047,0.10678424085644511,20,100.0,0.023877682148072163
TAP,PPC,random,cheap,mlp,150,0.21043070135165035,0.13583956138324702,20,150.0,0.030374649328669567
TAP,PPC,random,cheap,mlp,25,0.014671174736647063,0.13762735670222612,20,25.0,0.030774412514978887
TAP,PPC,random,cheap,mlp,50,0.11453205544625207,0.1054426938979487,20,50.0,0.023577703128651557
TAP,PPC,random,cheap,mlp,all,0.21193881710529322,0.13897056579794578,20,180.0,0.031074763199581405
TAP,PPC,random,esm2,gbm,100,0.24772252123169225,0.12722158757569882,20,100.0,0.02844761180247052
TAP,PPC,random,esm2,gbm,150,0.27143319158336754,0.11924793565169965,20,150.0,0.02666464902937211
TAP,PPC,random,esm2,gbm,25,0.15385411985194744,0.13536727808464574,20,25.0,0.03026904357263854
TAP,PPC,random,esm2,gbm,50,0.19780100417385288,0.12485685152211091,20,50.0,0.027918840746003808
TAP,PPC,random,esm2,gbm,all,0.26111887422127567,0.11784254590033175,20,180.0,0.026350394327478092
TAP,PPC,random,esm2,linear,100,0.23873832453179555,0.10693073024723378,20,100.0,0.023910438171650762
TAP,PPC,random,esm2,linear,150,0.2804536445420169,0.10051745520323223,20,150.0,0.02247638627597172
TAP,PPC,random,esm2,linear,25,0.09380750892392296,0.16985834047405496,20,25.0,0.03798147958452907
TAP,PPC,random,esm2,linear,50,0.16804526265680264,0.1168103779600597,20,50.0,0.02611959455961367
TAP,PPC,random,esm2,linear,all,0.2987389727682253,0.10271912624261843,20,180.0,0.022968694886787735
TAP,PPC,random,esm2,mlp,100,0.07802477850661525,0.12252718836345647,20,100.0,0.027397912227260984
TAP,PPC,random,esm2,mlp,150,0.11048896226545617,0.11771981472311546,20,150.0,0.026322950801956676
TAP,PPC,random,esm2,mlp,25,-0.02256463705013128,0.16367687000213343,20,25.0,0.03659926076691665
TAP,PPC,random,esm2,mlp,50,0.022767364864068093,0.12438011062745681,20,50.0,0.027812238241193745
TAP,PPC,random,esm2,mlp,all,0.1098962783989583,0.11180818719964362,20,180.0,0.025001070701942497
TAP,PPC,random,esm2+cheap,gbm,100,0.29826890922230836,0.14399747883325237,20,100.0,0.03219881512597394
TAP,PPC,random,esm2+cheap,gbm,150,0.34709070428273314,0.1015473095153608,20,150.0,0.022706668700855796
TAP,PPC,random,esm2+cheap,gbm,25,0.16794150673271063,0.1458434642745388,20,25.0,0.032611590019193074
TAP,PPC,random,esm2+cheap,gbm,50,0.2005184751081491,0.12796327434823315,20,50.0,0.028613458006610443
TAP,PPC,random,esm2+cheap,gbm,all,0.34726491595732834,0.14276867199846902,20,180.0,0.031924045564594744
TAP,PPC,random,esm2+cheap,linear,100,0.26149120523331043,0.11166217094251184,20,100.0,0.024968420474265823
TAP,PPC,random,esm2+cheap,linear,150,0.30626706381184876,0.09834514345715564,20,150.0,0.021990642602716867
TAP,PPC,random,esm2+cheap,linear,25,0.09965340510224169,0.1697008625052726,20,25.0,0.03794626644021348
TAP,PPC,random,esm2+cheap,linear,50,0.18537870357414724,0.11828931331121151,20,50.0,0.026450294557563966
TAP,PPC,random,esm2+cheap,linear,all,0.3284464426470723,0.09986218978194898,20,180.0,0.02232986447344228
TAP,PPC,random,esm2+cheap,mlp,100,0.078385426555361,0.12109529675712995,20,100.0,0.02707773153044524
TAP,PPC,random,esm2+cheap,mlp,150,0.08465505287757981,0.12200137004871589,20,150.0,0.027280335677703556
TAP,PPC,random,esm2+cheap,mlp,25,0.033188457890574355,0.13853183121660523,20,25.0,0.030976659164785668
TAP,PPC,random,esm2+cheap,mlp,50,0.09058648770099102,0.16288064701142216,20,50.0,0.03642121989366879
TAP,PPC,random,esm2+cheap,mlp,all,0.11656772316075645,0.1451674902739347,20,180.0,0.03246043763755575
TAP,PPC,random,random,gbm,100,-0.011442585248993786,0.07487080432460518,20,100.0,0.01674162079999024
TAP,PPC,random,random,gbm,150,-0.00340665954427448,0.10959391100969329,20,150.0,0.02450594349377368
TAP,PPC,random,random,gbm,25,-0.020486003260790094,0.11439070927506267,20,25.0,0.025578540193345583
TAP,PPC,random,random,gbm,50,-0.02484348747558237,0.1079849484878069,20,50.0,0.024146168536554935
TAP,PPC,random,random,gbm,all,-0.014144558243129157,0.13732898273967586,20,180.0,0.03070769406868105
TAP,PPC,random,random,linear,100,-0.010841695024081829,0.11880677692704057,20,100.0,0.02656600293965163
TAP,PPC,random,random,linear,150,-0.012978395158535003,0.11294455011839284,20,150.0,0.025255169175285832
TAP,PPC,random,random,linear,25,-0.0028593902975613287,0.10536933697162572,20,25.0,0.023561300021263692
TAP,PPC,random,random,linear,50,0.015529821175289366,0.08981528874277078,20,50.0,0.020083309104760708
TAP,PPC,random,random,linear,all,-0.012875611170224167,0.1047064004981403,20,180.0,0.023413062919315955
TAP,PPC,random,random,mlp,100,-0.020452329387501626,0.1168119426100593,20,100.0,0.02611994442598968
TAP,PPC,random,random,mlp,150,-0.04734571637787667,0.11038745438320255,20,150.0,0.0246833851863998
TAP,PPC,random,random,mlp,25,0.00826829991976789,0.11934908794251674,20,25.0,0.026687267369206794
TAP,PPC,random,random,mlp,50,-0.016780946464991776,0.13413448758813495,20,50.0,0.029993383237417157
TAP,PPC,random,random,mlp,all,-0.03902256222323351,0.11829857092965061,20,180.0,0.026452364623977924
TAP,PSH,cluster,aac,gbm,100,0.3896780680424893,0.10037949549997938,20,100.0,0.022445537548508813
TAP,PSH,cluster,aac,gbm,150,0.4331799704665448,0.1019483362036769,20,150.0,0.022796340994442436
TAP,PSH,cluster,aac,gbm,25,0.24053815361559439,0.1523684608250559,20,25.0,0.034070623603183865
TAP,PSH,cluster,aac,gbm,50,0.29626235211653124,0.141643599739865,20,50.0,0.031672471759610965
TAP,PSH,cluster,aac,gbm,all,0.4479386980156496,0.09910851345746177,20,180.1,0.02216133732398372
TAP,PSH,cluster,aac,linear,100,0.47271796853200093,0.09301614298946213,20,100.0,0.020799041872927783
TAP,PSH,cluster,aac,linear,150,0.520442749271436,0.06880215432289882,20,150.0,0.015384629406443277
TAP,PSH,cluster,aac,linear,25,0.2618927241454745,0.18236327030720745,20,25.0,0.04077766690060848
TAP,PSH,cluster,aac,linear,50,0.39152438369731046,0.1471916361666307,20,50.0,0.03291305041880028
TAP,PSH,cluster,aac,linear,all,0.5313130123696946,0.06580226541284132,20,180.1,0.014713833853659644
TAP,PSH,cluster,aac,mlp,100,0.1882194587646981,0.12354136666632153,20,100.0,0.02762468938991215
TAP,PSH,cluster,aac,mlp,150,0.2126265788050797,0.11080956162151649,20,150.0,0.02477777123426627
TAP,PSH,cluster,aac,mlp,25,0.06496974048455778,0.11732961255579974,20,25.0,0.026235698944848104
TAP,PSH,cluster,aac,mlp,50,0.1370399958434811,0.12375804136987203,20,50.0,0.027673139326526507
TAP,PSH,cluster,aac,mlp,all,0.21668517891827235,0.11911506968718674,20,180.1,0.026634939296517415
TAP,PSH,cluster,biophys,gbm,100,0.2636597698435161,0.11043193447408546,20,100.0,0.024693331237085756
TAP,PSH,cluster,biophys,gbm,150,0.3329249142954063,0.09344758375544517,20,150.0,0.020895514961028046
TAP,PSH,cluster,biophys,gbm,25,0.16057894921625082,0.2087924880106058,20,25.0,0.04668741963830243
TAP,PSH,cluster,biophys,gbm,50,0.19300916422849912,0.14303516875109046,20,50.0,0.031983636050059196
TAP,PSH,cluster,biophys,gbm,all,0.3309315521619257,0.11933385007817297,20,180.1,0.026683860079156334
TAP,PSH,cluster,biophys,linear,100,0.4287443848040041,0.08523666272957521,20,100.0,0.019059497203855292
TAP,PSH,cluster,biophys,linear,150,0.48680207178140594,0.06195393006907658,20,150.0,0.013853319910772348
TAP,PSH,cluster,biophys,linear,25,0.20985384698207715,0.15628033289390206,20,25.0,0.034945344789706144
TAP,PSH,cluster,biophys,linear,50,0.3008687921049703,0.13001052058195808,20,50.0,0.029071236181139378
TAP,PSH,cluster,biophys,linear,all,0.4918832455103222,0.07261820027152932,20,180.1,0.016237923221083323
TAP,PSH,cluster,biophys,mlp,100,0.2262869049657092,0.11330253294826922,20,100.0,0.025335216569523963
TAP,PSH,cluster,biophys,mlp,150,0.23570178440693312,0.10012512370813387,20,150.0,0.02238865828669631
TAP,PSH,cluster,biophys,mlp,25,0.1631440134178443,0.1363132167740603,20,25.0,0.03048056189384634
TAP,PSH,cluster,biophys,mlp,50,0.18084126130338463,0.116152170458169,20,50.0,0.025972414887860878
TAP,PSH,cluster,biophys,mlp,all,0.24093340693238835,0.10842663482527155,20,180.1,0.02424493260408532
TAP,PSH,cluster,cheap,gbm,100,0.3986854506341574,0.11477395265135797,20,100.0,0.025664236017477863
TAP,PSH,cluster,cheap,gbm,150,0.42969605084247525,0.10185501996168035,20,150.0,0.022775474848391528
TAP,PSH,cluster,cheap,gbm,25,0.25123310609498184,0.17373702598533694,20,25.0,0.038848780031186074
TAP,PSH,cluster,cheap,gbm,50,0.31779520501707337,0.163452614320249,20,50.0,0.03654911567201323
TAP,PSH,cluster,cheap,gbm,all,0.4616009638095345,0.10232769765915585,20,180.1,0.022881168794691858
TAP,PSH,cluster,cheap,linear,100,0.47191165773007554,0.10714678575982488,20,100.0,0.023958749652957488
TAP,PSH,cluster,cheap,linear,150,0.5320883169335785,0.06851312371656235,20,150.0,0.015320000198108643
TAP,PSH,cluster,cheap,linear,25,0.2717758609582207,0.12319650857045733,20,25.0,0.0275475767754178
TAP,PSH,cluster,cheap,linear,50,0.380503386871967,0.14410806741022825,20,50.0,0.032223543483539244
TAP,PSH,cluster,cheap,linear,all,0.540874563863792,0.07478578006406926,20,180.1,0.016722608797360743
TAP,PSH,cluster,cheap,mlp,100,0.1788758035105424,0.10998694528527689,20,100.0,0.024593828629542912
TAP,PSH,cluster,cheap,mlp,150,0.20457860726082103,0.13282661555395617,20,150.0,0.029700934159987685
TAP,PSH,cluster,cheap,mlp,25,0.11257974842753198,0.10520447102322004,20,25.0,0.023524434874482688
TAP,PSH,cluster,cheap,mlp,50,0.1477323391221562,0.12080824052357537,20,50.0,0.027013543805285933
TAP,PSH,cluster,cheap,mlp,all,0.20504041750909519,0.13588867938560248,20,180.1,0.03038563244788815
TAP,PSH,cluster,esm2,gbm,100,0.3321963996207719,0.13084816191587692,20,100.0,0.02925853847747999
TAP,PSH,cluster,esm2,gbm,150,0.3825165651218209,0.12683545870320395,20,150.0,0.028361270761773135
TAP,PSH,cluster,esm2,gbm,25,0.16135705137710296,0.09134286444795292,20,25.0,0.02042488541651715
TAP,PSH,cluster,esm2,gbm,50,0.2553700440130045,0.15242010730393,20,50.0,0.034082172106939965
TAP,PSH,cluster,esm2,gbm,all,0.3862940702161298,0.10157067453948562,20,180.1,0.022711893279079697
TAP,PSH,cluster,esm2,linear,100,0.46876415644560243,0.10586853559308379,20,100.0,0.023672924226449135
TAP,PSH,cluster,esm2,linear,150,0.514308803158,0.098904286884076,20,150.0,0.02211567087389348
TAP,PSH,cluster,esm2,linear,25,0.24758025582954768,0.09554706786793644,20,25.0,0.021364973880349178
TAP,PSH,cluster,esm2,linear,50,0.3579162003602642,0.141786048949788,20,50.0,0.031704324371283864
TAP,PSH,cluster,esm2,linear,all,0.5250134636448823,0.0869157036799582,20,180.1,0.019434942174061515
TAP,PSH,cluster,esm2,mlp,100,0.10303579196065933,0.12159649770730638,20,100.0,0.027189803469943437
TAP,PSH,cluster,esm2,mlp,150,0.16192000360962666,0.11035806364046276,20,150.0,0.024676813216532263
TAP,PSH,cluster,esm2,mlp,25,-0.026027423883240634,0.12404260443423293,20,25.0,0.027736769562106165
TAP,PSH,cluster,esm2,mlp,50,0.005904134063936829,0.15949508513150545,20,50.0,0.035664185243116216
TAP,PSH,cluster,esm2,mlp,all,0.20250544945567167,0.10859773590938733,20,180.1,0.024283191969596
TAP,PSH,cluster,esm2+cheap,gbm,100,0.33791217677803076,0.12610588185277197,20,100.0,0.028198132418535523
TAP,PSH,cluster,esm2+cheap,gbm,150,0.3992423452978319,0.11707709729948652,20,150.0,0.02617923481700089
TAP,PSH,cluster,esm2+cheap,gbm,25,0.17081856372123605,0.09492916902721679,20,25.0,0.021226807499242432
TAP,PSH,cluster,esm2+cheap,gbm,50,0.2742704482626981,0.1497051339958618,20,50.0,0.033475085619546166
TAP,PSH,cluster,esm2+cheap,gbm,all,0.39529206004298395,0.127936171074439,20,180.1,0.02860739753034879
TAP,PSH,cluster,esm2+cheap,linear,100,0.4699740798544642,0.09676613067330984,20,100.0,0.02163756461051483
TAP,PSH,cluster,esm2+cheap,linear,150,0.5196794748239105,0.09419976556285409,20,150.0,0.021063707926308548
TAP,PSH,cluster,esm2+cheap,linear,25,0.25943279175451883,0.10086835665628105,20,25.0,0.02255485022621378
TAP,PSH,cluster,esm2+cheap,linear,50,0.3656871497762937,0.14179789567161166,20,50.0,0.03170697337881469
TAP,PSH,cluster,esm2+cheap,linear,all,0.5341141489645854,0.0833055070669799,20,180.1,0.018627677670185618
TAP,PSH,cluster,esm2+cheap,mlp,100,0.11019402648628215,0.11432279969036512,20,100.0,0.02556335514857483
TAP,PSH,cluster,esm2+cheap,mlp,150,0.17484686405894903,0.11109008453735889,20,150.0,0.024840498065173272
TAP,PSH,cluster,esm2+cheap,mlp,25,-0.022860158990566017,0.14513497380177656,20,25.0,0.032453166733342344
TAP,PSH,cluster,esm2+cheap,mlp,50,0.008771576937739374,0.16493747971205336,20,50.0,0.03688114166736437
TAP,PSH,cluster,esm2+cheap,mlp,all,0.21543360136501355,0.10377383866177815,20,180.1,0.023204535753383174
TAP,PSH,cluster,random,gbm,100,-0.0020270830266634564,0.12152369430832187,20,100.0,0.0271735241350312
TAP,PSH,cluster,random,gbm,150,0.009888876589144042,0.10158760617541468,20,150.0,0.022715679307970464
TAP,PSH,cluster,random,gbm,25,0.030892922965008906,0.12239797883971569,20,25.0,0.02736902009941851
TAP,PSH,cluster,random,gbm,50,-0.006446940180565098,0.13983554927743053,20,50.0,0.031268179385535624
TAP,PSH,cluster,random,gbm,all,-0.0012260148276621405,0.09656960915736351,20,180.1,0.0215936210636451
TAP,PSH,cluster,random,linear,100,-0.07712507113384928,0.1174325682364093,20,100.0,0.026258720534899378
TAP,PSH,cluster,random,linear,150,-0.08815706078011759,0.10679128457260453,20,150.0,0.02387925717088683
TAP,PSH,cluster,random,linear,25,-0.006828038489482801,0.13230391711649578,20,25.0,0.02958405523619825
TAP,PSH,cluster,random,linear,50,-0.04795412391181743,0.11860286248359696,20,50.0,0.02652040628393823
TAP,PSH,cluster,random,linear,all,-0.0892899233160445,0.10113093174930032,20,180.1,0.022613563801932725
TAP,PSH,cluster,random,mlp,100,-0.0946257106876502,0.12115135868625679,20,100.0,0.02709026735889298
TAP,PSH,cluster,random,mlp,150,-0.11821124001314683,0.11307058393824049,20,150.0,0.02528335119415016
TAP,PSH,cluster,random,mlp,25,-0.006667001736401862,0.10707244146282273,20,25.0,0.023942125762773863
TAP,PSH,cluster,random,mlp,50,-0.05012353235259335,0.12921248543561037,20,50.0,0.02889279009757263
TAP,PSH,cluster,random,mlp,all,-0.11471220172592386,0.10174649789867558,20,180.1,0.022751208577397812
TAP,PSH,random,aac,gbm,100,0.3490428344791115,0.10291733313103685,20,100.0,0.023013015294398965
TAP,PSH,random,aac,gbm,150,0.4127498677948175,0.09114992081053182,20,150.0,0.020381741907607186
TAP,PSH,random,aac,gbm,25,0.1736938127974616,0.12452496039075278,20,25.0,0.027844627632919196
TAP,PSH,random,aac,gbm,50,0.30471708090957156,0.12642673764991913,20,50.0,0.028269877955875117
TAP,PSH,random,aac,gbm,all,0.4290957165520887,0.08034165226238345,20,180.0,0.017964939588333916
TAP,PSH,random,aac,linear,100,0.46663405605499725,0.10827450168481423,20,100.0,0.02421091459971601
TAP,PSH,random,aac,linear,150,0.49222369116869374,0.09906976824652845,20,150.0,0.022152673631438774
TAP,PSH,random,aac,linear,25,0.26671073506081433,0.14565074094204067,20,25.0,0.03256849577196147
TAP,PSH,random,aac,linear,50,0.3988736118455843,0.11677453426554923,20,50.0,0.026111579665864654
TAP,PSH,random,aac,linear,all,0.5178609201480697,0.09219097888967084,20,180.0,0.02061452957095521
TAP,PSH,random,aac,mlp,100,0.17390534108937064,0.11831103187229962,20,100.0,0.026455150975460615
TAP,PSH,random,aac,mlp,150,0.20622421998942353,0.08918633185891615,20,150.0,0.019942670070039168
TAP,PSH,random,aac,mlp,25,0.11887361184558431,0.121949682220473,20,25.0,0.02726877792794751
TAP,PSH,random,aac,mlp,50,0.16244843997884711,0.13291200835604247,20,50.0,0.029720028571013104
TAP,PSH,random,aac,mlp,all,0.21704389212057107,0.09879480915591678,20,180.0,0.022091190909674853
TAP,PSH,random,biophys,gbm,100,0.25060285563194074,0.10838234977143903,20,100.0,0.024235030165009646
TAP,PSH,random,biophys,gbm,150,0.31923320994182963,0.11246428057907709,20,150.0,0.02514777764154258
TAP,PSH,random,biophys,gbm,25,0.09972236911686935,0.1498759331236566,20,25.0,0.033513277465570854
TAP,PSH,random,biophys,gbm,50,0.1782945531464833,0.12308240195126674,20,50.0,0.027522061759698516
TAP,PSH,random,biophys,gbm,all,0.32333950290851393,0.09368646327247027,20,180.0,0.020948930044878092
TAP,PSH,random,biophys,linear,100,0.44242728714965623,0.09713854014451948,20,100.0,0.021720837899823778
TAP,PSH,random,biophys,linear,150,0.47673717609730293,0.10245042349532185,20,150.0,0.022908611125918125
TAP,PSH,random,biophys,linear,25,0.19169487043892114,0.1433432149454526,20,25.0,0.03205251727313958
TAP,PSH,random,biophys,linear,50,0.3004098360655737,0.14946064797797373,20,50.0,0.033420416883991576
TAP,PSH,random,biophys,linear,all,0.4920227392913802,0.09450148513840204,20,180.0,0.021131174474415305
TAP,PSH,random,biophys,mlp,100,0.21783976731887883,0.14679492985449824,20,100.0,0.03282434419069714
TAP,PSH,random,biophys,mlp,150,0.21602326811210992,0.13307105246343695,20,150.0,0.029755591914568585
TAP,PSH,random,biophys,mlp,25,0.08003172924378632,0.13610457275331775,20,25.0,0.030433907672498418
TAP,PSH,random,biophys,mlp,50,0.13254627181385506,0.13470354366423953,20,50.0,0.03012062804433507
TAP,PSH,random,biophys,mlp,all,0.21920676890534102,0.1263244814504246,20,180.0,0.028247012774556064
TAP,PSH,random,cheap,gbm,100,0.37167636171337903,0.09094261758013661,20,100.0,0.020335387496095286
TAP,PSH,random,cheap,gbm,150,0.4149312533051295,0.0623638301253461,20,150.0,0.01394497634975231
TAP,PSH,random,cheap,gbm,25,0.20152829190904278,0.13693681831735702,20,25.0,0.030620003438014864
TAP,PSH,random,cheap,gbm,50,0.305171866737176,0.1300987328157988,20,50.0,0.029090961036270877
TAP,PSH,random,cheap,gbm,all,0.42324960338445256,0.10777251518991995,20,180.0,0.024098667007078967
TAP,PSH,random,cheap,linear,100,0.46108672659968264,0.11042123044379408,20,100.0,0.02469093774314928
TAP,PSH,random,cheap,linear,150,0.49253833950290843,0.0931305308570991,20,150.0,0.020824619777711533
TAP,PSH,random,cheap,linear,25,0.2895214172395557,0.15094128102617696,20,25.0,0.03375149649854309
TAP,PSH,random,cheap,linear,50,0.38352459016393436,0.1298842464161132,20,50.0,0.029043000419276255
TAP,PSH,random,cheap,linear,all,0.5139952406134319,0.08841244570583534,20,180.0,0.019769623865525717
TAP,PSH,random,cheap,mlp,100,0.17517979904812261,0.11871587835221828,20,100.0,0.02654567740041558
TAP,PSH,random,cheap,mlp,150,0.1969063987308302,0.10821725581948868,20,150.0,0.02419811403508614
TAP,PSH,random,cheap,mlp,25,0.0975938656795346,0.10497271380241223,20,25.0,0.023472612384482415
TAP,PSH,random,cheap,mlp,50,0.1494685351665785,0.14570193463333,20,50.0,0.03257994302933568
TAP,PSH,random,cheap,mlp,all,0.20148598625066097,0.12227016732423764,20,180.0,0.02734044057572689
TAP,PSH,random,esm2,gbm,100,0.3480698043363299,0.09541336625404231,20,100.0,0.021335077290612306
TAP,PSH,random,esm2,gbm,150,0.3468535166578529,0.10755865113786299,20,150.0,0.024050845551244673
TAP,PSH,random,esm2,gbm,25,0.166620835536753,0.14647045776709736,20,25.0,0.03275179002627417
TAP,PSH,random,esm2,gbm,50,0.26094658910629287,0.16682563015930496,20,50.0,0.037303344942544496
TAP,PSH,random,esm2,gbm,all,0.3618931782125859,0.08940448053988162,20,180.0,0.01999144959802324
TAP,PSH,random,esm2,linear,100,0.4565705975674246,0.1072483599077779,20,100.0,0.023981462322915443
TAP,PSH,random,esm2,linear,150,0.49088048651507127,0.09942828607017334,20,150.0,0.0222328406539203
TAP,PSH,random,esm2,linear,25,0.23281861448968794,0.16142593331989902,20,25.0,0.036095936023464247
TAP,PSH,random,esm2,linear,50,0.3444843997884716,0.12201795576617844,20,50.0,0.02728404435687374
TAP,PSH,random,esm2,linear,all,0.5217080909571654,0.11737747298951962,20,180.0,0.02624640086317113
TAP,PSH,random,esm2,mlp,100,0.12770227392913797,0.15321531843523487,20,100.0,0.03425998672154618
TAP,PSH,random,esm2,mlp,150,0.19094923320994178,0.12685007592673375,20,150.0,0.028364539272318627
TAP,PSH,random,esm2,mlp,25,0.030621364357482816,0.1506538755843275,20,25.0,0.03368723068803521
TAP,PSH,random,esm2,mlp,50,0.07707033315705973,0.17248735600488022,20,50.0,0.03856934532861187
TAP,PSH,random,esm2,mlp,all,0.22645690111052347,0.13080045845971508,20,180.0,0.029247871660406034
TAP,PSH,random,esm2+cheap,gbm,100,0.3532337387625594,0.0864187812031083,20,100.0,0.01932382693028312
TAP,PSH,random,esm2+cheap,gbm,150,0.3731411951348492,0.11095614692167333,20,150.0,0.024810548703831557
TAP,PSH,random,esm2+cheap,gbm,25,0.1592728714965626,0.13416246726336933,20,25.0,0.0299996396829984
TAP,PSH,random,esm2+cheap,gbm,50,0.2740745637228979,0.16177454929671967,20,50.0,0.03617388892568559
TAP,PSH,random,esm2+cheap,gbm,all,0.38885245901639337,0.09291667747987686,20,180.0,0.02077680070884285
TAP,PSH,random,esm2+cheap,linear,100,0.4628609201480697,0.10575991822661576,20,100.0,0.023648636644953185
TAP,PSH,random,esm2+cheap,linear,150,0.4937123215230036,0.09831367748695892,20,150.0,0.021983606597883083
TAP,PSH,random,esm2+cheap,linear,25,0.23924643046007402,0.1627216596803665,20,25.0,0.03638566924568862
TAP,PSH,random,esm2+cheap,linear,50,0.3515864621893177,0.120743422400761,20,50.0,0.026999050032407244
TAP,PSH,random,esm2+cheap,linear,all,0.5275171866737175,0.11266700167288453,20,180.0,0.025193107456165233
TAP,PSH,random,esm2+cheap,mlp,100,0.1449682707562136,0.1519076340981773,20,100.0,0.03396757961446894
TAP,PSH,random,esm2+cheap,mlp,150,0.21059756742464297,0.14048688236660606,20,150.0,0.03141382189187476
TAP,PSH,random,esm2+cheap,mlp,25,0.034217345319936546,0.1644440739423789,20,25.0,0.0367708127832161
TAP,PSH,random,esm2+cheap,mlp,50,0.08940772078265466,0.17748244339569516,20,50.0,0.0396862808245533
TAP,PSH,random,esm2+cheap,mlp,all,0.2498519301956636,0.11807088992015538,20,180.0,0.026401453602536214
TAP,PSH,random,random,gbm,100,0.018170280274986773,0.10762093213895897,20,100.0,0.02406477200646041
TAP,PSH,random,random,gbm,150,0.011382866208355354,0.1322226233311904,20,150.0,0.02956587739318914
TAP,PSH,random,random,gbm,25,-0.016570597567424624,0.13389893151470694,20,25.0,0.02994071129814736
TAP,PSH,random,random,gbm,50,0.0017556848228450616,0.12981590110219404,20,50.0,0.029027717942489574
TAP,PSH,random,random,gbm,all,0.00524854574299312,0.10997097368414221,20,180.0,0.024590257270958246
TAP,PSH,random,random,linear,100,-0.037197250132205165,0.11549093307196703,20,100.0,0.02582455771337969
TAP,PSH,random,random,linear,150,-0.03347699629825488,0.09896445110076667,20,150.0,0.022129124001726813
TAP,PSH,random,random,linear,25,-0.03404547858276043,0.10727694914532691,20,25.0,0.023987855070773893
TAP,PSH,random,random,linear,50,-0.03921734531993652,0.10148736649718622,20,50.0,0.02269326503451431
TAP,PSH,random,random,linear,all,-0.03570333157059754,0.0948928781418119,20,180.0,0.021218692610569533
TAP,PSH,random,random,mlp,100,-0.09468799576943412,0.09578428372256503,20,100.0,0.021418016957978202
TAP,PSH,random,random,mlp,150,-0.08822580645161285,0.11413909304948447,20,150.0,0.0255222770948821
TAP,PSH,random,random,mlp,25,-0.10321523003701742,0.13860042283635712,20,25.0,0.030991996717230873
TAP,PSH,random,random,mlp,50,-0.08529349550502377,0.11397793161260576,20,50.0,0.02548624030206087
TAP,PSH,random,random,mlp,all,-0.08161554732945528,0.10404884518503099,20,180.0,0.023266029081408096
TAP,SFvCSP,cluster,aac,gbm,100,0.3555823220268758,0.11315766238701218,20,100.0,0.025302822527233034
TAP,SFvCSP,cluster,aac,gbm,150,0.4388615453115231,0.13318229516028213,20,150.0,0.02978046653778321
TAP,SFvCSP,cluster,aac,gbm,25,0.18574469639397034,0.15487712671191778,20,25.0,0.03463157834876966
TAP,SFvCSP,cluster,aac,gbm,50,0.25490878072282463,0.12430811477283,20,50.0,0.02779613947868937
TAP,SFvCSP,cluster,aac,gbm,all,0.4616741970807775,0.115984579586213,20,180.1,0.02593494042965067
TAP,SFvCSP,cluster,aac,linear,100,0.5813246224442767,0.10064685450967772,20,100.0,0.022505320840517064
TAP,SFvCSP,cluster,aac,linear,150,0.6430806895129263,0.07667986892734936,20,150.0,0.017146139942732706
TAP,SFvCSP,cluster,aac,linear,25,0.25826904957861696,0.1609544672454264,20,25.0,0.03599051300430367
TAP,SFvCSP,cluster,aac,linear,50,0.3967231901775653,0.11724595657756516,20,50.0,0.026216992899442428
TAP,SFvCSP,cluster,aac,linear,all,0.6650306957661197,0.08539974510976991,20,180.1,0.019095963532660076
TAP,SFvCSP,cluster,aac,mlp,100,0.5243107984597656,0.11704864895240408,20,100.0,0.026172873573208504
TAP,SFvCSP,cluster,aac,mlp,150,0.5773611091942181,0.07585332783459972,20,150.0,0.01696131973577419
TAP,SFvCSP,cluster,aac,mlp,25,0.27147362227915783,0.135432624743807,20,25.0,0.030283655529837247
TAP,SFvCSP,cluster,aac,mlp,50,0.38612623083098035,0.0956952117713041,20,50.0,0.021398099864187402
TAP,SFvCSP,cluster,aac,mlp,all,0.6126574501203749,0.08007065434730797,20,180.1,0.017904342612346965
TAP,SFvCSP,cluster,biophys,gbm,100,0.7635679111160315,0.07038980440755034,20,100.0,0.015739638757819686
TAP,SFvCSP,cluster,biophys,gbm,150,0.7831890806128271,0.05378042277422274,20,150.0,0.012025668118183987
TAP,SFvCSP,cluster,biophys,gbm,25,0.6393060048018979,0.11577581256356277,20,25.0,0.025888258704240052
TAP,SFvCSP,cluster,biophys,gbm,50,0.7100873440651424,0.07648830416918857,20,50.0,0.017103304760598622
TAP,SFvCSP,cluster,biophys,gbm,all,0.7927015970392638,0.051660376967262084,20,180.1,0.011551611464206244
TAP,SFvCSP,cluster,biophys,linear,100,0.8100590148791964,0.05642396272690259,20,100.0,0.012616781621726858
TAP,SFvCSP,cluster,biophys,linear,150,0.821419009855255,0.04781078658522977,20,150.0,0.01069081688623088
TAP,SFvCSP,cluster,biophys,linear,25,0.7201322075264958,0.10084624745747106,20,25.0,0.02254990645906706
TAP,SFvCSP,cluster,biophys,linear,50,0.7676198238691899,0.08783825044582619,20,50.0,0.019641229902151856
TAP,SFvCSP,cluster,biophys,linear,all,0.8228397706428929,0.049650281060762025,20,180.1,0.011102140355383424
TAP,SFvCSP,cluster,biophys,mlp,100,0.7446110116758241,0.06530128626266947,20,100.0,0.014601811510150211
TAP,SFvCSP,cluster,biophys,mlp,150,0.740011770728745,0.057681705097321775,20,150.0,0.01289802136557076
TAP,SFvCSP,cluster,biophys,mlp,25,0.7000392137094434,0.07183182339328893,20,25.0,0.016062084005515367
TAP,SFvCSP,cluster,biophys,mlp,50,0.7251999823656156,0.055410682328855355,20,50.0,0.012390205236696693
TAP,SFvCSP,cluster,biophys,mlp,all,0.74088149207931,0.05685477410219936,20,180.1,0.012713113973791233
TAP,SFvCSP,cluster,cheap,gbm,100,0.7547322708845633,0.07720171911031701,20,100.0,0.017262829191051342
TAP,SFvCSP,cluster,cheap,gbm,150,0.780204323701443,0.058505969755252955,20,150.0,0.013082332546229234
TAP,SFvCSP,cluster,cheap,gbm,25,0.6163077582337136,0.14142630435871528,20,25.0,0.03162388303526622
TAP,SFvCSP,cluster,cheap,gbm,50,0.6954706685409986,0.07103936965740898,20,50.0,0.015884885963270243
TAP,SFvCSP,cluster,cheap,gbm,all,0.7765677373967874,0.058940945757242826,20,180.1,0.013179596137132276
TAP,SFvCSP,cluster,cheap,linear,100,0.7736799605226066,0.05925509981189733,20,100.0,0.013249843119293742
TAP,SFvCSP,cluster,cheap,linear,150,0.7933460750875831,0.052690960616723355,20,150.0,0.011782056973875766
TAP,SFvCSP,cluster,cheap,linear,25,0.6577840757574058,0.09994696240809083,20,25.0,0.022348820208910714
TAP,SFvCSP,cluster,cheap,linear,50,0.7236605827205022,0.07291701259358849,20,50.0,0.01630473968754721
TAP,SFvCSP,cluster,cheap,linear,all,0.8029365855023514,0.052359619743001656,20,180.1,0.011707966902139176
TAP,SFvCSP,cluster,cheap,mlp,100,0.6982167262221937,0.0679796706034523,20,100.0,0.015200716455736347
TAP,SFvCSP,cluster,cheap,mlp,150,0.7098308683758835,0.06491095789619149,20,150.0,0.014514531434051089
TAP,SFvCSP,cluster,cheap,mlp,25,0.5900438970361757,0.11184985329630498,20,25.0,0.025010387524391685
TAP,SFvCSP,cluster,cheap,mlp,50,0.6545092724964076,0.0725886671956508,20,50.0,0.01623131942455842
TAP,SFvCSP,cluster,cheap,mlp,all,0.7223407292880843,0.06047624794676366,20,180.1,0.013522900143309561
TAP,SFvCSP,cluster,esm2,gbm,100,0.5048810929542128,0.08406615327014241,20,100.0,0.018797763331895468
TAP,SFvCSP,cluster,esm2,gbm,150,0.5525737411179816,0.11170321154180779,20,150.0,0.02497759743125213
TAP,SFvCSP,cluster,esm2,gbm,25,0.28075540659141923,0.12178507057420945,20,25.0,0.02723196964485417
TAP,SFvCSP,cluster,esm2,gbm,50,0.3717690216729593,0.11594550032279845,20,50.0,0.025926202040700112
TAP,SFvCSP,cluster,esm2,gbm,all,0.6074565000329222,0.09220839011658269,20,180.1,0.020618422839649864
TAP,SFvCSP,cluster,esm2,linear,100,0.6253327300044433,0.07330923866363864,20,100.0,0.016392444103065184
TAP,SFvCSP,cluster,esm2,linear,150,0.6570579314416216,0.09127449516891753,20,150.0,0.020409597580967574
TAP,SFvCSP,cluster,esm2,linear,25,0.44397655577234046,0.0936901711084798,20,25.0,0.020949759142214763
TAP,SFvCSP,cluster,esm2,linear,50,0.543595327533907,0.08963003178774498,20,50.0,0.020041884390286476
TAP,SFvCSP,cluster,esm2,linear,all,0.6673015319171699,0.07910807811314224,20,180.1,0.017689104023034936
TAP,SFvCSP,cluster,esm2,mlp,100,0.6284852271191974,0.07421806836122026,20,100.0,0.01659566460144149
TAP,SFvCSP,cluster,esm2,mlp,150,0.64521636630413,0.06142171332614372,20,150.0,0.013734312629176206
TAP,SFvCSP,cluster,esm2,mlp,25,0.45313213529091384,0.12816793025559697,20,25.0,0.02865922045869668
TAP,SFvCSP,cluster,esm2,mlp,50,0.5484143843372116,0.06993973021717155,20,50.0,0.01563899910935917
TAP,SFvCSP,cluster,esm2,mlp,all,0.6644385818054256,0.05600177673291449,20,180.1,0.012522377963556288
TAP,SFvCSP,cluster,esm2+cheap,gbm,100,0.7392189618520132,0.07610046582691928,20,100.0,0.017016581470839124
TAP,SFvCSP,cluster,esm2+cheap,gbm,150,0.7714075935761084,0.06441043778295891,20,150.0,0.014402611734321695
TAP,SFvCSP,cluster,esm2+cheap,gbm,25,0.5019764627498974,0.157327251744227,20,25.0,0.03517944296133139
TAP,SFvCSP,cluster,esm2+cheap,gbm,50,0.6646272511452261,0.08952226222985274,20,50.0,0.02001778638455126
TAP,SFvCSP,cluster,esm2+cheap,gbm,all,0.7692028890831406,0.059257456296274116,20,180.1,0.013250370045219183
TAP,SFvCSP,cluster,esm2+cheap,linear,100,0.6529390905017769,0.07229061332036384,20,100.0,0.01616467255194853
TAP,SFvCSP,cluster,esm2+cheap,linear,150,0.6754478650543281,0.0857202981196705,20,150.0,0.01916764136471306
TAP,SFvCSP,cluster,esm2+cheap,linear,25,0.4686106922310233,0.09179656588794696,20,25.0,0.020526336142648774
TAP,SFvCSP,cluster,esm2+cheap,linear,50,0.5745425263972012,0.09070337853536445,20,50.0,0.02028189201939702
TAP,SFvCSP,cluster,esm2+cheap,linear,all,0.6902593531350318,0.07545307136312139,20,180.1,0.016871819667908215
TAP,SFvCSP,cluster,esm2+cheap,mlp,100,0.627599973414896,0.07421499944707871,20,100.0,0.01659497837137773
TAP,SFvCSP,cluster,esm2+cheap,mlp,150,0.672814170240799,0.06099542421577731,20,150.0,0.013638991486291486
TAP,SFvCSP,cluster,esm2+cheap,mlp,25,0.4722106073941855,0.1223988805375605,20,25.0,0.027369221725186126
TAP,SFvCSP,cluster,esm2+cheap,mlp,50,0.5605655852067852,0.08870050159402501,20,50.0,0.019834035120256836
TAP,SFvCSP,cluster,esm2+cheap,mlp,all,0.6796474226795144,0.06374351874242577,20,180.1,0.014253484103309592
TAP,SFvCSP,cluster,random,gbm,100,-0.02848921999801493,0.1508402770910532,20,100.0,0.033728911332049916
TAP,SFvCSP,cluster,random,gbm,150,-0.021182822370936653,0.1561577769323627,20,150.0,0.03491794044360116
TAP,SFvCSP,cluster,random,gbm,25,-0.01589117394135251,0.139616637640259,20,25.0,0.031219229255357493
TAP,SFvCSP,cluster,random,gbm,50,-0.01333869587388265,0.15599512205993488,20,50.0,0.03488156970843914
TAP,SFvCSP,cluster,random,gbm,all,-0.019601631136367748,0.14929203001311586,20,180.1,0.033382712760826584
TAP,SFvCSP,cluster,random,linear,100,-0.08498218562508332,0.15381361369941643,20,100.0,0.034393769609678805
TAP,SFvCSP,cluster,random,linear,150,-0.09124044605931181,0.12967821664116183,20,150.0,0.02899693076105823
TAP,SFvCSP,cluster,random,linear,25,-0.05054567784805537,0.1038147000016254,20,25.0,0.02321367262673819
TAP,SFvCSP,cluster,random,linear,50,-0.05360347473532499,0.11730112899899482,20,50.0,0.026229329827922428
TAP,SFvCSP,cluster,random,linear,all,-0.09052585414918554,0.14166723942370343,20,180.1,0.0316777577536139
TAP,SFvCSP,cluster,random,mlp,100,-0.04074610048533874,0.15454846350475923,20,100.0,0.0345580870214787
TAP,SFvCSP,cluster,random,mlp,150,-0.06997760863522037,0.14023568514520235,20,150.0,0.03135765248559299
TAP,SFvCSP,cluster,random,mlp,25,-0.019005347703205215,0.12241270289559489,20,25.0,0.02737231249840355
TAP,SFvCSP,cluster,random,mlp,50,-0.023561236497595523,0.11183174047149085,20,50.0,0.02500633737363679
TAP,SFvCSP,cluster,random,mlp,all,-0.051950611063721605,0.13836445644739104,20,180.1,0.03093923302861754
TAP,SFvCSP,random,aac,gbm,100,0.3672887097178591,0.10776053549049343,20,100.0,0.024095988264852194
TAP,SFvCSP,random,aac,gbm,150,0.46575531482478316,0.12180734015649704,20,150.0,0.027236949274836723
TAP,SFvCSP,random,aac,gbm,25,0.11676085338716455,0.14283702075065033,20,25.0,0.031939328810200215
TAP,SFvCSP,random,aac,gbm,50,0.24428088100142542,0.14461956299802078,20,50.0,0.03233791737398877
TAP,SFvCSP,random,aac,gbm,all,0.49144221429259616,0.0994273467270974,20,180.0,0.0222326306104231
TAP,SFvCSP,random,aac,linear,100,0.5628160506179455,0.09647665288753327,20,100.0,0.021572835409817574
TAP,SFvCSP,random,aac,linear,150,0.6523359978087993,0.07390747476290883,20,150.0,0.01652621376152143
TAP,SFvCSP,random,aac,linear,25,0.19049215017415286,0.12681492744581674,20,25.0,0.028356679833055
TAP,SFvCSP,random,aac,linear,50,0.35045474105039454,0.14054510693202404,20,50.0,0.03142684130049827
TAP,SFvCSP,random,aac,linear,all,0.6805648293778023,0.06485558433157411,20,180.0,0.014502149528586996
TAP,SFvCSP,random,aac,mlp,100,0.4987001824064262,0.09241894520610115,20,100.0,0.020665504388967047
TAP,SFvCSP,random,aac,mlp,150,0.5789732014048476,0.07707473294066794,20,150.0,0.017234434220297575
TAP,SFvCSP,random,aac,mlp,25,0.20658652424649526,0.1405833330751095,20,25.0,0.03143538892594394
TAP,SFvCSP,random,aac,mlp,50,0.35159188486320464,0.1380202247167725,20,50.0,0.030862260473649997
TAP,SFvCSP,random,aac,mlp,all,0.601038732579319,0.06680128042714982,20,180.0,0.014937220401913318
TAP,SFvCSP,random,biophys,gbm,100,0.7516030400779896,0.07225767609134993,20,100.0,0.016157307563641976
TAP,SFvCSP,random,biophys,gbm,150,0.7788582791110228,0.05495041768905826,20,150.0,0.012287286934474118
TAP,SFvCSP,random,biophys,gbm,25,0.6107256229569109,0.10927452437466843,20,25.0,0.02443452647107163
TAP,SFvCSP,random,biophys,gbm,50,0.6815162935184332,0.08095496548263338,20,50.0,0.01810208059353173
TAP,SFvCSP,random,biophys,gbm,all,0.7912257716686186,0.047033155301728156,20,180.0,0.010516933245096878
TAP,SFvCSP,random,biophys,linear,100,0.8123682140771301,0.06142874496603154,20,100.0,0.013735884951654453
TAP,SFvCSP,random,biophys,linear,150,0.8176947948760095,0.05584580175923548,20,150.0,0.012487500899162788
TAP,SFvCSP,random,biophys,linear,25,0.6969945976041595,0.09509063242108107,20,25.0,0.021262911811698267
TAP,SFvCSP,random,biophys,linear,50,0.7748064378073534,0.08418820254122261,20,50.0,0.01882505437856943
TAP,SFvCSP,random,biophys,linear,all,0.8149901698452305,0.05871217049087528,20,180.0,0.013128440432415431
TAP,SFvCSP,random,biophys,mlp,100,0.7342584322870769,0.07695123356047288,20,100.0,0.017206818919368053
TAP,SFvCSP,random,biophys,mlp,150,0.7519309840070565,0.0743640789965805,20,150.0,0.016628313572051835
TAP,SFvCSP,random,biophys,mlp,25,0.675203241705862,0.10663074406307795,20,25.0,0.02384335922164244
TAP,SFvCSP,random,biophys,mlp,50,0.7067816098907408,0.07663357198975972,20,50.0,0.017135787632772653
TAP,SFvCSP,random,biophys,mlp,all,0.7485249865297312,0.0691194886517333,20,180.0,0.015455587519530094
TAP,SFvCSP,random,cheap,gbm,100,0.7640124002092157,0.06288504269874376,20,100.0,0.014061523024236787
TAP,SFvCSP,random,cheap,gbm,150,0.7640978755608046,0.07633380760929735,20,150.0,0.017068758279577958
TAP,SFvCSP,random,cheap,gbm,25,0.595842458575251,0.10348350653046971,20,25.0,0.023139615515217368
TAP,SFvCSP,random,cheap,gbm,50,0.6646026194888577,0.08701313352559152,20,50.0,0.01945672814984886
TAP,SFvCSP,random,cheap,gbm,all,0.7803085486992687,0.06134609140904031,20,180.0,0.013717403054452997
TAP,SFvCSP,random,cheap,linear,100,0.7751155143169812,0.06131455202585961,20,100.0,0.013710350633976952
TAP,SFvCSP,random,cheap,linear,150,0.8035075247832648,0.05185553271247443,20,150.0,0.011595249615455688
TAP,SFvCSP,random,cheap,linear,25,0.6079719547630897,0.10304241199231054,20,25.0,0.02304098377803459
TAP,SFvCSP,random,cheap,linear,50,0.6932270605643213,0.07529031651577957,20,50.0,0.01683542657767582
TAP,SFvCSP,random,cheap,linear,all,0.8097180148483882,0.047428490936691194,20,180.0,0.010605332980467418
TAP,SFvCSP,random,cheap,mlp,100,0.6956632586374079,0.08071739003202931,20,100.0,0.018048957107798146
TAP,SFvCSP,random,cheap,mlp,150,0.7096869273154287,0.0692234079508925,20,150.0,0.015478824581239505
TAP,SFvCSP,random,cheap,mlp,25,0.5303829105197757,0.13642724014697163,20,25.0,0.030506058295131696
TAP,SFvCSP,random,cheap,mlp,50,0.6267377990269062,0.09945859389060623,20,50.0,0.02223961768859408
TAP,SFvCSP,random,cheap,mlp,all,0.7293918320214707,0.06644022835160503,20,180.0,0.014856486703479763
TAP,SFvCSP,random,esm2,gbm,100,0.48115828089381446,0.12946125406134054,20,100.0,0.028948416453352818
TAP,SFvCSP,random,esm2,gbm,150,0.5547614084743391,0.10004864515170118,20,150.0,0.02237155716159586
TAP,SFvCSP,random,esm2,gbm,25,0.2240838441450574,0.16787066020343827,20,25.0,0.03753702076426566
TAP,SFvCSP,random,esm2,gbm,50,0.3754950574239354,0.17123489832339617,20,50.0,0.03828928727713786
TAP,SFvCSP,random,esm2,gbm,all,0.5710425027585827,0.08981995401882639,20,180.0,0.02008435229220012
TAP,SFvCSP,random,esm2,linear,100,0.6201552826209608,0.07955216797659549,20,100.0,0.017788405535314942
TAP,SFvCSP,random,esm2,linear,150,0.6563603084936634,0.06981688158739802,20,150.0,0.015611529320647539
TAP,SFvCSP,random,esm2,linear,25,0.38905889043999536,0.1672261898985151,20,25.0,0.03739291282313684
TAP,SFvCSP,random,esm2,linear,50,0.5303996699664193,0.12647824522769127,20,50.0,0.028281395400400602
TAP,SFvCSP,random,esm2,linear,all,0.6650347908837395,0.05722362317781988,20,180.0,0.012795591134443778
TAP,SFvCSP,random,esm2,mlp,100,0.6135441117716752,0.0791607441489159,20,100.0,0.017700880506644468
TAP,SFvCSP,random,esm2,mlp,150,0.6633938512513939,0.06072532149176006,20,150.0,0.013578594681110443
TAP,SFvCSP,random,esm2,mlp,25,0.3925712756623081,0.156333522118663,20,25.0,0.034957238261929736
TAP,SFvCSP,random,esm2,mlp,50,0.5184210039938618,0.11448077821814179,20,50.0,0.025598680221284226
TAP,SFvCSP,random,esm2,mlp,all,0.681051254258049,0.051959003086321544,20,180.0,0.011618386294413634
TAP,SFvCSP,random,esm2+cheap,gbm,100,0.7246836518378195,0.07953864351002309,20,100.0,0.017785381372653408
TAP,SFvCSP,random,esm2+cheap,gbm,150,0.7539991169642268,0.06906118507301134,20,150.0,0.015442550442994713
TAP,SFvCSP,random,esm2+cheap,gbm,25,0.4373135665042579,0.20690863429504244,20,25.0,0.046266177141535914
TAP,SFvCSP,random,esm2+cheap,gbm,50,0.6300077262400382,0.08379264595745967,20,50.0,0.018736605237545275
TAP,SFvCSP,random,esm2+cheap,gbm,all,0.7762428948652851,0.06890964502553532,20,180.0,0.01540866505824772
TAP,SFvCSP,random,esm2+cheap,linear,100,0.6416255040958354,0.0806265426890324,20,100.0,0.01802864302434651
TAP,SFvCSP,random,esm2+cheap,linear,150,0.6845940200180668,0.06267706742439293,20,150.0,0.014015018339128023
TAP,SFvCSP,random,esm2+cheap,linear,25,0.41013256934865294,0.15960854791257115,20,25.0,0.03568955629225412
TAP,SFvCSP,random,esm2+cheap,linear,50,0.5579830761649566,0.12568441068252398,20,50.0,0.028103888599812433
TAP,SFvCSP,random,esm2+cheap,linear,all,0.6957912347887205,0.05343303135428321,20,180.0,0.01194798903520549
TAP,SFvCSP,random,esm2+cheap,mlp,100,0.6260230133985643,0.08099027191890391,20,100.0,0.018109975352686148
TAP,SFvCSP,random,esm2+cheap,mlp,150,0.6759625974539726,0.05415419768761432,20,150.0,0.012109246729646753
TAP,SFvCSP,random,esm2+cheap,mlp,25,0.39188907544011115,0.15469213185478137,20,25.0,0.03459021224116517
TAP,SFvCSP,random,esm2+cheap,mlp,50,0.5115554601703782,0.11036146945638128,20,50.0,0.02467757478012353
TAP,SFvCSP,random,esm2+cheap,mlp,all,0.6957183309809384,0.03898590609485114,20,180.0,0.008717513619251051
TAP,SFvCSP,random,random,gbm,100,0.006387713231207959,0.10784850338236335,20,100.0,0.024115658483458043
TAP,SFvCSP,random,random,gbm,150,0.04167463225537347,0.07351249148236848,20,150.0,0.01643789281499502
TAP,SFvCSP,random,random,gbm,25,0.01602890869433902,0.12243764332473486,20,25.0,0.02737788934789805
TAP,SFvCSP,random,random,gbm,50,-0.0019786970588517505,0.11697493311804523,20,50.0,0.026156390211544055
TAP,SFvCSP,random,random,gbm,all,0.02235437346730996,0.11269161853077378,20,180.0,0.025198611952928513
TAP,SFvCSP,random,random,linear,100,-0.029668935563703515,0.10603027752052759,20,100.0,0.02370909082090675
TAP,SFvCSP,random,random,linear,150,-0.009033597007020274,0.09585564929096044,20,150.0,0.021433974784196706
TAP,SFvCSP,random,random,linear,25,0.012106171396710321,0.0922990521889685,20,25.0,0.020638695495333433
TAP,SFvCSP,random,random,linear,50,0.011065877386837532,0.10093028405762337,20,50.0,0.022568697614120916
TAP,SFvCSP,random,random,linear,all,-0.03306681545756037,0.08072226701937302,20,180.0,0.01805004763532074
TAP,SFvCSP,random,random,mlp,100,0.0028773513568559907,0.11138460682391012,20,100.0,0.024906355250534997
TAP,SFvCSP,random,random,mlp,150,0.005033262892773444,0.10768804165871164,20,150.0,0.024079778151270843
TAP,SFvCSP,random,random,mlp,25,0.0073275741212676295,0.12964766714112005,20,25.0,0.028990099685181025
TAP,SFvCSP,random,random,mlp,50,0.01273588503165642,0.1144425548667423,20,50.0,0.025590133220078515
TAP,SFvCSP,random,random,mlp,all,0.009287744364405284,0.09975065674597518,20,180.0,0.022304924928424844
