dataset,target,split,task,features,head,n_request,n_train,seed,n_test,auc,ap,degenerate,spearman,pearson,r2,rmse
SAbDab_Chen,developability,cluster,classification,cheap,linear,25,25,0,598,0.7528467575913536,0.438582117265755,False,,,,
SAbDab_Chen,developability,cluster,classification,cheap,linear,50,50,0,598,0.7303943643849716,0.42144804071699643,False,,,,
SAbDab_Chen,developability,cluster,classification,cheap,linear,100,100,0,598,0.7530236747297993,0.48005604778187694,False,,,,
SAbDab_Chen,developability,cluster,classification,cheap,linear,200,200,0,598,0.7452393206381883,0.5065033240049683,False,,,,
SAbDab_Chen,developability,cluster,classification,cheap,linear,500,500,0,598,0.7653435409161091,0.48079298314000685,False,,,,
SAbDab_Chen,developability,cluster,classification,cheap,linear,1000,1000,0,598,0.7967543746783323,0.511575260986463,False,,,,
SAbDab_Chen,developability,cluster,classification,cheap,linear,all,1811,0,598,0.7660190427174471,0.5091173928116101,False,,,,
SAbDab_Chen,developability,cluster,classification,cheap,linear,25,25,1,564,0.7268329896215818,0.4606509487801798,False,,,,
SAbDab_Chen,developability,cluster,classification,cheap,linear,50,50,1,564,0.6477792867561996,0.38608833433261924,False,,,,
SAbDab_Chen,developability,cluster,classification,cheap,linear,100,100,1,564,0.7466676726522811,0.5422970824587573,False,,,,
SAbDab_Chen,developability,cluster,classification,cheap,linear,200,200,1,564,0.6430008550877723,0.3688032951262885,False,,,,
SAbDab_Chen,developability,cluster,classification,cheap,linear,500,500,1,564,0.6894270911925959,0.5159610999569373,False,,,,
SAbDab_Chen,developability,cluster,classification,cheap,linear,1000,1000,1,564,0.7132354174001978,0.5055182795677818,False,,,,
SAbDab_Chen,developability,cluster,classification,cheap,linear,all,1845,1,564,0.7227922807370522,0.4726773081880192,False,,,,
SAbDab_Chen,developability,cluster,classification,cheap,linear,25,25,2,547,0.7137562319601155,0.42036466403296746,False,,,,
SAbDab_Chen,developability,cluster,classification,cheap,linear,50,50,2,547,0.6854172133298346,0.3810653338215706,False,,,,
SAbDab_Chen,developability,cluster,classification,cheap,linear,100,100,2,547,0.7738017143356948,0.5461865662590122,False,,,,
SAbDab_Chen,developability,cluster,classification,cheap,linear,200,200,2,547,0.7211471179917782,0.46187956252706264,False,,,,
SAbDab_Chen,developability,cluster,classification,cheap,linear,500,500,2,547,0.6235786757631419,0.2529102402100715,False,,,,
SAbDab_Chen,developability,cluster,classification,cheap,linear,1000,1000,2,547,0.6829244292836527,0.28100367826339934,False,,,,
SAbDab_Chen,developability,cluster,classification,cheap,linear,all,1862,2,547,0.7414173882620484,0.41953031455046785,False,,,,
SAbDab_Chen,developability,cluster,classification,cheap,linear,25,25,3,675,0.6034001670843776,0.24147048072357588,False,,,,
SAbDab_Chen,developability,cluster,classification,cheap,linear,50,50,3,675,0.6029156223893066,0.2463861049283887,False,,,,
SAbDab_Chen,developability,cluster,classification,cheap,linear,100,100,3,675,0.6491478696741855,0.2542952496451745,False,,,,
SAbDab_Chen,developability,cluster,classification,cheap,linear,200,200,3,675,0.7483959899749373,0.35931175832073436,False,,,,
SAbDab_Chen,developability,cluster,classification,cheap,linear,500,500,3,675,0.777719298245614,0.3968715884473429,False,,,,
SAbDab_Chen,developability,cluster,classification,cheap,linear,1000,1000,3,675,0.8103174603174602,0.5027045220081077,False,,,,
SAbDab_Chen,developability,cluster,classification,cheap,linear,all,1734,3,675,0.8414954051796157,0.5444835494169873,False,,,,
SAbDab_Chen,developability,cluster,classification,cheap,linear,25,25,4,623,0.5983965014577259,0.1911310124254358,False,,,,
SAbDab_Chen,developability,cluster,classification,cheap,linear,50,50,4,623,0.5061710398445092,0.16065702455896133,False,,,,
SAbDab_Chen,developability,cluster,classification,cheap,linear,100,100,4,623,0.7354227405247813,0.32574878910382665,False,,,,
SAbDab_Chen,developability,cluster,classification,cheap,linear,200,200,4,623,0.7447133138969874,0.3490703822020081,False,,,,
SAbDab_Chen,developability,cluster,classification,cheap,linear,500,500,4,623,0.7949562682215743,0.39894647753805174,False,,,,
SAbDab_Chen,developability,cluster,classification,cheap,linear,1000,1000,4,623,0.8227502429543245,0.4532737775152356,False,,,,
SAbDab_Chen,developability,cluster,classification,cheap,linear,all,1786,4,623,0.8232167152575315,0.4739626042925698,False,,,,
SAbDab_Chen,developability,cluster,classification,cheap,linear,25,25,5,436,0.4686203595362196,0.16610073429425387,False,,,,
SAbDab_Chen,developability,cluster,classification,cheap,linear,50,50,5,436,0.5852746161755842,0.24017000740719743,False,,,,
SAbDab_Chen,developability,cluster,classification,cheap,linear,100,100,5,436,0.5798496613835407,0.22586540470600652,False,,,,
SAbDab_Chen,developability,cluster,classification,cheap,linear,200,200,5,436,0.7555401907598482,0.4547815239310772,False,,,,
SAbDab_Chen,developability,cluster,classification,cheap,linear,500,500,5,436,0.7324220827571535,0.46670563357701356,False,,,,
SAbDab_Chen,developability,cluster,classification,cheap,linear,1000,1000,5,436,0.8063858454774315,0.4600879572678338,False,,,,
SAbDab_Chen,developability,cluster,classification,cheap,linear,all,1973,5,436,0.808371449845761,0.5057717503702984,False,,,,
SAbDab_Chen,developability,cluster,classification,cheap,linear,25,25,6,636,0.6487440540766085,0.27765350460591565,False,,,,
SAbDab_Chen,developability,cluster,classification,cheap,linear,50,50,6,636,0.6991654844362847,0.36763155126485125,False,,,,
SAbDab_Chen,developability,cluster,classification,cheap,linear,100,100,6,636,0.6691896853876325,0.2987672358746848,False,,,,
SAbDab_Chen,developability,cluster,classification,cheap,linear,200,200,6,636,0.6951931903530001,0.3635504483809824,False,,,,
SAbDab_Chen,developability,cluster,classification,cheap,linear,500,500,6,636,0.7543603438204123,0.4544258564362732,False,,,,
SAbDab_Chen,developability,cluster,classification,cheap,linear,1000,1000,6,636,0.7522573645998498,0.4359847501837264,False,,,,
SAbDab_Chen,developability,cluster,classification,cheap,linear,all,1773,6,636,0.7409580238671452,0.4131431984559489,False,,,,
SAbDab_Chen,developability,cluster,classification,cheap,linear,25,25,7,753,0.5879877495462794,0.24088354772165962,False,,,,
SAbDab_Chen,developability,cluster,classification,cheap,linear,50,50,7,753,0.6291288566243194,0.2799831236210302,False,,,,
SAbDab_Chen,developability,cluster,classification,cheap,linear,100,100,7,753,0.6481737749546279,0.3293125803079924,False,,,,
SAbDab_Chen,developability,cluster,classification,cheap,linear,200,200,7,753,0.7131238656987297,0.38944104121285383,False,,,,
SAbDab_Chen,developability,cluster,classification,cheap,linear,500,500,7,753,0.7301497277676952,0.3889712318216252,False,,,,
SAbDab_Chen,developability,cluster,classification,cheap,linear,1000,1000,7,753,0.7305467332123412,0.42162604436170903,False,,,,
SAbDab_Chen,developability,cluster,classification,cheap,linear,all,1656,7,753,0.7414473684210525,0.4708880902162415,False,,,,
SAbDab_Chen,developability,cluster,classification,cheap,linear,25,25,8,633,0.6502683363148478,0.26805745528416336,False,,,,
SAbDab_Chen,developability,cluster,classification,cheap,linear,50,50,8,633,0.7200357781753131,0.43658877593481216,False,,,,
SAbDab_Chen,developability,cluster,classification,cheap,linear,100,100,8,633,0.7342973563903797,0.4361750645859062,False,,,,
SAbDab_Chen,developability,cluster,classification,cheap,linear,200,200,8,633,0.768833233949513,0.4220522850523444,False,,,,
SAbDab_Chen,developability,cluster,classification,cheap,linear,500,500,8,633,0.775077850659246,0.4641528624090134,False,,,,
SAbDab_Chen,developability,cluster,classification,cheap,linear,1000,1000,8,633,0.7939773404889684,0.4866998756955822,False,,,,
SAbDab_Chen,developability,cluster,classification,cheap,linear,all,1776,8,633,0.7876499039289737,0.4805169463115368,False,,,,
SAbDab_Chen,developability,cluster,classification,cheap,linear,25,25,9,515,0.6675616547334924,0.3868110256743085,False,,,,
SAbDab_Chen,developability,cluster,classification,cheap,linear,50,50,9,515,0.665349045346062,0.3497229427754969,False,,,,
SAbDab_Chen,developability,cluster,classification,cheap,linear,100,100,9,515,0.6518496420047732,0.3465714289428256,False,,,,
SAbDab_Chen,developability,cluster,classification,cheap,linear,200,200,9,515,0.7227774463007162,0.4270598175345551,False,,,,
SAbDab_Chen,developability,cluster,classification,cheap,linear,500,500,9,515,0.7921638822593476,0.527357619402102,False,,,,
SAbDab_Chen,developability,cluster,classification,cheap,linear,1000,1000,9,515,0.817571599045346,0.5640426024655413,False,,,,
SAbDab_Chen,developability,cluster,classification,cheap,linear,all,1894,9,515,0.8515314240254575,0.6666242056170714,False,,,,
SAbDab_Chen,developability,cluster,classification,cheap,linear,25,25,10,639,0.6654134267566721,0.3428778481103432,False,,,,
SAbDab_Chen,developability,cluster,classification,cheap,linear,50,50,10,639,0.7308809706912758,0.44163026693304297,False,,,,
SAbDab_Chen,developability,cluster,classification,cheap,linear,100,100,10,639,0.7387564442165827,0.5188300290674023,False,,,,
SAbDab_Chen,developability,cluster,classification,cheap,linear,200,200,10,639,0.7493092939132416,0.443366586648391,False,,,,
SAbDab_Chen,developability,cluster,classification,cheap,linear,500,500,10,639,0.7812241875302629,0.5106650720041437,False,,,,
SAbDab_Chen,developability,cluster,classification,cheap,linear,1000,1000,10,639,0.8075707083653765,0.5402120456739953,False,,,,
SAbDab_Chen,developability,cluster,classification,cheap,linear,all,1770,10,639,0.8229513799880372,0.5585750684897269,False,,,,
SAbDab_Chen,developability,cluster,classification,cheap,linear,25,25,11,524,0.6205692243536279,0.2538730691610429,False,,,,
SAbDab_Chen,developability,cluster,classification,cheap,linear,50,50,11,524,0.514725813177648,0.1940512847779445,False,,,,
SAbDab_Chen,developability,cluster,classification,cheap,linear,100,100,11,524,0.6175719349457882,0.2783861732131852,False,,,,
SAbDab_Chen,developability,cluster,classification,cheap,linear,200,200,11,524,0.6124374478732277,0.19548505945001105,False,,,,
SAbDab_Chen,developability,cluster,classification,cheap,linear,500,500,11,524,0.6722529190992493,0.2747832975593014,False,,,,
SAbDab_Chen,developability,cluster,classification,cheap,linear,1000,1000,11,524,0.7202877397831526,0.36671249233162595,False,,,,
SAbDab_Chen,developability,cluster,classification,cheap,linear,all,1885,11,524,0.7307652210175146,0.3636526763992848,False,,,,
SAbDab_Chen,developability,cluster,classification,cheap,linear,25,25,12,423,0.5376558463439289,0.3314794614023927,False,,,,
SAbDab_Chen,developability,cluster,classification,cheap,linear,50,50,12,423,0.6884196338312929,0.4149630812248079,False,,,,
SAbDab_Chen,developability,cluster,classification,cheap,linear,100,100,12,423,0.7756374255868809,0.5939272844818696,False,,,,
SAbDab_Chen,developability,cluster,classification,cheap,linear,200,200,12,423,0.7591261372571043,0.5472658938589134,False,,,,
SAbDab_Chen,developability,cluster,classification,cheap,linear,500,500,12,423,0.7742053240480737,0.5838416264718957,False,,,,
SAbDab_Chen,developability,cluster,classification,cheap,linear,1000,1000,12,423,0.7917836684263732,0.5652781510088135,False,,,,
SAbDab_Chen,developability,cluster,classification,cheap,linear,all,1986,12,423,0.8073121419746152,0.5978223078803091,False,,,,
SAbDab_Chen,developability,cluster,classification,cheap,linear,25,25,13,575,0.563183960380222,0.2140490354972794,False,,,,
SAbDab_Chen,developability,cluster,classification,cheap,linear,50,50,13,575,0.6299624570652608,0.2927684106627304,False,,,,
SAbDab_Chen,developability,cluster,classification,cheap,linear,100,100,13,575,0.7065660196501319,0.36345368726037486,False,,,,
SAbDab_Chen,developability,cluster,classification,cheap,linear,200,200,13,575,0.72224219186836,0.4091272022946007,False,,,,
SAbDab_Chen,developability,cluster,classification,cheap,linear,500,500,13,575,0.7987658758686795,0.5076755601926076,False,,,,
SAbDab_Chen,developability,cluster,classification,cheap,linear,1000,1000,13,575,0.8168583752695902,0.4953677261392924,False,,,,
SAbDab_Chen,developability,cluster,classification,cheap,linear,all,1834,13,575,0.8268232286923877,0.5344046125341191,False,,,,
SAbDab_Chen,developability,cluster,classification,cheap,linear,25,25,14,589,0.6023619631901841,0.22851558406510525,False,,,,
SAbDab_Chen,developability,cluster,classification,cheap,linear,50,50,14,589,0.6656748466257668,0.25421192378055263,False,,,,
SAbDab_Chen,developability,cluster,classification,cheap,linear,100,100,14,589,0.7814826175869121,0.4064339030072828,False,,,,
SAbDab_Chen,developability,cluster,classification,cheap,linear,200,200,14,589,0.788006134969325,0.40072782676923185,False,,,,
SAbDab_Chen,developability,cluster,classification,cheap,linear,500,500,14,589,0.8046728016359918,0.4148020339632377,False,,,,
SAbDab_Chen,developability,cluster,classification,cheap,linear,1000,1000,14,589,0.8180265848670757,0.45157414538741936,False,,,,
SAbDab_Chen,developability,cluster,classification,cheap,linear,all,1820,14,589,0.8256339468302658,0.43389236539294096,False,,,,
SAbDab_Chen,developability,cluster,classification,cheap,linear,25,25,15,601,0.5346089062006527,0.2587053115941182,False,,,,
SAbDab_Chen,developability,cluster,classification,cheap,linear,50,50,15,601,0.5513826016773695,0.21193742324811649,False,,,,
SAbDab_Chen,developability,cluster,classification,cheap,linear,100,100,15,601,0.6387251289609432,0.2788265711314748,False,,,,
SAbDab_Chen,developability,cluster,classification,cheap,linear,200,200,15,601,0.7116801768607222,0.35880484475321783,False,,,,
SAbDab_Chen,developability,cluster,classification,cheap,linear,500,500,15,601,0.7485086149419238,0.4159075802215657,False,,,,
SAbDab_Chen,developability,cluster,classification,cheap,linear,1000,1000,15,601,0.8006018177352002,0.4655280792307334,False,,,,
SAbDab_Chen,developability,cluster,classification,cheap,linear,all,1808,15,601,0.8297101449275363,0.46356022811187686,False,,,,
SAbDab_Chen,developability,cluster,classification,cheap,linear,25,25,16,809,0.6182541551712536,0.28366101298102137,False,,,,
SAbDab_Chen,developability,cluster,classification,cheap,linear,50,50,16,809,0.584508108471839,0.2998888786148983,False,,,,
SAbDab_Chen,developability,cluster,classification,cheap,linear,100,100,16,809,0.6016082363232622,0.27508334296158415,False,,,,
SAbDab_Chen,developability,cluster,classification,cheap,linear,200,200,16,809,0.7310578023013257,0.5017309219919776,False,,,,
SAbDab_Chen,developability,cluster,classification,cheap,linear,500,500,16,809,0.7074221115671893,0.43459285784205975,False,,,,
SAbDab_Chen,developability,cluster,classification,cheap,linear,1000,1000,16,809,0.6898677747123344,0.39471152698995154,False,,,,
SAbDab_Chen,developability,cluster,classification,cheap,linear,all,1600,16,809,0.7243624251396272,0.42563810320226636,False,,,,
SAbDab_Chen,developability,cluster,classification,cheap,linear,25,25,17,713,0.47173653991983533,0.22304894363882838,False,,,,
SAbDab_Chen,developability,cluster,classification,cheap,linear,50,50,17,713,0.5906835662441773,0.2880850825224409,False,,,,
SAbDab_Chen,developability,cluster,classification,cheap,linear,100,100,17,713,0.6145054706965659,0.32644642086323294,False,,,,
SAbDab_Chen,developability,cluster,classification,cheap,linear,200,200,17,713,0.6927526811829704,0.4076580027043534,False,,,,
SAbDab_Chen,developability,cluster,classification,cheap,linear,500,500,17,713,0.6950709565594193,0.38762372382178223,False,,,,
SAbDab_Chen,developability,cluster,classification,cheap,linear,1000,1000,17,713,0.7732098364207561,0.4691867121347913,False,,,,
SAbDab_Chen,developability,cluster,classification,cheap,linear,all,1696,17,713,0.7684649550427906,0.46799975913143815,False,,,,
SAbDab_Chen,developability,cluster,classification,cheap,linear,25,25,18,769,0.5665610811952275,0.25830837482016533,False,,,,
SAbDab_Chen,developability,cluster,classification,cheap,linear,50,50,18,769,0.5464153732446415,0.2175968962416572,False,,,,
SAbDab_Chen,developability,cluster,classification,cheap,linear,100,100,18,769,0.706197867173477,0.43218992587555094,False,,,,
SAbDab_Chen,developability,cluster,classification,cheap,linear,200,200,18,769,0.7471227959032837,0.48230502705531825,False,,,,
SAbDab_Chen,developability,cluster,classification,cheap,linear,500,500,18,769,0.7728117411044241,0.5096647133102046,False,,,,
SAbDab_Chen,developability,cluster,classification,cheap,linear,1000,1000,18,769,0.7546721571111814,0.5068212108169068,False,,,,
SAbDab_Chen,developability,cluster,classification,cheap,linear,all,1640,18,769,0.768926195755464,0.5219835992984164,False,,,,
SAbDab_Chen,developability,cluster,classification,cheap,linear,25,25,19,512,0.5808564175147716,0.3006414652899065,False,,,,
SAbDab_Chen,developability,cluster,classification,cheap,linear,50,50,19,512,0.5826087933319853,0.27415794206874344,False,,,,
SAbDab_Chen,developability,cluster,classification,cheap,linear,100,100,19,512,0.6638246725528522,0.3119718735019377,False,,,,
SAbDab_Chen,developability,cluster,classification,cheap,linear,200,200,19,512,0.771168924535508,0.43996010655261186,False,,,,
SAbDab_Chen,developability,cluster,classification,cheap,linear,500,500,19,512,0.7412212711464581,0.43582473399315597,False,,,,
SAbDab_Chen,developability,cluster,classification,cheap,linear,1000,1000,19,512,0.8145289928332323,0.5720667154376246,False,,,,
SAbDab_Chen,developability,cluster,classification,cheap,linear,all,1897,19,512,0.8172474219855765,0.561631314729644,False,,,,
SAbDab_Chen,developability,cluster,classification,cheap,mlp,25,25,0,598,0.698774446731858,0.38668073380714135,False,,,,
SAbDab_Chen,developability,cluster,classification,cheap,mlp,50,50,0,598,0.6922445959855893,0.37886437491887104,False,,,,
SAbDab_Chen,developability,cluster,classification,cheap,mlp,100,100,0,598,0.7065748841996913,0.4327362998112738,False,,,,
SAbDab_Chen,developability,cluster,classification,cheap,mlp,200,200,0,598,0.7066392177045806,0.4864258812714869,False,,,,
SAbDab_Chen,developability,cluster,classification,cheap,mlp,500,500,0,598,0.6908292588780237,0.41876896801609304,False,,,,
SAbDab_Chen,developability,cluster,classification,cheap,mlp,1000,1000,0,598,0.7615317807514154,0.45328624422367425,False,,,,
SAbDab_Chen,developability,cluster,classification,cheap,mlp,all,1811,0,598,0.7572696860524961,0.49044986773701654,False,,,,
SAbDab_Chen,developability,cluster,classification,cheap,mlp,25,25,1,564,0.5908237345539291,0.34078684240955126,False,,,,
SAbDab_Chen,developability,cluster,classification,cheap,mlp,50,50,1,564,0.5337005180825914,0.3194582605953967,False,,,,
SAbDab_Chen,developability,cluster,classification,cheap,mlp,100,100,1,564,0.7608185369615881,0.5653391561561691,False,,,,
SAbDab_Chen,developability,cluster,classification,cheap,mlp,200,200,1,564,0.7079875257783814,0.5117597248984704,False,,,,
SAbDab_Chen,developability,cluster,classification,cheap,mlp,500,500,1,564,0.6846486595241688,0.45855659468360743,False,,,,
SAbDab_Chen,developability,cluster,classification,cheap,mlp,1000,1000,1,564,0.6810271113123082,0.41794390783619584,False,,,,
SAbDab_Chen,developability,cluster,classification,cheap,mlp,all,1845,1,564,0.6804402863705715,0.393905970299033,False,,,,
SAbDab_Chen,developability,cluster,classification,cheap,mlp,25,25,2,547,0.5916098136971923,0.26813204012164693,False,,,,
SAbDab_Chen,developability,cluster,classification,cheap,mlp,50,50,2,547,0.6191397708387999,0.3207283591631112,False,,,,
SAbDab_Chen,developability,cluster,classification,cheap,mlp,100,100,2,547,0.6414436280941135,0.3016126223730353,False,,,,
SAbDab_Chen,developability,cluster,classification,cheap,mlp,200,200,2,547,0.6330687483600105,0.2721593672816045,False,,,,
SAbDab_Chen,developability,cluster,classification,cheap,mlp,500,500,2,547,0.6805847109245169,0.32689269450050645,False,,,,
SAbDab_Chen,developability,cluster,classification,cheap,mlp,1000,1000,2,547,0.6722754307705765,0.3120168323451112,False,,,,
SAbDab_Chen,developability,cluster,classification,cheap,mlp,all,1862,2,547,0.6333311466806613,0.3061834392374966,False,,,,
SAbDab_Chen,developability,cluster,classification,cheap,mlp,25,25,3,675,0.660810359231412,0.27082613428537616,False,,,,
SAbDab_Chen,developability,cluster,classification,cheap,mlp,50,50,3,675,0.5940100250626567,0.2601548960317427,False,,,,
SAbDab_Chen,developability,cluster,classification,cheap,mlp,100,100,3,675,0.7206599832915622,0.34911293571961327,False,,,,
SAbDab_Chen,developability,cluster,classification,cheap,mlp,200,200,3,675,0.7392898913951546,0.3551408824521263,False,,,,
SAbDab_Chen,developability,cluster,classification,cheap,mlp,500,500,3,675,0.6702005012531328,0.27877545372904994,False,,,,
SAbDab_Chen,developability,cluster,classification,cheap,mlp,1000,1000,3,675,0.7253884711779448,0.31928365019637,False,,,,
SAbDab_Chen,developability,cluster,classification,cheap,mlp,all,1734,3,675,0.773375104427736,0.3574031112841249,False,,,,
SAbDab_Chen,developability,cluster,classification,cheap,mlp,25,25,4,623,0.4314577259475218,0.13766029574272207,False,,,,
SAbDab_Chen,developability,cluster,classification,cheap,mlp,50,50,4,623,0.550913508260447,0.1869168661872456,False,,,,
SAbDab_Chen,developability,cluster,classification,cheap,mlp,100,100,4,623,0.7459961127308066,0.35780383729486376,False,,,,
SAbDab_Chen,developability,cluster,classification,cheap,mlp,200,200,4,623,0.7568027210884355,0.3528233756267657,False,,,,
SAbDab_Chen,developability,cluster,classification,cheap,mlp,500,500,4,623,0.7778522837706512,0.375972268760258,False,,,,
SAbDab_Chen,developability,cluster,classification,cheap,mlp,1000,1000,4,623,0.7875898931000972,0.3852894423722164,False,,,,
SAbDab_Chen,developability,cluster,classification,cheap,mlp,all,1786,4,623,0.7829251700680273,0.34655249176896286,False,,,,
SAbDab_Chen,developability,cluster,classification,cheap,mlp,25,25,5,436,0.4569903910931461,0.1682730869622021,False,,,,
SAbDab_Chen,developability,cluster,classification,cheap,mlp,50,50,5,436,0.6081799808531008,0.22804813900590598,False,,,,
SAbDab_Chen,developability,cluster,classification,cheap,mlp,100,100,5,436,0.6502677020175159,0.2898182780622234,False,,,,
SAbDab_Chen,developability,cluster,classification,cheap,mlp,200,200,5,436,0.7178491649824487,0.3560759420480371,False,,,,
SAbDab_Chen,developability,cluster,classification,cheap,mlp,500,500,5,436,0.723167748111903,0.44329270104248175,False,,,,
SAbDab_Chen,developability,cluster,classification,cheap,mlp,1000,1000,5,436,0.8058539871644861,0.4930718552028446,False,,,,
SAbDab_Chen,developability,cluster,classification,cheap,mlp,all,1973,5,436,0.7916001843775485,0.4658572845186418,False,,,,
SAbDab_Chen,developability,cluster,classification,cheap,mlp,25,25,6,636,0.6604606525911708,0.30492862014323674,False,,,,
SAbDab_Chen,developability,cluster,classification,cheap,mlp,50,50,6,636,0.707544020695986,0.3650831117993174,False,,,,
SAbDab_Chen,developability,cluster,classification,cheap,mlp,100,100,6,636,0.7051239255612117,0.3377198204970848,False,,,,
SAbDab_Chen,developability,cluster,classification,cheap,mlp,200,200,6,636,0.735533672702996,0.3768937122332665,False,,,,
SAbDab_Chen,developability,cluster,classification,cheap,mlp,500,500,6,636,0.7852541099891513,0.47536636710402674,False,,,,
SAbDab_Chen,developability,cluster,classification,cheap,mlp,1000,1000,6,636,0.7252691312692982,0.3694910816340596,False,,,,
SAbDab_Chen,developability,cluster,classification,cheap,mlp,all,1773,6,636,0.7287907869481765,0.37853312235062225,False,,,,
SAbDab_Chen,developability,cluster,classification,cheap,mlp,25,25,7,753,0.5915381125226861,0.2822632619129554,False,,,,
SAbDab_Chen,developability,cluster,classification,cheap,mlp,50,50,7,753,0.5836660617059891,0.2727792495771736,False,,,,
SAbDab_Chen,developability,cluster,classification,cheap,mlp,100,100,7,753,0.639201451905626,0.3154537183743724,False,,,,
SAbDab_Chen,developability,cluster,classification,cheap,mlp,200,200,7,753,0.690494555353902,0.3618976083867848,False,,,,
SAbDab_Chen,developability,cluster,classification,cheap,mlp,500,500,7,753,0.7103788566243193,0.2961857035933036,False,,,,
SAbDab_Chen,developability,cluster,classification,cheap,mlp,1000,1000,7,753,0.7067264065335753,0.3648031252131975,False,,,,
SAbDab_Chen,developability,cluster,classification,cheap,mlp,all,1656,7,753,0.6589382940108893,0.31585232197233626,False,,,,
SAbDab_Chen,developability,cluster,classification,cheap,mlp,25,25,8,633,0.6818392632346121,0.297706599158602,False,,,,
SAbDab_Chen,developability,cluster,classification,cheap,mlp,50,50,8,633,0.7176340025177235,0.39808209755107904,False,,,,
SAbDab_Chen,developability,cluster,classification,cheap,mlp,100,100,8,633,0.754356324123766,0.42228865519061204,False,,,,
SAbDab_Chen,developability,cluster,classification,cheap,mlp,200,200,8,633,0.77150003312794,0.3892656105806541,False,,,,
SAbDab_Chen,developability,cluster,classification,cheap,mlp,500,500,8,633,0.7534949976810442,0.35404671545893157,False,,,,
SAbDab_Chen,developability,cluster,classification,cheap,mlp,1000,1000,8,633,0.776916451335056,0.45692570375723246,False,,,,
SAbDab_Chen,developability,cluster,classification,cheap,mlp,all,1776,8,633,0.7426787252368647,0.3985054152625909,False,,,,
SAbDab_Chen,developability,cluster,classification,cheap,mlp,25,25,9,515,0.6336018297533811,0.31270645516008116,False,,,,
SAbDab_Chen,developability,cluster,classification,cheap,mlp,50,50,9,515,0.5773418854415274,0.27292878698153805,False,,,,
SAbDab_Chen,developability,cluster,classification,cheap,mlp,100,100,9,515,0.592208631662689,0.2510863499171087,False,,,,
SAbDab_Chen,developability,cluster,classification,cheap,mlp,200,200,9,515,0.7078609785202863,0.39373361119783545,False,,,,
SAbDab_Chen,developability,cluster,classification,cheap,mlp,500,500,9,515,0.8076024264120922,0.523951610577166,False,,,,
SAbDab_Chen,developability,cluster,classification,cheap,mlp,1000,1000,9,515,0.8282368735083533,0.516530463517833,False,,,,
SAbDab_Chen,developability,cluster,classification,cheap,mlp,all,1894,9,515,0.7823190135242641,0.4917595209061998,False,,,,
SAbDab_Chen,developability,cluster,classification,cheap,mlp,25,25,10,639,0.5284257597766955,0.28937465324137657,False,,,,
SAbDab_Chen,developability,cluster,classification,cheap,mlp,50,50,10,639,0.6928707738756444,0.39474870852427263,False,,,,
SAbDab_Chen,developability,cluster,classification,cheap,mlp,100,100,10,639,0.6923296020963285,0.4333320566991201,False,,,,
SAbDab_Chen,developability,cluster,classification,cheap,mlp,200,200,10,639,0.7017004186960608,0.3924606345468476,False,,,,
SAbDab_Chen,developability,cluster,classification,cheap,mlp,500,500,10,639,0.7413341308496397,0.4447720796987907,False,,,,
SAbDab_Chen,developability,cluster,classification,cheap,mlp,1000,1000,10,639,0.7759264006380131,0.5260504832950298,False,,,,
SAbDab_Chen,developability,cluster,classification,cheap,mlp,all,1770,10,639,0.7685066507163405,0.5239785927417595,False,,,,
SAbDab_Chen,developability,cluster,classification,cheap,mlp,25,25,11,524,0.4386467889908257,0.1549744868366525,False,,,,
SAbDab_Chen,developability,cluster,classification,cheap,mlp,50,50,11,524,0.5135790241868223,0.17989861500690363,False,,,,
SAbDab_Chen,developability,cluster,classification,cheap,mlp,100,100,11,524,0.5872602168473728,0.20231931399848518,False,,,,
SAbDab_Chen,developability,cluster,classification,cheap,mlp,200,200,11,524,0.6232798165137614,0.19760251136713483,False,,,,
SAbDab_Chen,developability,cluster,classification,cheap,mlp,500,500,11,524,0.6437135112593828,0.24370800938425255,False,,,,
SAbDab_Chen,developability,cluster,classification,cheap,mlp,1000,1000,11,524,0.6763709341117599,0.29289726071680183,False,,,,
SAbDab_Chen,developability,cluster,classification,cheap,mlp,all,1885,11,524,0.660889282735613,0.23990293712714128,False,,,,
SAbDab_Chen,developability,cluster,classification,cheap,mlp,25,25,12,423,0.5292036392227338,0.32662356469865883,False,,,,
SAbDab_Chen,developability,cluster,classification,cheap,mlp,50,50,12,423,0.6397001010895204,0.40288693843215134,False,,,,
SAbDab_Chen,developability,cluster,classification,cheap,mlp,100,100,12,423,0.712035269010446,0.5317451616671662,False,,,,
SAbDab_Chen,developability,cluster,classification,cheap,mlp,200,200,12,423,0.7283499943839156,0.5390567558714411,False,,,,
SAbDab_Chen,developability,cluster,classification,cheap,mlp,500,500,12,423,0.7289396832528361,0.4889523730795738,False,,,,
SAbDab_Chen,developability,cluster,classification,cheap,mlp,1000,1000,12,423,0.7211052454228911,0.47362154165219583,False,,,,
SAbDab_Chen,developability,cluster,classification,cheap,mlp,all,1986,12,423,0.7214983713355049,0.46481479836716877,False,,,,
SAbDab_Chen,developability,cluster,classification,cheap,mlp,25,25,13,575,0.46796868759485577,0.18926221125455495,False,,,,
SAbDab_Chen,developability,cluster,classification,cheap,mlp,50,50,13,575,0.5808970365045131,0.24735803610698076,False,,,,
SAbDab_Chen,developability,cluster,classification,cheap,mlp,100,100,13,575,0.6641904305455707,0.30402316783802363,False,,,,
SAbDab_Chen,developability,cluster,classification,cheap,mlp,200,200,13,575,0.671858774662513,0.31108935745894073,False,,,,
SAbDab_Chen,developability,cluster,classification,cheap,mlp,500,500,13,575,0.7349828261043214,0.38611196920936913,False,,,,
SAbDab_Chen,developability,cluster,classification,cheap,mlp,1000,1000,13,575,0.7460659797108395,0.35705900964573306,False,,,,
SAbDab_Chen,developability,cluster,classification,cheap,mlp,all,1834,13,575,0.7644979630960939,0.3851124044629398,False,,,,
SAbDab_Chen,developability,cluster,classification,cheap,mlp,25,25,14,589,0.5848977505112475,0.2203646689686499,False,,,,
SAbDab_Chen,developability,cluster,classification,cheap,mlp,50,50,14,589,0.5873721881390592,0.22568973631428024,False,,,,
SAbDab_Chen,developability,cluster,classification,cheap,mlp,100,100,14,589,0.7002351738241308,0.3114186751070419,False,,,,
SAbDab_Chen,developability,cluster,classification,cheap,mlp,200,200,14,589,0.7456543967280163,0.3572484661847147,False,,,,
SAbDab_Chen,developability,cluster,classification,cheap,mlp,500,500,14,589,0.7378220858895705,0.36533193251182916,False,,,,
SAbDab_Chen,developability,cluster,classification,cheap,mlp,1000,1000,14,589,0.7115030674846625,0.3099319334821128,False,,,,
SAbDab_Chen,developability,cluster,classification,cheap,mlp,all,1820,14,589,0.7612167689161554,0.35918850042391676,False,,,,
SAbDab_Chen,developability,cluster,classification,cheap,mlp,25,25,15,601,0.5912113555812892,0.2856189075054662,False,,,,
SAbDab_Chen,developability,cluster,classification,cheap,mlp,50,50,15,601,0.628829350457943,0.2576481870872326,False,,,,
SAbDab_Chen,developability,cluster,classification,cheap,mlp,100,100,15,601,0.6545338105765519,0.30792851071271615,False,,,,
SAbDab_Chen,developability,cluster,classification,cheap,mlp,200,200,15,601,0.7135400217566761,0.3522100469275334,False,,,,
SAbDab_Chen,developability,cluster,classification,cheap,mlp,500,500,15,601,0.7837579394322209,0.39824942337791047,False,,,,
SAbDab_Chen,developability,cluster,classification,cheap,mlp,1000,1000,15,601,0.7771782994701197,0.3903677678469909,False,,,,
SAbDab_Chen,developability,cluster,classification,cheap,mlp,all,1808,15,601,0.7520528476681756,0.3861381478796172,False,,,,
SAbDab_Chen,developability,cluster,classification,cheap,mlp,25,25,16,809,0.563917300316264,0.2513621821958751,False,,,,
SAbDab_Chen,developability,cluster,classification,cheap,mlp,50,50,16,809,0.64638146827266,0.31061216466924796,False,,,,
SAbDab_Chen,developability,cluster,classification,cheap,mlp,100,100,16,809,0.6749293452661329,0.3304872988388501,False,,,,
SAbDab_Chen,developability,cluster,classification,cheap,mlp,200,200,16,809,0.7251362627010296,0.37338383001366593,False,,,,
SAbDab_Chen,developability,cluster,classification,cheap,mlp,500,500,16,809,0.7115688715429649,0.4000592743180179,False,,,,
SAbDab_Chen,developability,cluster,classification,cheap,mlp,1000,1000,16,809,0.7377615907408654,0.4990207721990374,False,,,,
SAbDab_Chen,developability,cluster,classification,cheap,mlp,all,1600,16,809,0.6922229325079066,0.36536988494770456,False,,,,
SAbDab_Chen,developability,cluster,classification,cheap,mlp,25,25,17,713,0.40909977250568735,0.20820086384133882,False,,,,
SAbDab_Chen,developability,cluster,classification,cheap,mlp,50,50,17,713,0.5064673383165421,0.24897878683145425,False,,,,
SAbDab_Chen,developability,cluster,classification,cheap,mlp,100,100,17,713,0.5558336041598959,0.3141652785491063,False,,,,
SAbDab_Chen,developability,cluster,classification,cheap,mlp,200,200,17,713,0.6403964900877478,0.35795516587273585,False,,,,
SAbDab_Chen,developability,cluster,classification,cheap,mlp,500,500,17,713,0.7011699707507313,0.4013327350059305,False,,,,
SAbDab_Chen,developability,cluster,classification,cheap,mlp,1000,1000,17,713,0.7453688657783555,0.43580795736935457,False,,,,
SAbDab_Chen,developability,cluster,classification,cheap,mlp,all,1696,17,713,0.7562019282851262,0.45234899838428133,False,,,,
SAbDab_Chen,developability,cluster,classification,cheap,mlp,25,25,18,769,0.617949530144652,0.2863452673959224,False,,,,
SAbDab_Chen,developability,cluster,classification,cheap,mlp,50,50,18,769,0.6565304614085101,0.29188029436214397,False,,,,
SAbDab_Chen,developability,cluster,classification,cheap,mlp,100,100,18,769,0.7478407771090698,0.4665594749054361,False,,,,
SAbDab_Chen,developability,cluster,classification,cheap,mlp,200,200,18,769,0.7483370288248338,0.4969461995166199,False,,,,
SAbDab_Chen,developability,cluster,classification,cheap,mlp,500,500,18,769,0.732889874353289,0.44790333997324894,False,,,,
SAbDab_Chen,developability,cluster,classification,cheap,mlp,1000,1000,18,769,0.754872769506916,0.47053011711670395,False,,,,
SAbDab_Chen,developability,cluster,classification,cheap,mlp,all,1640,18,769,0.7432161334600359,0.4530877275381777,False,,,,
SAbDab_Chen,developability,cluster,classification,cheap,mlp,25,25,19,512,0.5816876727101166,0.3097826029530324,False,,,,
SAbDab_Chen,developability,cluster,classification,cheap,mlp,50,50,19,512,0.5204219181775291,0.2576729202503096,False,,,,
SAbDab_Chen,developability,cluster,classification,cheap,mlp,100,100,19,512,0.6282828963626969,0.31797252757415384,False,,,,
SAbDab_Chen,developability,cluster,classification,cheap,mlp,200,200,19,512,0.7414234683561367,0.44966969632070947,False,,,,
SAbDab_Chen,developability,cluster,classification,cheap,mlp,500,500,19,512,0.7760441239244232,0.5147677821386565,False,,,,
SAbDab_Chen,developability,cluster,classification,cheap,mlp,1000,1000,19,512,0.7686526925928423,0.5215645097483171,False,,,,
SAbDab_Chen,developability,cluster,classification,cheap,mlp,all,1897,19,512,0.7713935881018177,0.4928109868120095,False,,,,
SAbDab_Chen,developability,cluster,classification,esm2_mean,linear,25,25,0,598,0.6150443901183736,0.2860386977471613,False,,,,
SAbDab_Chen,developability,cluster,classification,esm2_mean,linear,50,50,0,598,0.6707089552238806,0.39050784506392716,False,,,,
SAbDab_Chen,developability,cluster,classification,esm2_mean,linear,100,100,0,598,0.6835756562017499,0.3837955135780693,False,,,,
SAbDab_Chen,developability,cluster,classification,esm2_mean,linear,200,200,0,598,0.7383717189912506,0.4344428219225338,False,,,,
SAbDab_Chen,developability,cluster,classification,esm2_mean,linear,500,500,0,598,0.7751865671641791,0.5207873991031678,False,,,,
SAbDab_Chen,developability,cluster,classification,esm2_mean,linear,1000,1000,0,598,0.7543103448275863,0.505205464484041,False,,,,
SAbDab_Chen,developability,cluster,classification,esm2_mean,linear,all,1811,0,598,0.7859945959855893,0.5598565738253459,False,,,,
SAbDab_Chen,developability,cluster,classification,esm2_mean,linear,25,25,1,564,0.541832235132371,0.2566723373579475,False,,,,
SAbDab_Chen,developability,cluster,classification,esm2_mean,linear,50,50,1,564,0.5078634542192713,0.23836911828201465,False,,,,
SAbDab_Chen,developability,cluster,classification,esm2_mean,linear,100,100,1,564,0.6378535620273963,0.32412102904649653,False,,,,
SAbDab_Chen,developability,cluster,classification,esm2_mean,linear,200,200,1,564,0.6579565078886038,0.38678264678506125,False,,,,
SAbDab_Chen,developability,cluster,classification,esm2_mean,linear,500,500,1,564,0.7119108696745637,0.5451681024937934,False,,,,
SAbDab_Chen,developability,cluster,classification,esm2_mean,linear,1000,1000,1,564,0.7369766779001727,0.5609000078657697,False,,,,
SAbDab_Chen,developability,cluster,classification,esm2_mean,linear,all,1845,1,564,0.7158677464245595,0.49441886573071747,False,,,,
SAbDab_Chen,developability,cluster,classification,esm2_mean,linear,25,25,2,547,0.5405077407504592,0.19779052551516355,False,,,,
SAbDab_Chen,developability,cluster,classification,esm2_mean,linear,50,50,2,547,0.5977324411790431,0.27068080934491046,False,,,,
SAbDab_Chen,developability,cluster,classification,esm2_mean,linear,100,100,2,547,0.6564221988979271,0.33113570509853457,False,,,,
SAbDab_Chen,developability,cluster,classification,esm2_mean,linear,200,200,2,547,0.6325220851919882,0.3509865218982671,False,,,,
SAbDab_Chen,developability,cluster,classification,esm2_mean,linear,500,500,2,547,0.6697170471442316,0.29352850968062466,False,,,,
SAbDab_Chen,developability,cluster,classification,esm2_mean,linear,1000,1000,2,547,0.6466478614536867,0.31613099229605607,False,,,,
SAbDab_Chen,developability,cluster,classification,esm2_mean,linear,all,1862,2,547,0.7315993177643664,0.4294181624097139,False,,,,
SAbDab_Chen,developability,cluster,classification,esm2_mean,linear,25,25,3,675,0.5618796992481203,0.22952299441606216,False,,,,
SAbDab_Chen,developability,cluster,classification,esm2_mean,linear,50,50,3,675,0.6509857978279031,0.27579285466477343,False,,,,
SAbDab_Chen,developability,cluster,classification,esm2_mean,linear,100,100,3,675,0.6891478696741855,0.2860352198374302,False,,,,
SAbDab_Chen,developability,cluster,classification,esm2_mean,linear,200,200,3,675,0.7110192147034252,0.3555680870827751,False,,,,
SAbDab_Chen,developability,cluster,classification,esm2_mean,linear,500,500,3,675,0.8065413533834587,0.4861494534046958,False,,,,
SAbDab_Chen,developability,cluster,classification,esm2_mean,linear,1000,1000,3,675,0.7963492063492064,0.4962624032667811,False,,,,
SAbDab_Chen,developability,cluster,classification,esm2_mean,linear,all,1734,3,675,0.7792063492063492,0.3145763729636597,False,,,,
SAbDab_Chen,developability,cluster,classification,esm2_mean,linear,25,25,4,623,0.4472400388726919,0.1373020888914406,False,,,,
SAbDab_Chen,developability,cluster,classification,esm2_mean,linear,50,50,4,623,0.5497862001943634,0.16890149045577846,False,,,,
SAbDab_Chen,developability,cluster,classification,esm2_mean,linear,100,100,4,623,0.6940233236151603,0.3083842808118727,False,,,,
SAbDab_Chen,developability,cluster,classification,esm2_mean,linear,200,200,4,623,0.7074927113702623,0.3072772506291584,False,,,,
SAbDab_Chen,developability,cluster,classification,esm2_mean,linear,500,500,4,623,0.7372303206997084,0.3768691096575062,False,,,,
SAbDab_Chen,developability,cluster,classification,esm2_mean,linear,1000,1000,4,623,0.80399416909621,0.4344955359311602,False,,,,
SAbDab_Chen,developability,cluster,classification,esm2_mean,linear,all,1786,4,623,0.796997084548105,0.39417124363596673,False,,,,
SAbDab_Chen,developability,cluster,classification,esm2_mean,linear,25,25,5,436,0.44709782647236107,0.1623983977499266,False,,,,
SAbDab_Chen,developability,cluster,classification,esm2_mean,linear,50,50,5,436,0.5387547424032905,0.22775242955172792,False,,,,
SAbDab_Chen,developability,cluster,classification,esm2_mean,linear,100,100,5,436,0.5488600503492536,0.23598590408144696,False,,,,
SAbDab_Chen,developability,cluster,classification,esm2_mean,linear,200,200,5,436,0.6834911179661738,0.35198672208811344,False,,,,
SAbDab_Chen,developability,cluster,classification,esm2_mean,linear,500,500,5,436,0.7103322341594864,0.4065344849023477,False,,,,
SAbDab_Chen,developability,cluster,classification,esm2_mean,linear,1000,1000,5,436,0.8128745168953657,0.5393456129578209,False,,,,
SAbDab_Chen,developability,cluster,classification,esm2_mean,linear,all,1973,5,436,0.8026273800659505,0.5403508362754967,False,,,,
SAbDab_Chen,developability,cluster,classification,esm2_mean,linear,25,25,6,636,0.587423850454811,0.2633298713826919,False,,,,
SAbDab_Chen,developability,cluster,classification,esm2_mean,linear,50,50,6,636,0.6708837519819745,0.3072097946085944,False,,,,
SAbDab_Chen,developability,cluster,classification,esm2_mean,linear,100,100,6,636,0.7042393390636736,0.356734799382123,False,,,,
SAbDab_Chen,developability,cluster,classification,esm2_mean,linear,200,200,6,636,0.7705165651339396,0.4576370822577936,False,,,,
SAbDab_Chen,developability,cluster,classification,esm2_mean,linear,500,500,6,636,0.7472335809062839,0.447285422940633,False,,,,
SAbDab_Chen,developability,cluster,classification,esm2_mean,linear,1000,1000,6,636,0.7961862638738212,0.49077524114724047,False,,,,
SAbDab_Chen,developability,cluster,classification,esm2_mean,linear,all,1773,6,636,0.8072352499374114,0.5238118388700568,False,,,,
SAbDab_Chen,developability,cluster,classification,esm2_mean,linear,25,25,7,753,0.5690789473684211,0.2493866950122854,False,,,,
SAbDab_Chen,developability,cluster,classification,esm2_mean,linear,50,50,7,753,0.6075657894736842,0.27062595003128836,False,,,,
SAbDab_Chen,developability,cluster,classification,esm2_mean,linear,100,100,7,753,0.6307168784029038,0.280296189557,False,,,,
SAbDab_Chen,developability,cluster,classification,esm2_mean,linear,200,200,7,753,0.6427858439201452,0.3506109078777934,False,,,,
SAbDab_Chen,developability,cluster,classification,esm2_mean,linear,500,500,7,753,0.6831556261343013,0.374319048022095,False,,,,
SAbDab_Chen,developability,cluster,classification,esm2_mean,linear,1000,1000,7,753,0.7444532667876588,0.4113874172644086,False,,,,
SAbDab_Chen,developability,cluster,classification,esm2_mean,linear,all,1656,7,753,0.760934664246824,0.45112711522326276,False,,,,
SAbDab_Chen,developability,cluster,classification,esm2_mean,linear,25,25,8,633,0.5775359438150136,0.22981218567555112,False,,,,
SAbDab_Chen,developability,cluster,classification,esm2_mean,linear,50,50,8,633,0.6725303120651958,0.29039251058217413,False,,,,
SAbDab_Chen,developability,cluster,classification,esm2_mean,linear,100,100,8,633,0.7133770622142714,0.3386068066080924,False,,,,
SAbDab_Chen,developability,cluster,classification,esm2_mean,linear,200,200,8,633,0.7668124296031271,0.3697260320221827,False,,,,
SAbDab_Chen,developability,cluster,classification,esm2_mean,linear,500,500,8,633,0.7852812562114888,0.4366836521165608,False,,,,
SAbDab_Chen,developability,cluster,classification,esm2_mean,linear,1000,1000,8,633,0.7978533094812164,0.40983556021721596,False,,,,
SAbDab_Chen,developability,cluster,classification,esm2_mean,linear,all,1776,8,633,0.8168356191612005,0.45966221144581576,False,,,,
SAbDab_Chen,developability,cluster,classification,esm2_mean,linear,25,25,9,515,0.6390712012728719,0.3201055745946158,False,,,,
SAbDab_Chen,developability,cluster,classification,esm2_mean,linear,50,50,9,515,0.5883054892601431,0.2710722915163389,False,,,,
SAbDab_Chen,developability,cluster,classification,esm2_mean,linear,100,100,9,515,0.6026004375497216,0.34669009659386485,False,,,,
SAbDab_Chen,developability,cluster,classification,esm2_mean,linear,200,200,9,515,0.6948339299920445,0.3801269027077532,False,,,,
SAbDab_Chen,developability,cluster,classification,esm2_mean,linear,500,500,9,515,0.7375198886237073,0.4328538275032791,False,,,,
SAbDab_Chen,developability,cluster,classification,esm2_mean,linear,1000,1000,9,515,0.7013971758154336,0.37925581909400063,False,,,,
SAbDab_Chen,developability,cluster,classification,esm2_mean,linear,all,1894,9,515,0.7447295147175815,0.40678898806685926,False,,,,
SAbDab_Chen,developability,cluster,classification,esm2_mean,linear,25,25,10,639,0.6256373009769575,0.30073808750874254,False,,,,
SAbDab_Chen,developability,cluster,classification,esm2_mean,linear,50,50,10,639,0.5151528098208437,0.25542710749737896,False,,,,
SAbDab_Chen,developability,cluster,classification,esm2_mean,linear,100,100,10,639,0.5423822951379988,0.2425437776860454,False,,,,
SAbDab_Chen,developability,cluster,classification,esm2_mean,linear,200,200,10,639,0.6018542254122874,0.27824549285117345,False,,,,
SAbDab_Chen,developability,cluster,classification,esm2_mean,linear,500,500,10,639,0.761428693497394,0.5018556188420378,False,,,,
SAbDab_Chen,developability,cluster,classification,esm2_mean,linear,1000,1000,10,639,0.797502064997579,0.5052095770244437,False,,,,
SAbDab_Chen,developability,cluster,classification,esm2_mean,linear,all,1770,10,639,0.8246176194138255,0.5761471633892375,False,,,,
SAbDab_Chen,developability,cluster,classification,esm2_mean,linear,25,25,11,524,0.5828294412010009,0.23596242274007062,False,,,,
SAbDab_Chen,developability,cluster,classification,esm2_mean,linear,50,50,11,524,0.5408152627189324,0.1934991329155995,False,,,,
SAbDab_Chen,developability,cluster,classification,esm2_mean,linear,100,100,11,524,0.5455066722268558,0.22197893359927642,False,,,,
SAbDab_Chen,developability,cluster,classification,esm2_mean,linear,200,200,11,524,0.6659977064220183,0.2561070714552707,False,,,,
SAbDab_Chen,developability,cluster,classification,esm2_mean,linear,500,500,11,524,0.7039720600500416,0.30764548240959166,False,,,,
SAbDab_Chen,developability,cluster,classification,esm2_mean,linear,1000,1000,11,524,0.7029034612176813,0.34811095134028336,False,,,,
SAbDab_Chen,developability,cluster,classification,esm2_mean,linear,all,1885,11,524,0.7009487072560467,0.3868954590235274,False,,,,
SAbDab_Chen,developability,cluster,classification,esm2_mean,linear,25,25,12,423,0.38444906211389424,0.22131769992238726,False,,,,
SAbDab_Chen,developability,cluster,classification,esm2_mean,linear,50,50,12,423,0.6428731888127598,0.40907598063829986,False,,,,
SAbDab_Chen,developability,cluster,classification,esm2_mean,linear,100,100,12,423,0.7299786588790295,0.5100062363480474,False,,,,
SAbDab_Chen,developability,cluster,classification,esm2_mean,linear,200,200,12,423,0.7858586993148376,0.6058994422213656,False,,,,
SAbDab_Chen,developability,cluster,classification,esm2_mean,linear,500,500,12,423,0.7886948219701224,0.6082141437215693,False,,,,
SAbDab_Chen,developability,cluster,classification,esm2_mean,linear,1000,1000,12,423,0.7736437156014826,0.5454846712952174,False,,,,
SAbDab_Chen,developability,cluster,classification,esm2_mean,linear,all,1986,12,423,0.7759743906548355,0.535702324439091,False,,,,
SAbDab_Chen,developability,cluster,classification,esm2_mean,linear,25,25,13,575,0.5689352184679287,0.25110949834732327,False,,,,
SAbDab_Chen,developability,cluster,classification,esm2_mean,linear,50,50,13,575,0.6208762680725297,0.29926149604580443,False,,,,
SAbDab_Chen,developability,cluster,classification,esm2_mean,linear,100,100,13,575,0.7116183401230131,0.38701055992516403,False,,,,
SAbDab_Chen,developability,cluster,classification,esm2_mean,linear,200,200,13,575,0.684499560667785,0.32877095043583243,False,,,,
SAbDab_Chen,developability,cluster,classification,esm2_mean,linear,500,500,13,575,0.7397755411774103,0.4203685961366596,False,,,,
SAbDab_Chen,developability,cluster,classification,esm2_mean,linear,1000,1000,13,575,0.7805735282370796,0.46985082081164836,False,,,,
SAbDab_Chen,developability,cluster,classification,esm2_mean,linear,all,1834,13,575,0.8324346992571291,0.5698736405948306,False,,,,
SAbDab_Chen,developability,cluster,classification,esm2_mean,linear,25,25,14,589,0.5974744376278118,0.24126761108640526,False,,,,
SAbDab_Chen,developability,cluster,classification,esm2_mean,linear,50,50,14,589,0.6149182004089979,0.2766966454238513,False,,,,
SAbDab_Chen,developability,cluster,classification,esm2_mean,linear,100,100,14,589,0.6593149284253579,0.34659994674745487,False,,,,
SAbDab_Chen,developability,cluster,classification,esm2_mean,linear,200,200,14,589,0.7198875255623722,0.4012021415063325,False,,,,
SAbDab_Chen,developability,cluster,classification,esm2_mean,linear,500,500,14,589,0.7465337423312883,0.3838722343747723,False,,,,
SAbDab_Chen,developability,cluster,classification,esm2_mean,linear,1000,1000,14,589,0.7718507157464212,0.3766977067387606,False,,,,
SAbDab_Chen,developability,cluster,classification,esm2_mean,linear,all,1820,14,589,0.7832617586912065,0.44147146641310914,False,,,,
SAbDab_Chen,developability,cluster,classification,esm2_mean,linear,25,25,15,601,0.4706197143558971,0.19411534907127787,False,,,,
SAbDab_Chen,developability,cluster,classification,esm2_mean,linear,50,50,15,601,0.5221339088325087,0.2011343570147205,False,,,,
SAbDab_Chen,developability,cluster,classification,esm2_mean,linear,100,100,15,601,0.609581710355476,0.26263799481080763,False,,,,
SAbDab_Chen,developability,cluster,classification,esm2_mean,linear,200,200,15,601,0.6949240270905709,0.3393868137399722,False,,,,
SAbDab_Chen,developability,cluster,classification,esm2_mean,linear,500,500,15,601,0.7154875951854581,0.3994547993867399,False,,,,
SAbDab_Chen,developability,cluster,classification,esm2_mean,linear,1000,1000,15,601,0.7901445766221006,0.41620444903916615,False,,,,
SAbDab_Chen,developability,cluster,classification,esm2_mean,linear,all,1808,15,601,0.8125328981998104,0.46701113892430346,False,,,,
SAbDab_Chen,developability,cluster,classification,esm2_mean,linear,25,25,16,809,0.6100111028867505,0.34109484867065815,False,,,,
SAbDab_Chen,developability,cluster,classification,esm2_mean,linear,50,50,16,809,0.56401823565036,0.27994489141063933,False,,,,
SAbDab_Chen,developability,cluster,classification,esm2_mean,linear,100,100,16,809,0.6575011775788978,0.49132398664501464,False,,,,
SAbDab_Chen,developability,cluster,classification,esm2_mean,linear,200,200,16,809,0.7424214386649619,0.5544198901785389,False,,,,
SAbDab_Chen,developability,cluster,classification,esm2_mean,linear,500,500,16,809,0.7734254087881032,0.5673249776272703,False,,,,
SAbDab_Chen,developability,cluster,classification,esm2_mean,linear,1000,1000,16,809,0.7529944149115133,0.5593702741254526,False,,,,
SAbDab_Chen,developability,cluster,classification,esm2_mean,linear,all,1600,16,809,0.7757889778615166,0.6180020817787678,False,,,,
SAbDab_Chen,developability,cluster,classification,esm2_mean,linear,25,25,17,713,0.4363665908352291,0.22036447523644734,False,,,,
SAbDab_Chen,developability,cluster,classification,esm2_mean,linear,50,50,17,713,0.4442638934026649,0.2546535048829548,False,,,,
SAbDab_Chen,developability,cluster,classification,esm2_mean,linear,100,100,17,713,0.530278409706424,0.3249546579523857,False,,,,
SAbDab_Chen,developability,cluster,classification,esm2_mean,linear,200,200,17,713,0.6043765572527353,0.35421485660257945,False,,,,
SAbDab_Chen,developability,cluster,classification,esm2_mean,linear,500,500,17,713,0.73991983533745,0.4527386386327838,False,,,,
SAbDab_Chen,developability,cluster,classification,esm2_mean,linear,1000,1000,17,713,0.7796771747372981,0.5445004981979791,False,,,,
SAbDab_Chen,developability,cluster,classification,esm2_mean,linear,all,1696,17,713,0.7977033907485646,0.5577198022139254,False,,,,
SAbDab_Chen,developability,cluster,classification,esm2_mean,linear,25,25,18,769,0.5039225002639637,0.19467462063169866,False,,,,
SAbDab_Chen,developability,cluster,classification,esm2_mean,linear,50,50,18,769,0.5125224369126808,0.2156167898739889,False,,,,
SAbDab_Chen,developability,cluster,classification,esm2_mean,linear,100,100,18,769,0.5478091014676381,0.28584519456635493,False,,,,
SAbDab_Chen,developability,cluster,classification,esm2_mean,linear,200,200,18,769,0.6759265125118783,0.36327567628032487,False,,,,
SAbDab_Chen,developability,cluster,classification,esm2_mean,linear,500,500,18,769,0.7248020272410516,0.40441975330816027,False,,,,
SAbDab_Chen,developability,cluster,classification,esm2_mean,linear,1000,1000,18,769,0.7540492028296906,0.4355035489745255,False,,,,
SAbDab_Chen,developability,cluster,classification,esm2_mean,linear,all,1640,18,769,0.7903178122690317,0.4793240474401417,False,,,,
SAbDab_Chen,developability,cluster,classification,esm2_mean,linear,25,25,19,512,0.5622318078677181,0.2914820922269098,False,,,,
SAbDab_Chen,developability,cluster,classification,esm2_mean,linear,50,50,19,512,0.658567545101211,0.3249919598738809,False,,,,
SAbDab_Chen,developability,cluster,classification,esm2_mean,linear,100,100,19,512,0.627384242097459,0.40240219357785273,False,,,,
SAbDab_Chen,developability,cluster,classification,esm2_mean,linear,200,200,19,512,0.6815730942912988,0.4176469710108621,False,,,,
SAbDab_Chen,developability,cluster,classification,esm2_mean,linear,500,500,19,512,0.7548583496214419,0.5423088322517713,False,,,,
SAbDab_Chen,developability,cluster,classification,esm2_mean,linear,1000,1000,19,512,0.7830311608366471,0.5403771236052773,False,,,,
SAbDab_Chen,developability,cluster,classification,esm2_mean,linear,all,1897,19,512,0.8108669767023882,0.5910566139650544,False,,,,
SAbDab_Chen,developability,cluster,classification,esm2_mean,mlp,25,25,0,598,0.5804329644879053,0.29226970695270227,False,,,,
SAbDab_Chen,developability,cluster,classification,esm2_mean,mlp,50,50,0,598,0.6331221049922799,0.3359863920040144,False,,,,
SAbDab_Chen,developability,cluster,classification,esm2_mean,mlp,100,100,0,598,0.6623295162120433,0.35990159308955993,False,,,,
SAbDab_Chen,developability,cluster,classification,esm2_mean,mlp,200,200,0,598,0.6804233144621719,0.3997704510292163,False,,,,
SAbDab_Chen,developability,cluster,classification,esm2_mean,mlp,500,500,0,598,0.6898320895522387,0.4269654468919557,False,,,,
SAbDab_Chen,developability,cluster,classification,esm2_mean,mlp,1000,1000,0,598,0.7587654400411734,0.5068814160529617,False,,,,
SAbDab_Chen,developability,cluster,classification,esm2_mean,mlp,all,1811,0,598,0.7494370818322182,0.499775150280249,False,,,,
SAbDab_Chen,developability,cluster,classification,esm2_mean,mlp,25,25,1,564,0.555983099441678,0.2694341718752691,False,,,,
SAbDab_Chen,developability,cluster,classification,esm2_mean,mlp,50,50,1,564,0.5722632999681438,0.28571092752636945,False,,,,
SAbDab_Chen,developability,cluster,classification,esm2_mean,mlp,100,100,1,564,0.7022701742031756,0.39947475749403716,False,,,,
SAbDab_Chen,developability,cluster,classification,esm2_mean,mlp,200,200,1,564,0.7003588015358047,0.46639963732309914,False,,,,
SAbDab_Chen,developability,cluster,classification,esm2_mean,mlp,500,500,1,564,0.6880522441862414,0.4899788496954113,False,,,,
SAbDab_Chen,developability,cluster,classification,esm2_mean,mlp,1000,1000,1,564,0.6674295390909244,0.41021664359227983,False,,,,
SAbDab_Chen,developability,cluster,classification,esm2_mean,mlp,all,1845,1,564,0.7114078768673607,0.4648368703939239,False,,,,
SAbDab_Chen,developability,cluster,classification,esm2_mean,mlp,25,25,2,547,0.5490356861716085,0.20551123187747497,False,,,,
SAbDab_Chen,developability,cluster,classification,esm2_mean,mlp,50,50,2,547,0.5644953205632817,0.22743218079740588,False,,,,
SAbDab_Chen,developability,cluster,classification,esm2_mean,mlp,100,100,2,547,0.6405252339718359,0.25815049371025,False,,,,
SAbDab_Chen,developability,cluster,classification,esm2_mean,mlp,200,200,2,547,0.665649873174145,0.3131307635043429,False,,,,
SAbDab_Chen,developability,cluster,classification,esm2_mean,mlp,500,500,2,547,0.6638568179830315,0.289029068708688,False,,,,
SAbDab_Chen,developability,cluster,classification,esm2_mean,mlp,1000,1000,2,547,0.6291546400769701,0.3343896513834148,False,,,,
SAbDab_Chen,developability,cluster,classification,esm2_mean,mlp,all,1862,2,547,0.6596147117991779,0.3075750084973164,False,,,,
SAbDab_Chen,developability,cluster,classification,esm2_mean,mlp,25,25,3,675,0.6086967418546365,0.23377340428625054,False,,,,
SAbDab_Chen,developability,cluster,classification,esm2_mean,mlp,50,50,3,675,0.655079365079365,0.28997192806306316,False,,,,
SAbDab_Chen,developability,cluster,classification,esm2_mean,mlp,100,100,3,675,0.7361319966583124,0.2888975463068582,False,,,,
SAbDab_Chen,developability,cluster,classification,esm2_mean,mlp,200,200,3,675,0.7356307435254804,0.33251053155959515,False,,,,
SAbDab_Chen,developability,cluster,classification,esm2_mean,mlp,500,500,3,675,0.8031328320802005,0.42565983790845013,False,,,,
SAbDab_Chen,developability,cluster,classification,esm2_mean,mlp,1000,1000,3,675,0.8049707602339181,0.43774354467673526,False,,,,
SAbDab_Chen,developability,cluster,classification,esm2_mean,mlp,all,1734,3,675,0.8534753550543024,0.5055457200013216,False,,,,
SAbDab_Chen,developability,cluster,classification,esm2_mean,mlp,25,25,4,623,0.461175898931001,0.13935292320639603,False,,,,
SAbDab_Chen,developability,cluster,classification,esm2_mean,mlp,50,50,4,623,0.5099805636540331,0.15754079737490986,False,,,,
SAbDab_Chen,developability,cluster,classification,esm2_mean,mlp,100,100,4,623,0.687240038872692,0.3445314228959509,False,,,,
SAbDab_Chen,developability,cluster,classification,esm2_mean,mlp,200,200,4,623,0.7485034013605443,0.37450982989766085,False,,,,
SAbDab_Chen,developability,cluster,classification,esm2_mean,mlp,500,500,4,623,0.763022351797862,0.36998020908871326,False,,,,
SAbDab_Chen,developability,cluster,classification,esm2_mean,mlp,1000,1000,4,623,0.8084062196307095,0.3930604180649143,False,,,,
SAbDab_Chen,developability,cluster,classification,esm2_mean,mlp,all,1786,4,623,0.786793002915452,0.3844878777290133,False,,,,
SAbDab_Chen,developability,cluster,classification,esm2_mean,mlp,25,25,5,436,0.4070311668971386,0.1943939623919793,False,,,,
SAbDab_Chen,developability,cluster,classification,esm2_mean,mlp,50,50,5,436,0.5475126759564585,0.25351002861458755,False,,,,
SAbDab_Chen,developability,cluster,classification,esm2_mean,mlp,100,100,5,436,0.5522639435521044,0.25863876965446264,False,,,,
SAbDab_Chen,developability,cluster,classification,esm2_mean,mlp,200,200,5,436,0.5951317235755061,0.24277399874493436,False,,,,
SAbDab_Chen,developability,cluster,classification,esm2_mean,mlp,500,500,5,436,0.7062901109811013,0.34586097738984733,False,,,,
SAbDab_Chen,developability,cluster,classification,esm2_mean,mlp,1000,1000,5,436,0.795925965322838,0.4575827836345602,False,,,,
SAbDab_Chen,developability,cluster,classification,esm2_mean,mlp,all,1973,5,436,0.7951813636847145,0.45703214561779404,False,,,,
SAbDab_Chen,developability,cluster,classification,esm2_mean,mlp,25,25,6,636,0.5722356671951931,0.2644726722456231,False,,,,
SAbDab_Chen,developability,cluster,classification,esm2_mean,mlp,50,50,6,636,0.6343403154468832,0.3028530228021839,False,,,,
SAbDab_Chen,developability,cluster,classification,esm2_mean,mlp,100,100,6,636,0.7057080864558124,0.3590912487685336,False,,,,
SAbDab_Chen,developability,cluster,classification,esm2_mean,mlp,200,200,6,636,0.7845030459818074,0.4797181396601035,False,,,,
SAbDab_Chen,developability,cluster,classification,esm2_mean,mlp,500,500,6,636,0.7930151047317032,0.4538888234011605,False,,,,
SAbDab_Chen,developability,cluster,classification,esm2_mean,mlp,1000,1000,6,636,0.7858048902612034,0.4530355510253544,False,,,,
SAbDab_Chen,developability,cluster,classification,esm2_mean,mlp,all,1773,6,636,0.7830843695234917,0.4639928173826861,False,,,,
SAbDab_Chen,developability,cluster,classification,esm2_mean,mlp,25,25,7,753,0.5670712341197821,0.2255890090989638,False,,,,
SAbDab_Chen,developability,cluster,classification,esm2_mean,mlp,50,50,7,753,0.5925703266787659,0.2446063903889089,False,,,,
SAbDab_Chen,developability,cluster,classification,esm2_mean,mlp,100,100,7,753,0.5865018148820327,0.2510201962718937,False,,,,
SAbDab_Chen,developability,cluster,classification,esm2_mean,mlp,200,200,7,753,0.659051724137931,0.35893519570618504,False,,,,
SAbDab_Chen,developability,cluster,classification,esm2_mean,mlp,500,500,7,753,0.6403357531760436,0.31779402621357083,False,,,,
SAbDab_Chen,developability,cluster,classification,esm2_mean,mlp,1000,1000,7,753,0.7194419237749548,0.37609998122891997,False,,,,
SAbDab_Chen,developability,cluster,classification,esm2_mean,mlp,all,1656,7,753,0.703833938294011,0.3506859162180425,False,,,,
SAbDab_Chen,developability,cluster,classification,esm2_mean,mlp,25,25,8,633,0.5709434837341814,0.2195363363931633,False,,,,
SAbDab_Chen,developability,cluster,classification,esm2_mean,mlp,50,50,8,633,0.6639833035181872,0.30597515815871373,False,,,,
SAbDab_Chen,developability,cluster,classification,esm2_mean,mlp,100,100,8,633,0.72743987278871,0.36494613610589344,False,,,,
SAbDab_Chen,developability,cluster,classification,esm2_mean,mlp,200,200,8,633,0.7291128337639965,0.33927714691802535,False,,,,
SAbDab_Chen,developability,cluster,classification,esm2_mean,mlp,500,500,8,633,0.7702246074339099,0.39988949973957233,False,,,,
SAbDab_Chen,developability,cluster,classification,esm2_mean,mlp,1000,1000,8,633,0.761280063605645,0.390908320917844,False,,,,
SAbDab_Chen,developability,cluster,classification,esm2_mean,mlp,all,1776,8,633,0.7689988736500365,0.4167239901008546,False,,,,
SAbDab_Chen,developability,cluster,classification,esm2_mean,mlp,25,25,9,515,0.6454107000795545,0.35762780366000546,False,,,,
SAbDab_Chen,developability,cluster,classification,esm2_mean,mlp,50,50,9,515,0.5550666268894192,0.27699135653702395,False,,,,
SAbDab_Chen,developability,cluster,classification,esm2_mean,mlp,100,100,9,515,0.6801412092283214,0.37933404061776677,False,,,,
SAbDab_Chen,developability,cluster,classification,esm2_mean,mlp,200,200,9,515,0.7020186953062849,0.37291856949477126,False,,,,
SAbDab_Chen,developability,cluster,classification,esm2_mean,mlp,500,500,9,515,0.7185013922036596,0.3717361911091292,False,,,,
SAbDab_Chen,developability,cluster,classification,esm2_mean,mlp,1000,1000,9,515,0.7256612967382657,0.43447784421004004,False,,,,
SAbDab_Chen,developability,cluster,classification,esm2_mean,mlp,all,1894,9,515,0.7700626491646778,0.4436370182770032,False,,,,
SAbDab_Chen,developability,cluster,classification,esm2_mean,mlp,25,25,10,639,0.6179754478908541,0.3227534608391936,False,,,,
SAbDab_Chen,developability,cluster,classification,esm2_mean,mlp,50,50,10,639,0.5780711498476174,0.2756506963162949,False,,,,
SAbDab_Chen,developability,cluster,classification,esm2_mean,mlp,100,100,10,639,0.6084194935771455,0.2868506320950518,False,,,,
SAbDab_Chen,developability,cluster,classification,esm2_mean,mlp,200,200,10,639,0.7570565951750262,0.43681058834274894,False,,,,
SAbDab_Chen,developability,cluster,classification,esm2_mean,mlp,500,500,10,639,0.8023726110114215,0.5868025721681968,False,,,,
SAbDab_Chen,developability,cluster,classification,esm2_mean,mlp,1000,1000,10,639,0.8098493263835483,0.5703679555321971,False,,,,
SAbDab_Chen,developability,cluster,classification,esm2_mean,mlp,all,1770,10,639,0.8207439687829331,0.5804013963602724,False,,,,
SAbDab_Chen,developability,cluster,classification,esm2_mean,mlp,25,25,11,524,0.5763135946622185,0.23156515694663718,False,,,,
SAbDab_Chen,developability,cluster,classification,esm2_mean,mlp,50,50,11,524,0.5403982485404504,0.1983574969769712,False,,,,
SAbDab_Chen,developability,cluster,classification,esm2_mean,mlp,100,100,11,524,0.5774603836530442,0.20074175045244674,False,,,,
SAbDab_Chen,developability,cluster,classification,esm2_mean,mlp,200,200,11,524,0.6092055879899917,0.1957321792525215,False,,,,
SAbDab_Chen,developability,cluster,classification,esm2_mean,mlp,500,500,11,524,0.6675875729774813,0.26898911090346084,False,,,,
SAbDab_Chen,developability,cluster,classification,esm2_mean,mlp,1000,1000,11,524,0.6925562969140951,0.2915013894734763,False,,,,
SAbDab_Chen,developability,cluster,classification,esm2_mean,mlp,all,1885,11,524,0.698967889908257,0.33061865575158,False,,,,
SAbDab_Chen,developability,cluster,classification,esm2_mean,mlp,25,25,12,423,0.4353027069527126,0.2608927822145417,False,,,,
SAbDab_Chen,developability,cluster,classification,esm2_mean,mlp,50,50,12,423,0.5827249241828598,0.36170741745331453,False,,,,
SAbDab_Chen,developability,cluster,classification,esm2_mean,mlp,100,100,12,423,0.709395709311468,0.4561739753366425,False,,,,
SAbDab_Chen,developability,cluster,classification,esm2_mean,mlp,200,200,12,423,0.7435695832865328,0.5220200380665448,False,,,,
SAbDab_Chen,developability,cluster,classification,esm2_mean,mlp,500,500,12,423,0.7401999326069864,0.5229556730434922,False,,,,
SAbDab_Chen,developability,cluster,classification,esm2_mean,mlp,1000,1000,12,423,0.7482028529709087,0.4778630388761514,False,,,,
SAbDab_Chen,developability,cluster,classification,esm2_mean,mlp,all,1986,12,423,0.777883859373245,0.5459107349153142,False,,,,
SAbDab_Chen,developability,cluster,classification,esm2_mean,mlp,25,25,13,575,0.5841720584711239,0.2659970846725379,False,,,,
SAbDab_Chen,developability,cluster,classification,esm2_mean,mlp,50,50,13,575,0.6489336208962376,0.3110261510505369,False,,,,
SAbDab_Chen,developability,cluster,classification,esm2_mean,mlp,100,100,13,575,0.6666466970205288,0.34642655042550874,False,,,,
SAbDab_Chen,developability,cluster,classification,esm2_mean,mlp,200,200,13,575,0.6693226296030034,0.35203144259470837,False,,,,
SAbDab_Chen,developability,cluster,classification,esm2_mean,mlp,500,500,13,575,0.7092818915248822,0.3783736410771437,False,,,,
SAbDab_Chen,developability,cluster,classification,esm2_mean,mlp,1000,1000,13,575,0.7680525601086348,0.4516964706842984,False,,,,
SAbDab_Chen,developability,cluster,classification,esm2_mean,mlp,all,1834,13,575,0.8156202572090422,0.49657949194832934,False,,,,
SAbDab_Chen,developability,cluster,classification,esm2_mean,mlp,25,25,14,589,0.6081390593047035,0.25360312537657,False,,,,
SAbDab_Chen,developability,cluster,classification,esm2_mean,mlp,50,50,14,589,0.5937525562372188,0.2667278511473998,False,,,,
SAbDab_Chen,developability,cluster,classification,esm2_mean,mlp,100,100,14,589,0.6454294478527608,0.31035633646442273,False,,,,
SAbDab_Chen,developability,cluster,classification,esm2_mean,mlp,200,200,14,589,0.7455112474437626,0.3988240071569153,False,,,,
SAbDab_Chen,developability,cluster,classification,esm2_mean,mlp,500,500,14,589,0.7038752556237218,0.30627542799215385,False,,,,
SAbDab_Chen,developability,cluster,classification,esm2_mean,mlp,1000,1000,14,589,0.7194580777096113,0.3037844928244874,False,,,,
SAbDab_Chen,developability,cluster,classification,esm2_mean,mlp,all,1820,14,589,0.7247546012269938,0.31463991109139305,False,,,,
SAbDab_Chen,developability,cluster,classification,esm2_mean,mlp,25,25,15,601,0.49797347089167276,0.2003568307509042,False,,,,
SAbDab_Chen,developability,cluster,classification,esm2_mean,mlp,50,50,15,601,0.5363459311506475,0.2302134017560526,False,,,,
SAbDab_Chen,developability,cluster,classification,esm2_mean,mlp,100,100,15,601,0.6723427027406395,0.3146157401927572,False,,,,
SAbDab_Chen,developability,cluster,classification,esm2_mean,mlp,200,200,15,601,0.7433150857985051,0.354649270812872,False,,,,
SAbDab_Chen,developability,cluster,classification,esm2_mean,mlp,500,500,15,601,0.7618433519317822,0.43701517790762556,False,,,,
SAbDab_Chen,developability,cluster,classification,esm2_mean,mlp,1000,1000,15,601,0.788530371618065,0.41062919419902305,False,,,,
SAbDab_Chen,developability,cluster,classification,esm2_mean,mlp,all,1808,15,601,0.7949521002210759,0.411474135188903,False,,,,
SAbDab_Chen,developability,cluster,classification,esm2_mean,mlp,25,25,16,809,0.6495861651302066,0.3790647358493834,False,,,,
SAbDab_Chen,developability,cluster,classification,esm2_mean,mlp,50,50,16,809,0.6899939438799543,0.45043495546807594,False,,,,
SAbDab_Chen,developability,cluster,classification,esm2_mean,mlp,100,100,16,809,0.7184997644842205,0.49352015646876723,False,,,,
SAbDab_Chen,developability,cluster,classification,esm2_mean,mlp,200,200,16,809,0.7368868178453671,0.47480111578899253,False,,,,
SAbDab_Chen,developability,cluster,classification,esm2_mean,mlp,500,500,16,809,0.7544832110894286,0.5599502044928719,False,,,,
SAbDab_Chen,developability,cluster,classification,esm2_mean,mlp,1000,1000,16,809,0.7509336518403875,0.5150570342128219,False,,,,
SAbDab_Chen,developability,cluster,classification,esm2_mean,mlp,all,1600,16,809,0.7160268487988695,0.4464785217851406,False,,,,
SAbDab_Chen,developability,cluster,classification,esm2_mean,mlp,25,25,17,713,0.525273534828296,0.25775395745566293,False,,,,
SAbDab_Chen,developability,cluster,classification,esm2_mean,mlp,50,50,17,713,0.5138771530711732,0.2618566691593692,False,,,,
SAbDab_Chen,developability,cluster,classification,esm2_mean,mlp,100,100,17,713,0.587195320116997,0.32259057126497115,False,,,,
SAbDab_Chen,developability,cluster,classification,esm2_mean,mlp,200,200,17,713,0.6306900660816814,0.3584817807842701,False,,,,
SAbDab_Chen,developability,cluster,classification,esm2_mean,mlp,500,500,17,713,0.7572744014732965,0.4344112832975281,False,,,,
SAbDab_Chen,developability,cluster,classification,esm2_mean,mlp,1000,1000,17,713,0.7612663850070415,0.44797199957775125,False,,,,
SAbDab_Chen,developability,cluster,classification,esm2_mean,mlp,all,1696,17,713,0.7775647275484779,0.4608171864608433,False,,,,
SAbDab_Chen,developability,cluster,classification,esm2_mean,mlp,25,25,18,769,0.48074121000950265,0.18651698288797006,False,,,,
SAbDab_Chen,developability,cluster,classification,esm2_mean,mlp,50,50,18,769,0.5169781438074121,0.23211278800693294,False,,,,
SAbDab_Chen,developability,cluster,classification,esm2_mean,mlp,100,100,18,769,0.567236828212438,0.28137244024608504,False,,,,
SAbDab_Chen,developability,cluster,classification,esm2_mean,mlp,200,200,18,769,0.6568577763699716,0.35716662549950684,False,,,,
SAbDab_Chen,developability,cluster,classification,esm2_mean,mlp,500,500,18,769,0.7077499736036321,0.3835186002696945,False,,,,
SAbDab_Chen,developability,cluster,classification,esm2_mean,mlp,1000,1000,18,769,0.7289198606271776,0.37745014220675627,False,,,,
SAbDab_Chen,developability,cluster,classification,esm2_mean,mlp,all,1640,18,769,0.7659170098194488,0.41156526447483704,False,,,,
SAbDab_Chen,developability,cluster,classification,esm2_mean,mlp,25,25,19,512,0.5439666599267597,0.295412054825976,False,,,,
SAbDab_Chen,developability,cluster,classification,esm2_mean,mlp,50,50,19,512,0.5983801756869088,0.29802555946680004,False,,,,
SAbDab_Chen,developability,cluster,classification,esm2_mean,mlp,100,100,19,512,0.606108602367954,0.37220647825867703,False,,,,
SAbDab_Chen,developability,cluster,classification,esm2_mean,mlp,200,200,19,512,0.6269573813214712,0.394277666239202,False,,,,
SAbDab_Chen,developability,cluster,classification,esm2_mean,mlp,500,500,19,512,0.7119925411695984,0.4884723326831522,False,,,,
SAbDab_Chen,developability,cluster,classification,esm2_mean,mlp,1000,1000,19,512,0.7813911168025881,0.5130475486266348,False,,,,
SAbDab_Chen,developability,cluster,classification,esm2_mean,mlp,all,1897,19,512,0.7766731819100896,0.5176278386180756,False,,,,
SAbDab_Chen,developability,cluster,classification,esm2_max,linear,25,25,0,598,0.6375450334534226,0.3146345288738942,False,,,,
SAbDab_Chen,developability,cluster,classification,esm2_max,linear,50,50,0,598,0.6413407102418939,0.36022343452153055,False,,,,
SAbDab_Chen,developability,cluster,classification,esm2_max,linear,100,100,0,598,0.6806645651055069,0.39296040517822806,False,,,,
SAbDab_Chen,developability,cluster,classification,esm2_max,linear,200,200,0,598,0.657681420483788,0.3815991378640059,False,,,,
SAbDab_Chen,developability,cluster,classification,esm2_max,linear,500,500,0,598,0.7339487905301081,0.437346177749826,False,,,,
SAbDab_Chen,developability,cluster,classification,esm2_max,linear,1000,1000,0,598,0.7447889861039628,0.49513045006565004,False,,,,
SAbDab_Chen,developability,cluster,classification,esm2_max,linear,all,1811,0,598,0.7144879053010809,0.4604711860348825,False,,,,
SAbDab_Chen,developability,cluster,classification,esm2_max,linear,25,25,1,564,0.5072430964237211,0.28573904065420064,False,,,,
SAbDab_Chen,developability,cluster,classification,esm2_max,linear,50,50,1,564,0.4470013245477257,0.24438956271911288,False,,,,
SAbDab_Chen,developability,cluster,classification,esm2_max,linear,100,100,1,564,0.5652214006673038,0.27810259870231435,False,,,,
SAbDab_Chen,developability,cluster,classification,esm2_max,linear,200,200,1,564,0.6738510805962141,0.457924504949751,False,,,,
SAbDab_Chen,developability,cluster,classification,esm2_max,linear,500,500,1,564,0.6202655802022031,0.3752964110191025,False,,,,
SAbDab_Chen,developability,cluster,classification,esm2_max,linear,1000,1000,1,564,0.722725215029425,0.521497269470692,False,,,,
SAbDab_Chen,developability,cluster,classification,esm2_max,linear,all,1845,1,564,0.7076186643864326,0.4465519678243365,False,,,,
SAbDab_Chen,developability,cluster,classification,esm2_max,linear,25,25,2,547,0.6631789556546839,0.35910295001941633,False,,,,
SAbDab_Chen,developability,cluster,classification,esm2_max,linear,50,50,2,547,0.6393007084754657,0.29832850717482307,False,,,,
SAbDab_Chen,developability,cluster,classification,esm2_max,linear,100,100,2,547,0.6978592670340243,0.38876626421490895,False,,,,
SAbDab_Chen,developability,cluster,classification,esm2_max,linear,200,200,2,547,0.7086394647074259,0.43369390754493997,False,,,,
SAbDab_Chen,developability,cluster,classification,esm2_max,linear,500,500,2,547,0.6717506341292748,0.3565426321991077,False,,,,
SAbDab_Chen,developability,cluster,classification,esm2_max,linear,1000,1000,2,547,0.6820935012682586,0.39233553800159043,False,,,,
SAbDab_Chen,developability,cluster,classification,esm2_max,linear,all,1862,2,547,0.7268980145193737,0.40670762116069803,False,,,,
SAbDab_Chen,developability,cluster,classification,esm2_max,linear,25,25,3,675,0.6233834586466165,0.3023703045038899,False,,,,
SAbDab_Chen,developability,cluster,classification,esm2_max,linear,50,50,3,675,0.6519047619047619,0.27947186736696833,False,,,,
SAbDab_Chen,developability,cluster,classification,esm2_max,linear,100,100,3,675,0.6825981620718463,0.29809393646002175,False,,,,
SAbDab_Chen,developability,cluster,classification,esm2_max,linear,200,200,3,675,0.7348120300751879,0.4126221154679209,False,,,,
SAbDab_Chen,developability,cluster,classification,esm2_max,linear,500,500,3,675,0.7799582289055973,0.4558791388350068,False,,,,
SAbDab_Chen,developability,cluster,classification,esm2_max,linear,1000,1000,3,675,0.7581035923141186,0.3872111389143034,False,,,,
SAbDab_Chen,developability,cluster,classification,esm2_max,linear,all,1734,3,675,0.7812781954887218,0.3890755316092285,False,,,,
SAbDab_Chen,developability,cluster,classification,esm2_max,linear,25,25,4,623,0.41758017492711363,0.12923263328852638,False,,,,
SAbDab_Chen,developability,cluster,classification,esm2_max,linear,50,50,4,623,0.4849854227405248,0.1516301277540435,False,,,,
SAbDab_Chen,developability,cluster,classification,esm2_max,linear,100,100,4,623,0.5978134110787172,0.22800263018179417,False,,,,
SAbDab_Chen,developability,cluster,classification,esm2_max,linear,200,200,4,623,0.6921185617103984,0.3083419963797626,False,,,,
SAbDab_Chen,developability,cluster,classification,esm2_max,linear,500,500,4,623,0.716044703595724,0.3561779544207954,False,,,,
SAbDab_Chen,developability,cluster,classification,esm2_max,linear,1000,1000,4,623,0.7592128279883383,0.37456277316959047,False,,,,
SAbDab_Chen,developability,cluster,classification,esm2_max,linear,all,1786,4,623,0.7428862973760932,0.3357194198043363,False,,,,
SAbDab_Chen,developability,cluster,classification,esm2_max,linear,25,25,5,436,0.4061801935964259,0.17158953185778486,False,,,,
SAbDab_Chen,developability,cluster,classification,esm2_max,linear,50,50,5,436,0.5428677800234017,0.2717986945180664,False,,,,
SAbDab_Chen,developability,cluster,classification,esm2_max,linear,100,100,5,436,0.5706662411800163,0.2982491678496922,False,,,,
SAbDab_Chen,developability,cluster,classification,esm2_max,linear,200,200,5,436,0.6831010885366806,0.3377480064619113,False,,,,
SAbDab_Chen,developability,cluster,classification,esm2_max,linear,500,500,5,436,0.6778888770698153,0.34837911706075886,False,,,,
SAbDab_Chen,developability,cluster,classification,esm2_max,linear,1000,1000,5,436,0.768836648583484,0.44349271182810585,False,,,,
SAbDab_Chen,developability,cluster,classification,esm2_max,linear,all,1973,5,436,0.7091976030918696,0.38814546086535917,False,,,,
SAbDab_Chen,developability,cluster,classification,esm2_max,linear,25,25,6,636,0.5829675373445715,0.2504515196473327,False,,,,
SAbDab_Chen,developability,cluster,classification,esm2_max,linear,50,50,6,636,0.6568722356671952,0.3159461900487547,False,,,,
SAbDab_Chen,developability,cluster,classification,esm2_max,linear,100,100,6,636,0.691254276892264,0.34291970749994977,False,,,,
SAbDab_Chen,developability,cluster,classification,esm2_max,linear,200,200,6,636,0.7489860635900859,0.40026890078449584,False,,,,
SAbDab_Chen,developability,cluster,classification,esm2_max,linear,500,500,6,636,0.7648251689894017,0.44350798993708884,False,,,,
SAbDab_Chen,developability,cluster,classification,esm2_max,linear,1000,1000,6,636,0.7678461153300509,0.452217119120601,False,,,,
SAbDab_Chen,developability,cluster,classification,esm2_max,linear,all,1773,6,636,0.7225653008428606,0.3948704567999397,False,,,,
SAbDab_Chen,developability,cluster,classification,esm2_max,linear,25,25,7,753,0.5068511796733213,0.2136034847468845,False,,,,
SAbDab_Chen,developability,cluster,classification,esm2_max,linear,50,50,7,753,0.5938634301270418,0.26443923128124647,False,,,,
SAbDab_Chen,developability,cluster,classification,esm2_max,linear,100,100,7,753,0.5785503629764066,0.26075235842025185,False,,,,
SAbDab_Chen,developability,cluster,classification,esm2_max,linear,200,200,7,753,0.5947481851179672,0.32318215821010043,False,,,,
SAbDab_Chen,developability,cluster,classification,esm2_max,linear,500,500,7,753,0.6838362068965517,0.3735596119497003,False,,,,
SAbDab_Chen,developability,cluster,classification,esm2_max,linear,1000,1000,7,753,0.7128176043557168,0.3918579653220511,False,,,,
SAbDab_Chen,developability,cluster,classification,esm2_max,linear,all,1656,7,753,0.6772345735027223,0.3858310283853009,False,,,,
SAbDab_Chen,developability,cluster,classification,esm2_max,linear,25,25,8,633,0.6344497449148612,0.24861534843656946,False,,,,
SAbDab_Chen,developability,cluster,classification,esm2_max,linear,50,50,8,633,0.667262969588551,0.2793919995063688,False,,,,
SAbDab_Chen,developability,cluster,classification,esm2_max,linear,100,100,8,633,0.6694494136354602,0.3328620884817285,False,,,,
SAbDab_Chen,developability,cluster,classification,esm2_max,linear,200,200,8,633,0.7237792354071424,0.365572458514399,False,,,,
SAbDab_Chen,developability,cluster,classification,esm2_max,linear,500,500,8,633,0.7160604253627509,0.3816021249483306,False,,,,
SAbDab_Chen,developability,cluster,classification,esm2_max,linear,1000,1000,8,633,0.7443682501822037,0.38976983789257247,False,,,,
SAbDab_Chen,developability,cluster,classification,esm2_max,linear,all,1776,8,633,0.7672762207645929,0.44985623824945004,False,,,,
SAbDab_Chen,developability,cluster,classification,esm2_max,linear,25,25,9,515,0.6591587112171837,0.28611118351035053,False,,,,
SAbDab_Chen,developability,cluster,classification,esm2_max,linear,50,50,9,515,0.6454852824184567,0.2853622364663863,False,,,,
SAbDab_Chen,developability,cluster,classification,esm2_max,linear,100,100,9,515,0.628604813046937,0.2962854054620044,False,,,,
SAbDab_Chen,developability,cluster,classification,esm2_max,linear,200,200,9,515,0.6686058074781226,0.319371655457097,False,,,,
SAbDab_Chen,developability,cluster,classification,esm2_max,linear,500,500,9,515,0.7055489260143197,0.38483805988619474,False,,,,
SAbDab_Chen,developability,cluster,classification,esm2_max,linear,1000,1000,9,515,0.6903092680986476,0.3390242276495643,False,,,,
SAbDab_Chen,developability,cluster,classification,esm2_max,linear,all,1894,9,515,0.6736774065234686,0.2905637215770184,False,,,,
SAbDab_Chen,developability,cluster,classification,esm2_max,linear,25,25,10,639,0.6154262439830243,0.28622826358840026,False,,,,
SAbDab_Chen,developability,cluster,classification,esm2_max,linear,50,50,10,639,0.6201401350081175,0.2981068067224057,False,,,,
SAbDab_Chen,developability,cluster,classification,esm2_max,linear,100,100,10,639,0.5841094875957732,0.2799941022363932,False,,,,
SAbDab_Chen,developability,cluster,classification,esm2_max,linear,200,200,10,639,0.7099746503745479,0.3766448356093866,False,,,,
SAbDab_Chen,developability,cluster,classification,esm2_max,linear,500,500,10,639,0.7889145233415933,0.5541884554774303,False,,,,
SAbDab_Chen,developability,cluster,classification,esm2_max,linear,1000,1000,10,639,0.809963257284457,0.5734944787265952,False,,,,
SAbDab_Chen,developability,cluster,classification,esm2_max,linear,all,1770,10,639,0.803127403229941,0.5300546404941944,False,,,,
SAbDab_Chen,developability,cluster,classification,esm2_max,linear,25,25,11,524,0.5567660550458715,0.20531422612218497,False,,,,
SAbDab_Chen,developability,cluster,classification,esm2_max,linear,50,50,11,524,0.520772518765638,0.18778991803678913,False,,,,
SAbDab_Chen,developability,cluster,classification,esm2_max,linear,100,100,11,524,0.5328919933277732,0.19697086585483808,False,,,,
SAbDab_Chen,developability,cluster,classification,esm2_max,linear,200,200,11,524,0.6502554211843202,0.2916377554062195,False,,,,
SAbDab_Chen,developability,cluster,classification,esm2_max,linear,500,500,11,524,0.7001146788990825,0.341865537370991,False,,,,
SAbDab_Chen,developability,cluster,classification,esm2_max,linear,1000,1000,11,524,0.7051709758131777,0.3689827410294185,False,,,,
SAbDab_Chen,developability,cluster,classification,esm2_max,linear,all,1885,11,524,0.6716534612176814,0.3322132061652014,False,,,,
SAbDab_Chen,developability,cluster,classification,esm2_max,linear,25,25,12,423,0.4070538020891834,0.2586519911483047,False,,,,
SAbDab_Chen,developability,cluster,classification,esm2_max,linear,50,50,12,423,0.604262608109626,0.38471097943951493,False,,,,
SAbDab_Chen,developability,cluster,classification,esm2_max,linear,100,100,12,423,0.6824946647197574,0.4643370920922476,False,,,,
SAbDab_Chen,developability,cluster,classification,esm2_max,linear,200,200,12,423,0.7048747613164102,0.45414853812004313,False,,,,
SAbDab_Chen,developability,cluster,classification,esm2_max,linear,500,500,12,423,0.7138324160395373,0.5138438550640679,False,,,,
SAbDab_Chen,developability,cluster,classification,esm2_max,linear,1000,1000,12,423,0.6925193754914074,0.4689082601477736,False,,,,
SAbDab_Chen,developability,cluster,classification,esm2_max,linear,all,1986,12,423,0.6693811074918566,0.44935509017251407,False,,,,
SAbDab_Chen,developability,cluster,classification,esm2_max,linear,25,25,13,575,0.6040618260244428,0.2679225547687975,False,,,,
SAbDab_Chen,developability,cluster,classification,esm2_max,linear,50,50,13,575,0.6198378464733605,0.2938246789886954,False,,,,
SAbDab_Chen,developability,cluster,classification,esm2_max,linear,100,100,13,575,0.6842000159757169,0.37497109771868115,False,,,,
SAbDab_Chen,developability,cluster,classification,esm2_max,linear,200,200,13,575,0.649053438773065,0.3288040520648285,False,,,,
SAbDab_Chen,developability,cluster,classification,esm2_max,linear,500,500,13,575,0.6848190750059909,0.37283761685095945,False,,,,
SAbDab_Chen,developability,cluster,classification,esm2_max,linear,1000,1000,13,575,0.7343238277817719,0.4231023407651178,False,,,,
SAbDab_Chen,developability,cluster,classification,esm2_max,linear,all,1834,13,575,0.7503394839843438,0.39945659026615654,False,,,,
SAbDab_Chen,developability,cluster,classification,esm2_max,linear,25,25,14,589,0.5902147239263804,0.2601311775404654,False,,,,
SAbDab_Chen,developability,cluster,classification,esm2_max,linear,50,50,14,589,0.5915235173824132,0.2753727061878659,False,,,,
SAbDab_Chen,developability,cluster,classification,esm2_max,linear,100,100,14,589,0.6251431492842536,0.3469791269798199,False,,,,
SAbDab_Chen,developability,cluster,classification,esm2_max,linear,200,200,14,589,0.6739366053169733,0.33923696053913444,False,,,,
SAbDab_Chen,developability,cluster,classification,esm2_max,linear,500,500,14,589,0.7090899795501022,0.36489852722426314,False,,,,
SAbDab_Chen,developability,cluster,classification,esm2_max,linear,1000,1000,14,589,0.7154089979550102,0.35928145441170917,False,,,,
SAbDab_Chen,developability,cluster,classification,esm2_max,linear,all,1820,14,589,0.7102556237218813,0.2866852051057194,False,,,,
SAbDab_Chen,developability,cluster,classification,esm2_max,linear,25,25,15,601,0.49871039056742816,0.2144594611143562,False,,,,
SAbDab_Chen,developability,cluster,classification,esm2_max,linear,50,50,15,601,0.5575762360950275,0.21977802060167204,False,,,,
SAbDab_Chen,developability,cluster,classification,esm2_max,linear,100,100,15,601,0.6356019931922658,0.2677173207278049,False,,,,
SAbDab_Chen,developability,cluster,classification,esm2_max,linear,200,200,15,601,0.6899410464259395,0.3292837844384209,False,,,,
SAbDab_Chen,developability,cluster,classification,esm2_max,linear,500,500,15,601,0.7432098115591115,0.3821014319247734,False,,,,
SAbDab_Chen,developability,cluster,classification,esm2_max,linear,1000,1000,15,601,0.6998368249289398,0.36576137721792235,False,,,,
SAbDab_Chen,developability,cluster,classification,esm2_max,linear,all,1808,15,601,0.7239972628697757,0.3323120510951162,False,,,,
SAbDab_Chen,developability,cluster,classification,esm2_max,linear,25,25,16,809,0.5518723504474801,0.29442266489237634,False,,,,
SAbDab_Chen,developability,cluster,classification,esm2_max,linear,50,50,16,809,0.6078830495928942,0.3034170839087977,False,,,,
SAbDab_Chen,developability,cluster,classification,esm2_max,linear,100,100,16,809,0.6712956732386784,0.493785319487158,False,,,,
SAbDab_Chen,developability,cluster,classification,esm2_max,linear,200,200,16,809,0.6812798600363367,0.510615383246487,False,,,,
SAbDab_Chen,developability,cluster,classification,esm2_max,linear,500,500,16,809,0.7451803377969181,0.5537677466394719,False,,,,
SAbDab_Chen,developability,cluster,classification,esm2_max,linear,1000,1000,16,809,0.7385774846914743,0.5571543791006125,False,,,,
SAbDab_Chen,developability,cluster,classification,esm2_max,linear,all,1600,16,809,0.7292746113989639,0.5435546949357419,False,,,,
SAbDab_Chen,developability,cluster,classification,esm2_max,linear,25,25,17,713,0.3973025674358141,0.20498092281617572,False,,,,
SAbDab_Chen,developability,cluster,classification,esm2_max,linear,50,50,17,713,0.5694615967934135,0.3162101164636093,False,,,,
SAbDab_Chen,developability,cluster,classification,esm2_max,linear,100,100,17,713,0.6025674358141047,0.33371238979975154,False,,,,
SAbDab_Chen,developability,cluster,classification,esm2_max,linear,200,200,17,713,0.5946484671216553,0.36889622119712917,False,,,,
SAbDab_Chen,developability,cluster,classification,esm2_max,linear,500,500,17,713,0.7226086014516304,0.4452568573277706,False,,,,
SAbDab_Chen,developability,cluster,classification,esm2_max,linear,1000,1000,17,713,0.7828404289892753,0.5484591342459799,False,,,,
SAbDab_Chen,developability,cluster,classification,esm2_max,linear,all,1696,17,713,0.7549236269093272,0.44693259573253463,False,,,,
SAbDab_Chen,developability,cluster,classification,esm2_max,linear,25,25,18,769,0.5333016576919016,0.2241177399513834,False,,,,
SAbDab_Chen,developability,cluster,classification,esm2_max,linear,50,50,18,769,0.5068313800021117,0.21114988426969516,False,,,,
SAbDab_Chen,developability,cluster,classification,esm2_max,linear,100,100,18,769,0.5296589589272516,0.2625611400992554,False,,,,
SAbDab_Chen,developability,cluster,classification,esm2_max,linear,200,200,18,769,0.6252138105796642,0.31832767172193904,False,,,,
SAbDab_Chen,developability,cluster,classification,esm2_max,linear,500,500,18,769,0.6948791046352023,0.3715525492040678,False,,,,
SAbDab_Chen,developability,cluster,classification,esm2_max,linear,1000,1000,18,769,0.7016788089958822,0.40784427230808973,False,,,,
SAbDab_Chen,developability,cluster,classification,esm2_max,linear,all,1640,18,769,0.7141590117199874,0.4144247478271522,False,,,,
SAbDab_Chen,developability,cluster,classification,esm2_max,linear,25,25,19,512,0.5650625688032171,0.2861125547489223,False,,,,
SAbDab_Chen,developability,cluster,classification,esm2_max,linear,50,50,19,512,0.6199703444092471,0.3200898981903094,False,,,,
SAbDab_Chen,developability,cluster,classification,esm2_max,linear,100,100,19,512,0.670407315045719,0.3829019691886249,False,,,,
SAbDab_Chen,developability,cluster,classification,esm2_max,linear,200,200,19,512,0.6722720226460874,0.41874922421064825,False,,,,
SAbDab_Chen,developability,cluster,classification,esm2_max,linear,500,500,19,512,0.7292017703489025,0.46812786456279304,False,,,,
SAbDab_Chen,developability,cluster,classification,esm2_max,linear,1000,1000,19,512,0.777347172609018,0.5106351429359377,False,,,,
SAbDab_Chen,developability,cluster,classification,esm2_max,linear,all,1897,19,512,0.7827390982004448,0.4877171868630658,False,,,,
SAbDab_Chen,developability,cluster,classification,esm2_max,mlp,25,25,0,598,0.6042363612969635,0.28333399318962527,False,,,,
SAbDab_Chen,developability,cluster,classification,esm2_max,mlp,50,50,0,598,0.6377058672156459,0.3320499824640755,False,,,,
SAbDab_Chen,developability,cluster,classification,esm2_max,mlp,100,100,0,598,0.6487068965517241,0.34835600803607647,False,,,,
SAbDab_Chen,developability,cluster,classification,esm2_max,mlp,200,200,0,598,0.6980989449305199,0.42519858219382495,False,,,,
SAbDab_Chen,developability,cluster,classification,esm2_max,mlp,500,500,0,598,0.6667524446731858,0.3809781639459587,False,,,,
SAbDab_Chen,developability,cluster,classification,esm2_max,mlp,1000,1000,0,598,0.741733144621719,0.42366645355897176,False,,,,
SAbDab_Chen,developability,cluster,classification,esm2_max,mlp,all,1811,0,598,0.6895908389089037,0.3993344040179143,False,,,,
SAbDab_Chen,developability,cluster,classification,esm2_max,mlp,25,25,1,564,0.5231879684120517,0.25853910894265597,False,,,,
SAbDab_Chen,developability,cluster,classification,esm2_max,mlp,50,50,1,564,0.5067736364703318,0.2584804816174161,False,,,,
SAbDab_Chen,developability,cluster,classification,esm2_max,mlp,100,100,1,564,0.6211709672551682,0.30815789811475464,False,,,,
SAbDab_Chen,developability,cluster,classification,esm2_max,mlp,200,200,1,564,0.6700954009690995,0.39339185055787784,False,,,,
SAbDab_Chen,developability,cluster,classification,esm2_max,mlp,500,500,1,564,0.6788139429606157,0.4470587474627656,False,,,,
SAbDab_Chen,developability,cluster,classification,esm2_max,mlp,1000,1000,1,564,0.6847660245125162,0.43997866868216645,False,,,,
SAbDab_Chen,developability,cluster,classification,esm2_max,mlp,all,1845,1,564,0.6933839679425917,0.42311053038753427,False,,,,
SAbDab_Chen,developability,cluster,classification,esm2_max,mlp,25,25,2,547,0.6550883407679523,0.33222918351627473,False,,,,
SAbDab_Chen,developability,cluster,classification,esm2_max,mlp,50,50,2,547,0.597754307705764,0.2596729684653345,False,,,,
SAbDab_Chen,developability,cluster,classification,esm2_max,mlp,100,100,2,547,0.6677709262660718,0.37262662588028234,False,,,,
SAbDab_Chen,developability,cluster,classification,esm2_max,mlp,200,200,2,547,0.697290737339281,0.41339896955483874,False,,,,
SAbDab_Chen,developability,cluster,classification,esm2_max,mlp,500,500,2,547,0.6690829178693256,0.3852370611059908,False,,,,
SAbDab_Chen,developability,cluster,classification,esm2_max,mlp,1000,1000,2,547,0.6378356511851657,0.3315006609362944,False,,,,
SAbDab_Chen,developability,cluster,classification,esm2_max,mlp,all,1862,2,547,0.7169268783346453,0.3718767855148291,False,,,,
SAbDab_Chen,developability,cluster,classification,esm2_max,mlp,25,25,3,675,0.5912531328320803,0.26162753139785266,False,,,,
SAbDab_Chen,developability,cluster,classification,esm2_max,mlp,50,50,3,675,0.6277276524644945,0.2791563824597426,False,,,,
SAbDab_Chen,developability,cluster,classification,esm2_max,mlp,100,100,3,675,0.7296324143692565,0.3444193770830711,False,,,,
SAbDab_Chen,developability,cluster,classification,esm2_max,mlp,200,200,3,675,0.7243358395989975,0.3537959895119486,False,,,,
SAbDab_Chen,developability,cluster,classification,esm2_max,mlp,500,500,3,675,0.7695822890559734,0.3822307366917647,False,,,,
SAbDab_Chen,developability,cluster,classification,esm2_max,mlp,1000,1000,3,675,0.7703675856307435,0.36483970429644724,False,,,,
SAbDab_Chen,developability,cluster,classification,esm2_max,mlp,all,1734,3,675,0.8144110275689223,0.4369333566397307,False,,,,
SAbDab_Chen,developability,cluster,classification,esm2_max,mlp,25,25,4,623,0.4176190476190476,0.12758519043343522,False,,,,
SAbDab_Chen,developability,cluster,classification,esm2_max,mlp,50,50,4,623,0.5017006802721089,0.1510886458196276,False,,,,
SAbDab_Chen,developability,cluster,classification,esm2_max,mlp,100,100,4,623,0.6404761904761904,0.25707050432254597,False,,,,
SAbDab_Chen,developability,cluster,classification,esm2_max,mlp,200,200,4,623,0.7077453838678328,0.32879360844207484,False,,,,
SAbDab_Chen,developability,cluster,classification,esm2_max,mlp,500,500,4,623,0.7187657920310981,0.3522684471511314,False,,,,
SAbDab_Chen,developability,cluster,classification,esm2_max,mlp,1000,1000,4,623,0.7629057337220602,0.3427575086630532,False,,,,
SAbDab_Chen,developability,cluster,classification,esm2_max,mlp,all,1786,4,623,0.7555587949465501,0.36133141390696133,False,,,,
SAbDab_Chen,developability,cluster,classification,esm2_max,mlp,25,25,5,436,0.4459986526256071,0.1618540806020247,False,,,,
SAbDab_Chen,developability,cluster,classification,esm2_max,mlp,50,50,5,436,0.5982165017905896,0.2736503683897507,False,,,,
SAbDab_Chen,developability,cluster,classification,esm2_max,mlp,100,100,5,436,0.6283905967450271,0.30956829932359053,False,,,,
SAbDab_Chen,developability,cluster,classification,esm2_max,mlp,200,200,5,436,0.6501258731340638,0.28576507387304556,False,,,,
SAbDab_Chen,developability,cluster,classification,esm2_max,mlp,500,500,5,436,0.6659752508598376,0.3243888630328716,False,,,,
SAbDab_Chen,developability,cluster,classification,esm2_max,mlp,1000,1000,5,436,0.7590859128461511,0.42279061910265175,False,,,,
SAbDab_Chen,developability,cluster,classification,esm2_max,mlp,all,1973,5,436,0.7520299258944084,0.40704306196647577,False,,,,
SAbDab_Chen,developability,cluster,classification,esm2_max,mlp,25,25,6,636,0.5809480096803805,0.27092732383263507,False,,,,
SAbDab_Chen,developability,cluster,classification,esm2_max,mlp,50,50,6,636,0.6164149211382792,0.27823760197227126,False,,,,
SAbDab_Chen,developability,cluster,classification,esm2_max,mlp,100,100,6,636,0.6754819327380456,0.3297800105126639,False,,,,
SAbDab_Chen,developability,cluster,classification,esm2_max,mlp,200,200,6,636,0.7566802970875406,0.3878318897140296,False,,,,
SAbDab_Chen,developability,cluster,classification,esm2_max,mlp,500,500,6,636,0.7499040307101729,0.4078966146523733,False,,,,
SAbDab_Chen,developability,cluster,classification,esm2_max,mlp,1000,1000,6,636,0.7735208211633147,0.43024579201331353,False,,,,
SAbDab_Chen,developability,cluster,classification,esm2_max,mlp,all,1773,6,636,0.7412584494700827,0.39771139310377834,False,,,,
SAbDab_Chen,developability,cluster,classification,esm2_max,mlp,25,25,7,753,0.5353788566243194,0.21539545975524774,False,,,,
SAbDab_Chen,developability,cluster,classification,esm2_max,mlp,50,50,7,753,0.584244555353902,0.23596016568716593,False,,,,
SAbDab_Chen,developability,cluster,classification,esm2_max,mlp,100,100,7,753,0.5892581669691469,0.2536942552359549,False,,,,
SAbDab_Chen,developability,cluster,classification,esm2_max,mlp,200,200,7,753,0.6591651542649728,0.3359748044155,False,,,,
SAbDab_Chen,developability,cluster,classification,esm2_max,mlp,500,500,7,753,0.6634187840290381,0.39820332834070393,False,,,,
SAbDab_Chen,developability,cluster,classification,esm2_max,mlp,1000,1000,7,753,0.6693058076225045,0.4184133930186232,False,,,,
SAbDab_Chen,developability,cluster,classification,esm2_max,mlp,all,1656,7,753,0.6854469147005444,0.41948345924737773,False,,,,
SAbDab_Chen,developability,cluster,classification,esm2_max,mlp,25,25,8,633,0.5932220234545816,0.2311813070983778,False,,,,
SAbDab_Chen,developability,cluster,classification,esm2_max,mlp,50,50,8,633,0.6487278870999802,0.2924541440994738,False,,,,
SAbDab_Chen,developability,cluster,classification,esm2_max,mlp,100,100,8,633,0.7181309216192937,0.3747368128424394,False,,,,
SAbDab_Chen,developability,cluster,classification,esm2_max,mlp,200,200,8,633,0.6989167163585768,0.33719314205659356,False,,,,
SAbDab_Chen,developability,cluster,classification,esm2_max,mlp,500,500,8,633,0.6937818856423508,0.34853444157756097,False,,,,
SAbDab_Chen,developability,cluster,classification,esm2_max,mlp,1000,1000,8,633,0.7454117802955011,0.36650522251448575,False,,,,
SAbDab_Chen,developability,cluster,classification,esm2_max,mlp,all,1776,8,633,0.7583482409063804,0.39694082977928435,False,,,,
SAbDab_Chen,developability,cluster,classification,esm2_max,mlp,25,25,9,515,0.5746569212410501,0.25688053085759716,False,,,,
SAbDab_Chen,developability,cluster,classification,esm2_max,mlp,50,50,9,515,0.6553052903739062,0.2511583833708004,False,,,,
SAbDab_Chen,developability,cluster,classification,esm2_max,mlp,100,100,9,515,0.5844023468575974,0.27011477502540204,False,,,,
SAbDab_Chen,developability,cluster,classification,esm2_max,mlp,200,200,9,515,0.6457836117740652,0.31219969703660744,False,,,,
SAbDab_Chen,developability,cluster,classification,esm2_max,mlp,500,500,9,515,0.6865801511535403,0.41041603788774056,False,,,,
SAbDab_Chen,developability,cluster,classification,esm2_max,mlp,1000,1000,9,515,0.6920495226730311,0.3566108340741784,False,,,,
SAbDab_Chen,developability,cluster,classification,esm2_max,mlp,all,1894,9,515,0.7277247414478919,0.35926228709840147,False,,,,
SAbDab_Chen,developability,cluster,classification,esm2_max,mlp,25,25,10,639,0.5459711185166196,0.25340258584132236,False,,,,
SAbDab_Chen,developability,cluster,classification,esm2_max,mlp,50,50,10,639,0.6031644307727363,0.2768532808671762,False,,,,
SAbDab_Chen,developability,cluster,classification,esm2_max,mlp,100,100,10,639,0.6293970207069413,0.3119297879138925,False,,,,
SAbDab_Chen,developability,cluster,classification,esm2_max,mlp,200,200,10,639,0.7461192286878009,0.4254484947728654,False,,,,
SAbDab_Chen,developability,cluster,classification,esm2_max,mlp,500,500,10,639,0.76926144293486,0.5029129375835817,False,,,,
SAbDab_Chen,developability,cluster,classification,esm2_max,mlp,1000,1000,10,639,0.7810960152667407,0.4877772034081722,False,,,,
SAbDab_Chen,developability,cluster,classification,esm2_max,mlp,all,1770,10,639,0.8173830072061294,0.5400775141390703,False,,,,
SAbDab_Chen,developability,cluster,classification,esm2_max,mlp,25,25,11,524,0.46067035029190995,0.15135693775312836,False,,,,
SAbDab_Chen,developability,cluster,classification,esm2_max,mlp,50,50,11,524,0.5076105087572977,0.16584467851751175,False,,,,
SAbDab_Chen,developability,cluster,classification,esm2_max,mlp,100,100,11,524,0.5536384487072561,0.19845631243159034,False,,,,
SAbDab_Chen,developability,cluster,classification,esm2_max,mlp,200,200,11,524,0.6287270642201834,0.2659416932627281,False,,,,
SAbDab_Chen,developability,cluster,classification,esm2_max,mlp,500,500,11,524,0.650594245204337,0.2653372258175032,False,,,,
SAbDab_Chen,developability,cluster,classification,esm2_max,mlp,1000,1000,11,524,0.6448863636363636,0.25272391646579534,False,,,,
SAbDab_Chen,developability,cluster,classification,esm2_max,mlp,all,1885,11,524,0.6825218932443703,0.3129575372805474,False,,,,
SAbDab_Chen,developability,cluster,classification,esm2_max,mlp,25,25,12,423,0.5074974727619903,0.3275126950720334,False,,,,
SAbDab_Chen,developability,cluster,classification,esm2_max,mlp,50,50,12,423,0.6240031450073009,0.4063481607548094,False,,,,
SAbDab_Chen,developability,cluster,classification,esm2_max,mlp,100,100,12,423,0.7166966191171515,0.46252852836046854,False,,,,
SAbDab_Chen,developability,cluster,classification,esm2_max,mlp,200,200,12,423,0.6805851960013478,0.4625013351773177,False,,,,
SAbDab_Chen,developability,cluster,classification,esm2_max,mlp,500,500,12,423,0.7050432438503875,0.476436806385789,False,,,,
SAbDab_Chen,developability,cluster,classification,esm2_max,mlp,1000,1000,12,423,0.7221442210490845,0.44731106251096625,False,,,,
SAbDab_Chen,developability,cluster,classification,esm2_max,mlp,all,1986,12,423,0.6916769628215209,0.4253635405729022,False,,,,
SAbDab_Chen,developability,cluster,classification,esm2_max,mlp,25,25,13,575,0.5834331815640228,0.258956818794911,False,,,,
SAbDab_Chen,developability,cluster,classification,esm2_max,mlp,50,50,13,575,0.5887251377905582,0.306031671298783,False,,,,
SAbDab_Chen,developability,cluster,classification,esm2_max,mlp,100,100,13,575,0.6319194823867721,0.3025644499265827,False,,,,
SAbDab_Chen,developability,cluster,classification,esm2_max,mlp,200,200,13,575,0.6500319514338206,0.34732272506387774,False,,,,
SAbDab_Chen,developability,cluster,classification,esm2_max,mlp,500,500,13,575,0.6095335090662193,0.3141263030012815,False,,,,
SAbDab_Chen,developability,cluster,classification,esm2_max,mlp,1000,1000,13,575,0.6651689432063264,0.3712302489168602,False,,,,
SAbDab_Chen,developability,cluster,classification,esm2_max,mlp,all,1834,13,575,0.7044292675133796,0.3852560402283511,False,,,,
SAbDab_Chen,developability,cluster,classification,esm2_max,mlp,25,25,14,589,0.5949795501022495,0.2639351998514747,False,,,,
SAbDab_Chen,developability,cluster,classification,esm2_max,mlp,50,50,14,589,0.6043660531697341,0.28619214361435485,False,,,,
SAbDab_Chen,developability,cluster,classification,esm2_max,mlp,100,100,14,589,0.6346932515337425,0.3018627399174316,False,,,,
SAbDab_Chen,developability,cluster,classification,esm2_max,mlp,200,200,14,589,0.7027709611451942,0.29402035517871017,False,,,,
SAbDab_Chen,developability,cluster,classification,esm2_max,mlp,500,500,14,589,0.6958997955010224,0.3172917289469807,False,,,,
SAbDab_Chen,developability,cluster,classification,esm2_max,mlp,1000,1000,14,589,0.7187014314928426,0.322994313948992,False,,,,
SAbDab_Chen,developability,cluster,classification,esm2_max,mlp,all,1820,14,589,0.7066155419222904,0.33531159374258035,False,,,,
SAbDab_Chen,developability,cluster,classification,esm2_max,mlp,25,25,15,601,0.5203793381759484,0.22172203864833534,False,,,,
SAbDab_Chen,developability,cluster,classification,esm2_max,mlp,50,50,15,601,0.6225128960943257,0.2610093913034129,False,,,,
SAbDab_Chen,developability,cluster,classification,esm2_max,mlp,100,100,15,601,0.6485682703442468,0.2667204651217342,False,,,,
SAbDab_Chen,developability,cluster,classification,esm2_max,mlp,200,200,15,601,0.7064691020107379,0.32832092666052326,False,,,,
SAbDab_Chen,developability,cluster,classification,esm2_max,mlp,500,500,15,601,0.7092237779415377,0.36101054903588914,False,,,,
SAbDab_Chen,developability,cluster,classification,esm2_max,mlp,1000,1000,15,601,0.703995157384988,0.35476635028785763,False,,,,
SAbDab_Chen,developability,cluster,classification,esm2_max,mlp,all,1808,15,601,0.7397006702459907,0.35983759910104796,False,,,,
SAbDab_Chen,developability,cluster,classification,esm2_max,mlp,25,25,16,809,0.5650191777134782,0.2934326593110341,False,,,,
SAbDab_Chen,developability,cluster,classification,esm2_max,mlp,50,50,16,809,0.5932810712603458,0.2733276989841531,False,,,,
SAbDab_Chen,developability,cluster,classification,esm2_max,mlp,100,100,16,809,0.6605628827131418,0.4397548878129949,False,,,,
SAbDab_Chen,developability,cluster,classification,esm2_max,mlp,200,200,16,809,0.6974463360473724,0.5004360740730993,False,,,,
SAbDab_Chen,developability,cluster,classification,esm2_max,mlp,500,500,16,809,0.7316213579166947,0.5129866757942172,False,,,,
SAbDab_Chen,developability,cluster,classification,esm2_max,mlp,1000,1000,16,809,0.6985229796110625,0.4812553108084223,False,,,,
SAbDab_Chen,developability,cluster,classification,esm2_max,mlp,all,1600,16,809,0.6727340017495458,0.3865363276526078,False,,,,
SAbDab_Chen,developability,cluster,classification,esm2_max,mlp,25,25,17,713,0.43638825696024264,0.22093322764300277,False,,,,
SAbDab_Chen,developability,cluster,classification,esm2_max,mlp,50,50,17,713,0.5373307333983317,0.27207491942814377,False,,,,
SAbDab_Chen,developability,cluster,classification,esm2_max,mlp,100,100,17,713,0.648748781280468,0.3414054081281982,False,,,,
SAbDab_Chen,developability,cluster,classification,esm2_max,mlp,200,200,17,713,0.6779113855486946,0.37551194057420534,False,,,,
SAbDab_Chen,developability,cluster,classification,esm2_max,mlp,500,500,17,713,0.7538078214711299,0.525779595586384,False,,,,
SAbDab_Chen,developability,cluster,classification,esm2_max,mlp,1000,1000,17,713,0.7787346982992092,0.5347013443472158,False,,,,
SAbDab_Chen,developability,cluster,classification,esm2_max,mlp,all,1696,17,713,0.778268876611418,0.465695373520651,False,,,,
SAbDab_Chen,developability,cluster,classification,esm2_max,mlp,25,25,18,769,0.5509238728750924,0.22413859902772548,False,,,,
SAbDab_Chen,developability,cluster,classification,esm2_max,mlp,50,50,18,769,0.5111920599725478,0.20768765295920874,False,,,,
SAbDab_Chen,developability,cluster,classification,esm2_max,mlp,100,100,18,769,0.5012036743744062,0.24442022324211263,False,,,,
SAbDab_Chen,developability,cluster,classification,esm2_max,mlp,200,200,18,769,0.5895153626860944,0.29417121519360734,False,,,,
SAbDab_Chen,developability,cluster,classification,esm2_max,mlp,500,500,18,769,0.6958610495195862,0.37688890256892027,False,,,,
SAbDab_Chen,developability,cluster,classification,esm2_max,mlp,1000,1000,18,769,0.6981839298912469,0.39883779341376524,False,,,,
SAbDab_Chen,developability,cluster,classification,esm2_max,mlp,all,1640,18,769,0.7257100622954281,0.41573145036279596,False,,,,
SAbDab_Chen,developability,cluster,classification,esm2_max,mlp,25,25,19,512,0.5461908292332233,0.26375034799583125,False,,,,
SAbDab_Chen,developability,cluster,classification,esm2_max,mlp,50,50,19,512,0.6224641099952821,0.3091251378385992,False,,,,
SAbDab_Chen,developability,cluster,classification,esm2_max,mlp,100,100,19,512,0.618779627507807,0.33181881045397277,False,,,,
SAbDab_Chen,developability,cluster,classification,esm2_max,mlp,200,200,19,512,0.6394486756082766,0.33630355706764115,False,,,,
SAbDab_Chen,developability,cluster,classification,esm2_max,mlp,500,500,19,512,0.6647907258879827,0.35347669645884483,False,,,,
SAbDab_Chen,developability,cluster,classification,esm2_max,mlp,1000,1000,19,512,0.7258542832108916,0.45103891003600266,False,,,,
SAbDab_Chen,developability,cluster,classification,esm2_max,mlp,all,1897,19,512,0.7738199546179596,0.4783360204284566,False,,,,
SAbDab_Chen,developability,cluster,classification,esm2_cls,linear,25,25,0,598,0.6526634071024189,0.3623805613124572,False,,,,
SAbDab_Chen,developability,cluster,classification,esm2_cls,linear,50,50,0,598,0.6706607050952136,0.3684682083218853,False,,,,
SAbDab_Chen,developability,cluster,classification,esm2_cls,linear,100,100,0,598,0.73375579001544,0.42305474924429365,False,,,,
SAbDab_Chen,developability,cluster,classification,esm2_cls,linear,200,200,0,598,0.7772774060730829,0.4942626851530632,False,,,,
SAbDab_Chen,developability,cluster,classification,esm2_cls,linear,500,500,0,598,0.8075463201235202,0.5446536137790151,False,,,,
SAbDab_Chen,developability,cluster,classification,esm2_cls,linear,1000,1000,0,598,0.7475392434379825,0.43933385384231655,False,,,,
SAbDab_Chen,developability,cluster,classification,esm2_cls,linear,all,1811,0,598,0.6819994853319609,0.40855527025712557,False,,,,
SAbDab_Chen,developability,cluster,classification,esm2_cls,linear,25,25,1,564,0.5232718005465856,0.26489580006416164,False,,,,
SAbDab_Chen,developability,cluster,classification,esm2_cls,linear,50,50,1,564,0.46953540231041363,0.22883683064228078,False,,,,
SAbDab_Chen,developability,cluster,classification,esm2_cls,linear,100,100,1,564,0.6768858038663381,0.4543459515993721,False,,,,
SAbDab_Chen,developability,cluster,classification,esm2_cls,linear,200,200,1,564,0.7149958922254078,0.5394336931429088,False,,,,
SAbDab_Chen,developability,cluster,classification,esm2_cls,linear,500,500,1,564,0.6461529433462434,0.3907031083020104,False,,,,
SAbDab_Chen,developability,cluster,classification,esm2_cls,linear,1000,1000,1,564,0.7404473282698725,0.5467000861271899,False,,,,
SAbDab_Chen,developability,cluster,classification,esm2_cls,linear,all,1845,1,564,0.731175494190433,0.45417733374237806,False,,,,
SAbDab_Chen,developability,cluster,classification,esm2_cls,linear,25,25,2,547,0.6660872037085629,0.2953555062823202,False,,,,
SAbDab_Chen,developability,cluster,classification,esm2_cls,linear,50,50,2,547,0.7062778798215692,0.3525483486066941,False,,,,
SAbDab_Chen,developability,cluster,classification,esm2_cls,linear,100,100,2,547,0.7112197148604915,0.40281394539432214,False,,,,
SAbDab_Chen,developability,cluster,classification,esm2_cls,linear,200,200,2,547,0.6416404268346017,0.3649487478579237,False,,,,
SAbDab_Chen,developability,cluster,classification,esm2_cls,linear,500,500,2,547,0.7071306743636842,0.3871240027968992,False,,,,
SAbDab_Chen,developability,cluster,classification,esm2_cls,linear,1000,1000,2,547,0.67822312603866,0.29172764870341883,False,,,,
SAbDab_Chen,developability,cluster,classification,esm2_cls,linear,all,1862,2,547,0.7335017055890842,0.3772859439773995,False,,,,
SAbDab_Chen,developability,cluster,classification,esm2_cls,linear,25,25,3,675,0.6778863826232249,0.30737449678424367,False,,,,
SAbDab_Chen,developability,cluster,classification,esm2_cls,linear,50,50,3,675,0.6648872180451127,0.2765654843854656,False,,,,
SAbDab_Chen,developability,cluster,classification,esm2_cls,linear,100,100,3,675,0.6995238095238094,0.28745233282571525,False,,,,
SAbDab_Chen,developability,cluster,classification,esm2_cls,linear,200,200,3,675,0.7355806182121971,0.32429305197389285,False,,,,
SAbDab_Chen,developability,cluster,classification,esm2_cls,linear,500,500,3,675,0.8153467000835423,0.4541315736821466,False,,,,
SAbDab_Chen,developability,cluster,classification,esm2_cls,linear,1000,1000,3,675,0.8127568922305765,0.4685286677222397,False,,,,
SAbDab_Chen,developability,cluster,classification,esm2_cls,linear,all,1734,3,675,0.7668421052631578,0.36479521538610754,False,,,,
SAbDab_Chen,developability,cluster,classification,esm2_cls,linear,25,25,4,623,0.4403401360544218,0.1339240822681352,False,,,,
SAbDab_Chen,developability,cluster,classification,esm2_cls,linear,50,50,4,623,0.48704567541302235,0.1452322523759808,False,,,,
SAbDab_Chen,developability,cluster,classification,esm2_cls,linear,100,100,4,623,0.6439941690962099,0.2309463796629916,False,,,,
SAbDab_Chen,developability,cluster,classification,esm2_cls,linear,200,200,4,623,0.6972886297376093,0.3242817438808741,False,,,,
SAbDab_Chen,developability,cluster,classification,esm2_cls,linear,500,500,4,623,0.710505344995141,0.3248416044193567,False,,,,
SAbDab_Chen,developability,cluster,classification,esm2_cls,linear,1000,1000,4,623,0.7542176870748298,0.3875065280596012,False,,,,
SAbDab_Chen,developability,cluster,classification,esm2_cls,linear,all,1786,4,623,0.787201166180758,0.39614982655210573,False,,,,
SAbDab_Chen,developability,cluster,classification,esm2_cls,linear,25,25,5,436,0.4550047867248165,0.17222562400403307,False,,,,
SAbDab_Chen,developability,cluster,classification,esm2_cls,linear,50,50,5,436,0.5427259511399496,0.24906860093299993,False,,,,
SAbDab_Chen,developability,cluster,classification,esm2_cls,linear,100,100,5,436,0.5989965606495763,0.2397709495280722,False,,,,
SAbDab_Chen,developability,cluster,classification,esm2_cls,linear,200,200,5,436,0.705935538772471,0.3442689541542647,False,,,,
SAbDab_Chen,developability,cluster,classification,esm2_cls,linear,500,500,5,436,0.71575718895153,0.3595443107629962,False,,,,
SAbDab_Chen,developability,cluster,classification,esm2_cls,linear,1000,1000,5,436,0.7763890366273092,0.43030954536928034,False,,,,
SAbDab_Chen,developability,cluster,classification,esm2_cls,linear,all,1973,5,436,0.7801829592596532,0.4355573478921393,False,,,,
SAbDab_Chen,developability,cluster,classification,esm2_cls,linear,25,25,6,636,0.5488024701660686,0.23803358803770697,False,,,,
SAbDab_Chen,developability,cluster,classification,esm2_cls,linear,50,50,6,636,0.6192188934323625,0.2864448875954264,False,,,,
SAbDab_Chen,developability,cluster,classification,esm2_cls,linear,100,100,6,636,0.6656513393974797,0.33375570261975873,False,,,,
SAbDab_Chen,developability,cluster,classification,esm2_cls,linear,200,200,6,636,0.7708169907368774,0.477429324291121,False,,,,
SAbDab_Chen,developability,cluster,classification,esm2_cls,linear,500,500,6,636,0.6119419177167655,0.27916949990571227,False,,,,
SAbDab_Chen,developability,cluster,classification,esm2_cls,linear,1000,1000,6,636,0.6889677042476842,0.3451912851921977,False,,,,
SAbDab_Chen,developability,cluster,classification,esm2_cls,linear,all,1773,6,636,0.7077109238087291,0.36374487767375374,False,,,,
SAbDab_Chen,developability,cluster,classification,esm2_cls,linear,25,25,7,753,0.5812046279491833,0.2685137279406111,False,,,,
SAbDab_Chen,developability,cluster,classification,esm2_cls,linear,50,50,7,753,0.5809323956442831,0.2672539211746785,False,,,,
SAbDab_Chen,developability,cluster,classification,esm2_cls,linear,100,100,7,753,0.594010889292196,0.27072701809064553,False,,,,
SAbDab_Chen,developability,cluster,classification,esm2_cls,linear,200,200,7,753,0.635605716878403,0.35332380088214665,False,,,,
SAbDab_Chen,developability,cluster,classification,esm2_cls,linear,500,500,7,753,0.678970054446461,0.3726068778571229,False,,,,
SAbDab_Chen,developability,cluster,classification,esm2_cls,linear,1000,1000,7,753,0.7114904718693285,0.3532312462253442,False,,,,
SAbDab_Chen,developability,cluster,classification,esm2_cls,linear,all,1656,7,753,0.6838815789473685,0.31582056110966483,False,,,,
SAbDab_Chen,developability,cluster,classification,esm2_cls,linear,25,25,8,633,0.6013218048101768,0.2313624985070951,False,,,,
SAbDab_Chen,developability,cluster,classification,esm2_cls,linear,50,50,8,633,0.6603226661366195,0.27028094657913176,False,,,,
SAbDab_Chen,developability,cluster,classification,esm2_cls,linear,100,100,8,633,0.680331941959849,0.3258047599247739,False,,,,
SAbDab_Chen,developability,cluster,classification,esm2_cls,linear,200,200,8,633,0.7402935135493276,0.3944557020662437,False,,,,
SAbDab_Chen,developability,cluster,classification,esm2_cls,linear,500,500,8,633,0.7892234810839462,0.4552214340077887,False,,,,
SAbDab_Chen,developability,cluster,classification,esm2_cls,linear,1000,1000,8,633,0.7931822699264559,0.43733567830805775,False,,,,
SAbDab_Chen,developability,cluster,classification,esm2_cls,linear,all,1776,8,633,0.7971576227390182,0.4669275066811538,False,,,,
SAbDab_Chen,developability,cluster,classification,esm2_cls,linear,25,25,9,515,0.6451123707239459,0.2997827358375177,False,,,,
SAbDab_Chen,developability,cluster,classification,esm2_cls,linear,50,50,9,515,0.6215443516308671,0.2603037821059537,False,,,,
SAbDab_Chen,developability,cluster,classification,esm2_cls,linear,100,100,9,515,0.6163484486873508,0.28772756295534235,False,,,,
SAbDab_Chen,developability,cluster,classification,esm2_cls,linear,200,200,9,515,0.683994630071599,0.34042430077538477,False,,,,
SAbDab_Chen,developability,cluster,classification,esm2_cls,linear,500,500,9,515,0.730807478122514,0.40565804542159567,False,,,,
SAbDab_Chen,developability,cluster,classification,esm2_cls,linear,1000,1000,9,515,0.6908810660302307,0.34681879014283123,False,,,,
SAbDab_Chen,developability,cluster,classification,esm2_cls,linear,all,1894,9,515,0.7408760938743039,0.392889662379323,False,,,,
SAbDab_Chen,developability,cluster,classification,esm2_cls,linear,25,25,10,639,0.6446637614286934,0.3128509034845284,False,,,,
SAbDab_Chen,developability,cluster,classification,esm2_cls,linear,50,50,10,639,0.5915434788800592,0.26599145574947314,False,,,,
SAbDab_Chen,developability,cluster,classification,esm2_cls,linear,100,100,10,639,0.5505425959155772,0.24008036812220174,False,,,,
SAbDab_Chen,developability,cluster,classification,esm2_cls,linear,200,200,10,639,0.6320316727904526,0.28975674794731665,False,,,,
SAbDab_Chen,developability,cluster,classification,esm2_cls,linear,500,500,10,639,0.7784186390953887,0.47996970310149933,False,,,,
SAbDab_Chen,developability,cluster,classification,esm2_cls,linear,1000,1000,10,639,0.7571278019880943,0.39604134209595104,False,,,,
SAbDab_Chen,developability,cluster,classification,esm2_cls,linear,all,1770,10,639,0.7935999316414595,0.4628071529092218,False,,,,
SAbDab_Chen,developability,cluster,classification,esm2_cls,linear,25,25,11,524,0.5447247706422019,0.21829207388345012,False,,,,
SAbDab_Chen,developability,cluster,classification,esm2_cls,linear,50,50,11,524,0.531041492910759,0.1887348376157567,False,,,,
SAbDab_Chen,developability,cluster,classification,esm2_cls,linear,100,100,11,524,0.54837364470392,0.20325937163431912,False,,,,
SAbDab_Chen,developability,cluster,classification,esm2_cls,linear,200,200,11,524,0.6748331943286072,0.26646544979733394,False,,,,
SAbDab_Chen,developability,cluster,classification,esm2_cls,linear,500,500,11,524,0.7195058381984988,0.3412343699388271,False,,,,
SAbDab_Chen,developability,cluster,classification,esm2_cls,linear,1000,1000,11,524,0.6670923686405338,0.29273088528686575,False,,,,
SAbDab_Chen,developability,cluster,classification,esm2_cls,linear,all,1885,11,524,0.6596121768140117,0.2633789759817272,False,,,,
SAbDab_Chen,developability,cluster,classification,esm2_cls,linear,25,25,12,423,0.45838481410760423,0.24414388292374414,False,,,,
SAbDab_Chen,developability,cluster,classification,esm2_cls,linear,50,50,12,423,0.6565764349095811,0.3931343920306028,False,,,,
SAbDab_Chen,developability,cluster,classification,esm2_cls,linear,100,100,12,423,0.6781983601033359,0.43713661495041,False,,,,
SAbDab_Chen,developability,cluster,classification,esm2_cls,linear,200,200,12,423,0.7181848815006178,0.46403508182799225,False,,,,
SAbDab_Chen,developability,cluster,classification,esm2_cls,linear,500,500,12,423,0.6602549702347522,0.41674573796779246,False,,,,
SAbDab_Chen,developability,cluster,classification,esm2_cls,linear,1000,1000,12,423,0.7016174323261821,0.4465222556745051,False,,,,
SAbDab_Chen,developability,cluster,classification,esm2_cls,linear,all,1986,12,423,0.6961417499719196,0.4762563685747426,False,,,,
SAbDab_Chen,developability,cluster,classification,esm2_cls,linear,25,25,13,575,0.5646816838405624,0.2520593958061983,False,,,,
SAbDab_Chen,developability,cluster,classification,esm2_cls,linear,50,50,13,575,0.6463974758367281,0.30968970011560687,False,,,,
SAbDab_Chen,developability,cluster,classification,esm2_cls,linear,100,100,13,575,0.709321830817158,0.37611712225325833,False,,,,
SAbDab_Chen,developability,cluster,classification,esm2_cls,linear,200,200,13,575,0.675692946720984,0.29233316132961634,False,,,,
SAbDab_Chen,developability,cluster,classification,esm2_cls,linear,500,500,13,575,0.7727454269510343,0.44452138588151563,False,,,,
SAbDab_Chen,developability,cluster,classification,esm2_cls,linear,1000,1000,13,575,0.7916367121974598,0.46646665267065807,False,,,,
SAbDab_Chen,developability,cluster,classification,esm2_cls,linear,all,1834,13,575,0.7775980509625369,0.4358475000493709,False,,,,
SAbDab_Chen,developability,cluster,classification,esm2_cls,linear,25,25,14,589,0.5899897750511247,0.2620929460543837,False,,,,
SAbDab_Chen,developability,cluster,classification,esm2_cls,linear,50,50,14,589,0.6421983640081799,0.2788705404768702,False,,,,
SAbDab_Chen,developability,cluster,classification,esm2_cls,linear,100,100,14,589,0.6751635991820041,0.35758644070028,False,,,,
SAbDab_Chen,developability,cluster,classification,esm2_cls,linear,200,200,14,589,0.7681492842535786,0.3642356566944363,False,,,,
SAbDab_Chen,developability,cluster,classification,esm2_cls,linear,500,500,14,589,0.7575153374233129,0.38944942531121,False,,,,
SAbDab_Chen,developability,cluster,classification,esm2_cls,linear,1000,1000,14,589,0.7621165644171779,0.4460065626823126,False,,,,
SAbDab_Chen,developability,cluster,classification,esm2_cls,linear,all,1820,14,589,0.7801942740286298,0.41464668992831927,False,,,,
SAbDab_Chen,developability,cluster,classification,esm2_cls,linear,25,25,15,601,0.46793522125135983,0.20184453473102182,False,,,,
SAbDab_Chen,developability,cluster,classification,esm2_cls,linear,50,50,15,601,0.5335210723935853,0.22189087936407229,False,,,,
SAbDab_Chen,developability,cluster,classification,esm2_cls,linear,100,100,15,601,0.6229690844650314,0.2788801593310723,False,,,,
SAbDab_Chen,developability,cluster,classification,esm2_cls,linear,200,200,15,601,0.649533284205355,0.3362150765765955,False,,,,
SAbDab_Chen,developability,cluster,classification,esm2_cls,linear,500,500,15,601,0.6768870407411307,0.4081216664200037,False,,,,
SAbDab_Chen,developability,cluster,classification,esm2_cls,linear,1000,1000,15,601,0.7386654735586202,0.37806098201582755,False,,,,
SAbDab_Chen,developability,cluster,classification,esm2_cls,linear,all,1808,15,601,0.7611239779625927,0.43547318345697344,False,,,,
SAbDab_Chen,developability,cluster,classification,esm2_cls,linear,25,25,16,809,0.6182709777269363,0.3555209434019964,False,,,,
SAbDab_Chen,developability,cluster,classification,esm2_cls,linear,50,50,16,809,0.662304017226297,0.3612144133925884,False,,,,
SAbDab_Chen,developability,cluster,classification,esm2_cls,linear,100,100,16,809,0.6983211089428707,0.49675184197155303,False,,,,
SAbDab_Chen,developability,cluster,classification,esm2_cls,linear,200,200,16,809,0.7323699616445731,0.5282672823831235,False,,,,
SAbDab_Chen,developability,cluster,classification,esm2_cls,linear,500,500,16,809,0.7423036807751834,0.5411472830446994,False,,,,
SAbDab_Chen,developability,cluster,classification,esm2_cls,linear,1000,1000,16,809,0.7009706614628894,0.4956502952572972,False,,,,
SAbDab_Chen,developability,cluster,classification,esm2_cls,linear,all,1600,16,809,0.7234287732992396,0.46471961439435233,False,,,,
SAbDab_Chen,developability,cluster,classification,esm2_cls,linear,25,25,17,713,0.4561477629725924,0.2327533153682892,False,,,,
SAbDab_Chen,developability,cluster,classification,esm2_cls,linear,50,50,17,713,0.5672299859170187,0.3110655170363409,False,,,,
SAbDab_Chen,developability,cluster,classification,esm2_cls,linear,100,100,17,713,0.599100855811938,0.3357930218723205,False,,,,
SAbDab_Chen,developability,cluster,classification,esm2_cls,linear,200,200,17,713,0.6089481096305925,0.3638341428859211,False,,,,
SAbDab_Chen,developability,cluster,classification,esm2_cls,linear,500,500,17,713,0.6891994366807497,0.3902112182678853,False,,,,
SAbDab_Chen,developability,cluster,classification,esm2_cls,linear,1000,1000,17,713,0.7571769039107354,0.5299832208764579,False,,,,
SAbDab_Chen,developability,cluster,classification,esm2_cls,linear,all,1696,17,713,0.7675874769797422,0.5046762028266605,False,,,,
SAbDab_Chen,developability,cluster,classification,esm2_cls,linear,25,25,18,769,0.5443986907401541,0.2138687121139876,False,,,,
SAbDab_Chen,developability,cluster,classification,esm2_cls,linear,50,50,18,769,0.536289726533629,0.228075501888177,False,,,,
SAbDab_Chen,developability,cluster,classification,esm2_cls,linear,100,100,18,769,0.5708584098828001,0.28606232827336864,False,,,,
SAbDab_Chen,developability,cluster,classification,esm2_cls,linear,200,200,18,769,0.6747967479674797,0.358327529251688,False,,,,
SAbDab_Chen,developability,cluster,classification,esm2_cls,linear,500,500,18,769,0.7240734874881216,0.41615282871198817,False,,,,
SAbDab_Chen,developability,cluster,classification,esm2_cls,linear,1000,1000,18,769,0.7514834758737198,0.43970975552473923,False,,,,
SAbDab_Chen,developability,cluster,classification,esm2_cls,linear,all,1640,18,769,0.7719248231443354,0.4316848718265504,False,,,,
SAbDab_Chen,developability,cluster,classification,esm2_cls,linear,25,25,19,512,0.5301273842420975,0.236349586692559,False,,,,
SAbDab_Chen,developability,cluster,classification,esm2_cls,linear,50,50,19,512,0.5164903057671137,0.2449874391225679,False,,,,
SAbDab_Chen,developability,cluster,classification,esm2_cls,linear,100,100,19,512,0.7194064388578104,0.37352334573537543,False,,,,
SAbDab_Chen,developability,cluster,classification,esm2_cls,linear,200,200,19,512,0.7274718608883197,0.4026111760429097,False,,,,
SAbDab_Chen,developability,cluster,classification,esm2_cls,linear,500,500,19,512,0.8136977376378872,0.5476414417366893,False,,,,
SAbDab_Chen,developability,cluster,classification,esm2_cls,linear,1000,1000,19,512,0.7891195434836333,0.5164632587699962,False,,,,
SAbDab_Chen,developability,cluster,classification,esm2_cls,linear,all,1897,19,512,0.8180562108242906,0.5529121799440341,False,,,,
SAbDab_Chen,developability,cluster,classification,esm2_cls,mlp,25,25,0,598,0.6187757334019557,0.3243143555311526,False,,,,
SAbDab_Chen,developability,cluster,classification,esm2_cls,mlp,50,50,0,598,0.6881111682964489,0.39267064274725266,False,,,,
SAbDab_Chen,developability,cluster,classification,esm2_cls,mlp,100,100,0,598,0.705272130725682,0.4071090492750522,False,,,,
SAbDab_Chen,developability,cluster,classification,esm2_cls,mlp,200,200,0,598,0.7240414307771488,0.46677425639492975,False,,,,
SAbDab_Chen,developability,cluster,classification,esm2_cls,mlp,500,500,0,598,0.7088908903757077,0.417407844830258,False,,,,
SAbDab_Chen,developability,cluster,classification,esm2_cls,mlp,1000,1000,0,598,0.7236554297478126,0.4427074388455713,False,,,,
SAbDab_Chen,developability,cluster,classification,esm2_cls,mlp,all,1811,0,598,0.7248938497169326,0.4614908466734122,False,,,,
SAbDab_Chen,developability,cluster,classification,esm2_cls,mlp,25,25,1,564,0.5203209094109953,0.2790184116560597,False,,,,
SAbDab_Chen,developability,cluster,classification,esm2_cls,mlp,50,50,1,564,0.5132790101101554,0.28030797472004826,False,,,,
SAbDab_Chen,developability,cluster,classification,esm2_cls,mlp,100,100,1,564,0.6886223027010714,0.4963676724363909,False,,,,
SAbDab_Chen,developability,cluster,classification,esm2_cls,mlp,200,200,1,564,0.7002749694012709,0.5272870171030402,False,,,,
SAbDab_Chen,developability,cluster,classification,esm2_cls,mlp,500,500,1,564,0.6936019314923797,0.4665967821305171,False,,,,
SAbDab_Chen,developability,cluster,classification,esm2_cls,mlp,1000,1000,1,564,0.6669936119913484,0.3667510027994186,False,,,,
SAbDab_Chen,developability,cluster,classification,esm2_cls,mlp,all,1845,1,564,0.6683349261438896,0.368849996607779,False,,,,
SAbDab_Chen,developability,cluster,classification,esm2_cls,mlp,25,25,2,547,0.6726690282515525,0.3623059147086222,False,,,,
SAbDab_Chen,developability,cluster,classification,esm2_cls,mlp,50,50,2,547,0.6377263185515614,0.2947870557383956,False,,,,
SAbDab_Chen,developability,cluster,classification,esm2_cls,mlp,100,100,2,547,0.640918831452812,0.3333144458328342,False,,,,
SAbDab_Chen,developability,cluster,classification,esm2_cls,mlp,200,200,2,547,0.6731500918394122,0.37394868583766266,False,,,,
SAbDab_Chen,developability,cluster,classification,esm2_cls,mlp,500,500,2,547,0.6969846059651885,0.31502919488561265,False,,,,
SAbDab_Chen,developability,cluster,classification,esm2_cls,mlp,1000,1000,2,547,0.6608611038222689,0.27249369402304335,False,,,,
SAbDab_Chen,developability,cluster,classification,esm2_cls,mlp,all,1862,2,547,0.7385091402081694,0.4154568940575355,False,,,,
SAbDab_Chen,developability,cluster,classification,esm2_cls,mlp,25,25,3,675,0.6647201336675022,0.2898044381836859,False,,,,
SAbDab_Chen,developability,cluster,classification,esm2_cls,mlp,50,50,3,675,0.6957978279030911,0.31600529443008524,False,,,,
SAbDab_Chen,developability,cluster,classification,esm2_cls,mlp,100,100,3,675,0.764954051796157,0.31514277119486456,False,,,,
SAbDab_Chen,developability,cluster,classification,esm2_cls,mlp,200,200,3,675,0.7317042606516291,0.3175612424807526,False,,,,
SAbDab_Chen,developability,cluster,classification,esm2_cls,mlp,500,500,3,675,0.8170008354218881,0.42068758761759734,False,,,,
SAbDab_Chen,developability,cluster,classification,esm2_cls,mlp,1000,1000,3,675,0.8382038429406851,0.43644585244381656,False,,,,
SAbDab_Chen,developability,cluster,classification,esm2_cls,mlp,all,1734,3,675,0.8440183792815372,0.44279688204305445,False,,,,
SAbDab_Chen,developability,cluster,classification,esm2_cls,mlp,25,25,4,623,0.41548104956268217,0.12775135695568451,False,,,,
SAbDab_Chen,developability,cluster,classification,esm2_cls,mlp,50,50,4,623,0.42755102040816323,0.13709219202060302,False,,,,
SAbDab_Chen,developability,cluster,classification,esm2_cls,mlp,100,100,4,623,0.609533527696793,0.21444837949969994,False,,,,
SAbDab_Chen,developability,cluster,classification,esm2_cls,mlp,200,200,4,623,0.6924489795918367,0.31535570993697404,False,,,,
SAbDab_Chen,developability,cluster,classification,esm2_cls,mlp,500,500,4,623,0.7216423712342079,0.3222423562900339,False,,,,
SAbDab_Chen,developability,cluster,classification,esm2_cls,mlp,1000,1000,4,623,0.7597181729834791,0.40742361706628966,False,,,,
SAbDab_Chen,developability,cluster,classification,esm2_cls,mlp,all,1786,4,623,0.7882118561710398,0.381663653036979,False,,,,
SAbDab_Chen,developability,cluster,classification,esm2_cls,mlp,25,25,5,436,0.44025458284579655,0.18683521193855518,False,,,,
SAbDab_Chen,developability,cluster,classification,esm2_cls,mlp,50,50,5,436,0.5495337375456512,0.24344385977515198,False,,,,
SAbDab_Chen,developability,cluster,classification,esm2_cls,mlp,100,100,5,436,0.5646739708541644,0.2615701577266701,False,,,,
SAbDab_Chen,developability,cluster,classification,esm2_cls,mlp,200,200,5,436,0.644310888912527,0.254446217012137,False,,,,
SAbDab_Chen,developability,cluster,classification,esm2_cls,mlp,500,500,5,436,0.6904052760344643,0.34582485764953247,False,,,,
SAbDab_Chen,developability,cluster,classification,esm2_cls,mlp,1000,1000,5,436,0.7784810126582279,0.4754093424520518,False,,,,
SAbDab_Chen,developability,cluster,classification,esm2_cls,mlp,all,1973,5,436,0.7855369996099706,0.4682030262512065,False,,,,
SAbDab_Chen,developability,cluster,classification,esm2_cls,mlp,25,25,6,636,0.5672452641241759,0.2554527675618296,False,,,,
SAbDab_Chen,developability,cluster,classification,esm2_cls,mlp,50,50,6,636,0.5870733539180506,0.2481275913428987,False,,,,
SAbDab_Chen,developability,cluster,classification,esm2_cls,mlp,100,100,6,636,0.7168238337644997,0.35235572587303887,False,,,,
SAbDab_Chen,developability,cluster,classification,esm2_cls,mlp,200,200,6,636,0.7774597346240507,0.4537141332634244,False,,,,
SAbDab_Chen,developability,cluster,classification,esm2_cls,mlp,500,500,6,636,0.7513727781023116,0.3633111089677258,False,,,,
SAbDab_Chen,developability,cluster,classification,esm2_cls,mlp,1000,1000,6,636,0.7211466243845448,0.3669506229942351,False,,,,
SAbDab_Chen,developability,cluster,classification,esm2_cls,mlp,all,1773,6,636,0.7417424684970375,0.40593285967947956,False,,,,
SAbDab_Chen,developability,cluster,classification,esm2_cls,mlp,25,25,7,753,0.6125794010889292,0.3005038344918604,False,,,,
SAbDab_Chen,developability,cluster,classification,esm2_cls,mlp,50,50,7,753,0.6356567604355716,0.3183918037986466,False,,,,
SAbDab_Chen,developability,cluster,classification,esm2_cls,mlp,100,100,7,753,0.6121710526315789,0.2820744509528835,False,,,,
SAbDab_Chen,developability,cluster,classification,esm2_cls,mlp,200,200,7,753,0.6489110707803993,0.35666756517464027,False,,,,
SAbDab_Chen,developability,cluster,classification,esm2_cls,mlp,500,500,7,753,0.6741039019963703,0.4052268036111613,False,,,,
SAbDab_Chen,developability,cluster,classification,esm2_cls,mlp,1000,1000,7,753,0.6922754083484574,0.41690496755333273,False,,,,
SAbDab_Chen,developability,cluster,classification,esm2_cls,mlp,all,1656,7,753,0.6970961887477315,0.4069050249027456,False,,,,
SAbDab_Chen,developability,cluster,classification,esm2_cls,mlp,25,25,8,633,0.6242546213476445,0.2500839675868013,False,,,,
SAbDab_Chen,developability,cluster,classification,esm2_cls,mlp,50,50,8,633,0.6375472073146492,0.27342404377035273,False,,,,
SAbDab_Chen,developability,cluster,classification,esm2_cls,mlp,100,100,8,633,0.7513748095143444,0.37934246768119007,False,,,,
SAbDab_Chen,developability,cluster,classification,esm2_cls,mlp,200,200,8,633,0.7358378056052475,0.3643337712180926,False,,,,
SAbDab_Chen,developability,cluster,classification,esm2_cls,mlp,500,500,8,633,0.7502650235208375,0.3980168781152133,False,,,,
SAbDab_Chen,developability,cluster,classification,esm2_cls,mlp,1000,1000,8,633,0.7854800238521168,0.4023099929901337,False,,,,
SAbDab_Chen,developability,cluster,classification,esm2_cls,mlp,all,1776,8,633,0.7836745511164116,0.4301461773223384,False,,,,
SAbDab_Chen,developability,cluster,classification,esm2_cls,mlp,25,25,9,515,0.656722354813047,0.3486458079485594,False,,,,
SAbDab_Chen,developability,cluster,classification,esm2_cls,mlp,50,50,9,515,0.6359636038186158,0.3185330485095926,False,,,,
SAbDab_Chen,developability,cluster,classification,esm2_cls,mlp,100,100,9,515,0.6412838106603024,0.32407049875874694,False,,,,
SAbDab_Chen,developability,cluster,classification,esm2_cls,mlp,200,200,9,515,0.6860332140015911,0.32832578330003837,False,,,,
SAbDab_Chen,developability,cluster,classification,esm2_cls,mlp,500,500,9,515,0.7232249403341289,0.3942293171449615,False,,,,
SAbDab_Chen,developability,cluster,classification,esm2_cls,mlp,1000,1000,9,515,0.6870027844073191,0.3520555577120135,False,,,,
SAbDab_Chen,developability,cluster,classification,esm2_cls,mlp,all,1894,9,515,0.7507458233890214,0.39235628751450735,False,,,,
SAbDab_Chen,developability,cluster,classification,esm2_cls,mlp,25,25,10,639,0.6089464239938478,0.28573977028159414,False,,,,
SAbDab_Chen,developability,cluster,classification,esm2_cls,mlp,50,50,10,639,0.6218918226095872,0.30095878839920176,False,,,,
SAbDab_Chen,developability,cluster,classification,esm2_cls,mlp,100,100,10,639,0.5936227178216411,0.2930468161971629,False,,,,
SAbDab_Chen,developability,cluster,classification,esm2_cls,mlp,200,200,10,639,0.7805406021248114,0.483682568206636,False,,,,
SAbDab_Chen,developability,cluster,classification,esm2_cls,mlp,500,500,10,639,0.7788173972485688,0.5017384855609928,False,,,,
SAbDab_Chen,developability,cluster,classification,esm2_cls,mlp,1000,1000,10,639,0.7734626449058646,0.4510768982757341,False,,,,
SAbDab_Chen,developability,cluster,classification,esm2_cls,mlp,all,1770,10,639,0.7827907374177562,0.42619221562353915,False,,,,
SAbDab_Chen,developability,cluster,classification,esm2_cls,mlp,25,25,11,524,0.515716221851543,0.20667094189711205,False,,,,
SAbDab_Chen,developability,cluster,classification,esm2_cls,mlp,50,50,11,524,0.5179055462885738,0.17098497603958412,False,,,,
SAbDab_Chen,developability,cluster,classification,esm2_cls,mlp,100,100,11,524,0.5752449958298582,0.18425012634438467,False,,,,
SAbDab_Chen,developability,cluster,classification,esm2_cls,mlp,200,200,11,524,0.583064011676397,0.20121374567656025,False,,,,
SAbDab_Chen,developability,cluster,classification,esm2_cls,mlp,500,500,11,524,0.6862750208507089,0.32634006832653206,False,,,,
SAbDab_Chen,developability,cluster,classification,esm2_cls,mlp,1000,1000,11,524,0.6494213928273561,0.29739780235315394,False,,,,
SAbDab_Chen,developability,cluster,classification,esm2_cls,mlp,all,1885,11,524,0.6766315679733111,0.2624382728031146,False,,,,
SAbDab_Chen,developability,cluster,classification,esm2_cls,mlp,25,25,12,423,0.5384140177468268,0.294092271823543,False,,,,
SAbDab_Chen,developability,cluster,classification,esm2_cls,mlp,50,50,12,423,0.6790407727732226,0.39524247572192417,False,,,,
SAbDab_Chen,developability,cluster,classification,esm2_cls,mlp,100,100,12,423,0.713158485903628,0.4531292273574798,False,,,,
SAbDab_Chen,developability,cluster,classification,esm2_cls,mlp,200,200,12,423,0.7150117937773784,0.4471116929666882,False,,,,
SAbDab_Chen,developability,cluster,classification,esm2_cls,mlp,500,500,12,423,0.7026283275300461,0.46519471357850106,False,,,,
SAbDab_Chen,developability,cluster,classification,esm2_cls,mlp,1000,1000,12,423,0.6750252723800967,0.44504476275340654,False,,,,
SAbDab_Chen,developability,cluster,classification,esm2_cls,mlp,all,1986,12,423,0.6896832528361228,0.4471012695121478,False,,,,
SAbDab_Chen,developability,cluster,classification,esm2_cls,mlp,25,25,13,575,0.5641425033948398,0.24022616275962472,False,,,,
SAbDab_Chen,developability,cluster,classification,esm2_cls,mlp,50,50,13,575,0.6329978432782171,0.31586125209377186,False,,,,
SAbDab_Chen,developability,cluster,classification,esm2_cls,mlp,100,100,13,575,0.6595375029954471,0.3448197043312031,False,,,,
SAbDab_Chen,developability,cluster,classification,esm2_cls,mlp,200,200,13,575,0.7020329099768352,0.3983634857272123,False,,,,
SAbDab_Chen,developability,cluster,classification,esm2_cls,mlp,500,500,13,575,0.7074247144340602,0.40484867470508884,False,,,,
SAbDab_Chen,developability,cluster,classification,esm2_cls,mlp,1000,1000,13,575,0.7556314402108795,0.45555287172839887,False,,,,
SAbDab_Chen,developability,cluster,classification,esm2_cls,mlp,all,1834,13,575,0.7962097611630322,0.5085355519352908,False,,,,
SAbDab_Chen,developability,cluster,classification,esm2_cls,mlp,25,25,14,589,0.574161554192229,0.24841021841214786,False,,,,
SAbDab_Chen,developability,cluster,classification,esm2_cls,mlp,50,50,14,589,0.5987014314928425,0.25539582787072196,False,,,,
SAbDab_Chen,developability,cluster,classification,esm2_cls,mlp,100,100,14,589,0.6787832310838445,0.3270594768461498,False,,,,
SAbDab_Chen,developability,cluster,classification,esm2_cls,mlp,200,200,14,589,0.7665541922290389,0.38493093189796884,False,,,,
SAbDab_Chen,developability,cluster,classification,esm2_cls,mlp,500,500,14,589,0.744243353783231,0.36371353718406,False,,,,
SAbDab_Chen,developability,cluster,classification,esm2_cls,mlp,1000,1000,14,589,0.7447137014314928,0.40375342395856983,False,,,,
SAbDab_Chen,developability,cluster,classification,esm2_cls,mlp,all,1820,14,589,0.7727505112474438,0.43877997384477674,False,,,,
SAbDab_Chen,developability,cluster,classification,esm2_cls,mlp,25,25,15,601,0.49606976172930484,0.2019318628785413,False,,,,
SAbDab_Chen,developability,cluster,classification,esm2_cls,mlp,50,50,15,601,0.552294978418781,0.2176400900375577,False,,,,
SAbDab_Chen,developability,cluster,classification,esm2_cls,mlp,100,100,15,601,0.6753605642699232,0.3186552638805821,False,,,,
SAbDab_Chen,developability,cluster,classification,esm2_cls,mlp,200,200,15,601,0.7506140997297961,0.3922441933203302,False,,,,
SAbDab_Chen,developability,cluster,classification,esm2_cls,mlp,500,500,15,601,0.7562111801242237,0.4463585217055702,False,,,,
SAbDab_Chen,developability,cluster,classification,esm2_cls,mlp,1000,1000,15,601,0.7546671579464506,0.4132796059865502,False,,,,
SAbDab_Chen,developability,cluster,classification,esm2_cls,mlp,all,1808,15,601,0.725225462329368,0.32736557531325644,False,,,,
SAbDab_Chen,developability,cluster,classification,esm2_cls,mlp,25,25,16,809,0.630896305766772,0.366490322064811,False,,,,
SAbDab_Chen,developability,cluster,classification,esm2_cls,mlp,50,50,16,809,0.7044445192113585,0.43023566181082307,False,,,,
SAbDab_Chen,developability,cluster,classification,esm2_cls,mlp,100,100,16,809,0.7239586838032434,0.5180149136614616,False,,,,
SAbDab_Chen,developability,cluster,classification,esm2_cls,mlp,200,200,16,809,0.7045118094340892,0.4525258361429315,False,,,,
SAbDab_Chen,developability,cluster,classification,esm2_cls,mlp,500,500,16,809,0.7067576206177242,0.46031738972947933,False,,,,
SAbDab_Chen,developability,cluster,classification,esm2_cls,mlp,1000,1000,16,809,0.6870079402462823,0.4242871458971441,False,,,,
SAbDab_Chen,developability,cluster,classification,esm2_cls,mlp,all,1600,16,809,0.6658283426418141,0.37547629699166707,False,,,,
SAbDab_Chen,developability,cluster,classification,esm2_cls,mlp,25,25,17,713,0.5005308200628318,0.24202201229472117,False,,,,
SAbDab_Chen,developability,cluster,classification,esm2_cls,mlp,50,50,17,713,0.5403423247752139,0.26895944181069353,False,,,,
SAbDab_Chen,developability,cluster,classification,esm2_cls,mlp,100,100,17,713,0.6188170295742607,0.32885931633102744,False,,,,
SAbDab_Chen,developability,cluster,classification,esm2_cls,mlp,200,200,17,713,0.6170404073231502,0.3685036377319947,False,,,,
SAbDab_Chen,developability,cluster,classification,esm2_cls,mlp,500,500,17,713,0.7359116022099448,0.4451950485916758,False,,,,
SAbDab_Chen,developability,cluster,classification,esm2_cls,mlp,1000,1000,17,713,0.7682049615426281,0.5139046352361031,False,,,,
SAbDab_Chen,developability,cluster,classification,esm2_cls,mlp,all,1696,17,713,0.763958401039974,0.463900119280175,False,,,,
SAbDab_Chen,developability,cluster,classification,esm2_cls,mlp,25,25,18,769,0.5696336184141062,0.23189489547640194,False,,,,
SAbDab_Chen,developability,cluster,classification,esm2_cls,mlp,50,50,18,769,0.5965156794425088,0.256445189022878,False,,,,
SAbDab_Chen,developability,cluster,classification,esm2_cls,mlp,100,100,18,769,0.5882483370288247,0.28060285088576653,False,,,,
SAbDab_Chen,developability,cluster,classification,esm2_cls,mlp,200,200,18,769,0.6644176961250132,0.37274091528606246,False,,,,
SAbDab_Chen,developability,cluster,classification,esm2_cls,mlp,500,500,18,769,0.7290887973814804,0.3872822088813928,False,,,,
SAbDab_Chen,developability,cluster,classification,esm2_cls,mlp,1000,1000,18,769,0.7175271882588954,0.38019551173256416,False,,,,
SAbDab_Chen,developability,cluster,classification,esm2_cls,mlp,all,1640,18,769,0.7099778270509978,0.3486760848259285,False,,,,
SAbDab_Chen,developability,cluster,classification,esm2_cls,mlp,25,25,19,512,0.5443710543461167,0.2414053636813241,False,,,,
SAbDab_Chen,developability,cluster,classification,esm2_cls,mlp,50,50,19,512,0.5483475994697941,0.2557317840533903,False,,,,
SAbDab_Chen,developability,cluster,classification,esm2_cls,mlp,100,100,19,512,0.6130057738536542,0.31279305052297757,False,,,,
SAbDab_Chen,developability,cluster,classification,esm2_cls,mlp,200,200,19,512,0.630282402102851,0.3476673265035338,False,,,,
SAbDab_Chen,developability,cluster,classification,esm2_cls,mlp,500,500,19,512,0.7512412662038597,0.4854493418174437,False,,,,
SAbDab_Chen,developability,cluster,classification,esm2_cls,mlp,1000,1000,19,512,0.8063961717328301,0.5312325863503602,False,,,,
SAbDab_Chen,developability,cluster,classification,esm2_cls,mlp,all,1897,19,512,0.7972972972972973,0.5543814066557101,False,,,,
SAbDab_Chen,developability,cluster,classification,esm2_mean+max,linear,25,25,0,598,0.6478062274832732,0.3178486686374654,False,,,,
SAbDab_Chen,developability,cluster,classification,esm2_mean+max,linear,50,50,0,598,0.6766276376737005,0.4058964805729137,False,,,,
SAbDab_Chen,developability,cluster,classification,esm2_mean+max,linear,100,100,0,598,0.6989352804940813,0.4172573763534336,False,,,,
SAbDab_Chen,developability,cluster,classification,esm2_mean+max,linear,200,200,0,598,0.7120110653628409,0.42919193127885813,False,,,,
SAbDab_Chen,developability,cluster,classification,esm2_mean+max,linear,500,500,0,598,0.7555809315491508,0.4843412206255693,False,,,,
SAbDab_Chen,developability,cluster,classification,esm2_mean+max,linear,1000,1000,0,598,0.7759264024704065,0.5278492431644884,False,,,,
SAbDab_Chen,developability,cluster,classification,esm2_mean+max,linear,all,1811,0,598,0.7423121461657232,0.5041638745420479,False,,,,
SAbDab_Chen,developability,cluster,classification,esm2_mean+max,linear,25,25,1,564,0.5288382542796305,0.26840448184357224,False,,,,
SAbDab_Chen,developability,cluster,classification,esm2_mean+max,linear,50,50,1,564,0.480919806180105,0.23366863905876475,False,,,,
SAbDab_Chen,developability,cluster,classification,esm2_mean+max,linear,100,100,1,564,0.6315661519373608,0.31138690497862886,False,,,,
SAbDab_Chen,developability,cluster,classification,esm2_mean+max,linear,200,200,1,564,0.7021528092148281,0.5078040601038744,False,,,,
SAbDab_Chen,developability,cluster,classification,esm2_mean+max,linear,500,500,1,564,0.6855540465771339,0.48637681253493525,False,,,,
SAbDab_Chen,developability,cluster,classification,esm2_mean+max,linear,1000,1000,1,564,0.7377479335378837,0.5589647469031958,False,,,,
SAbDab_Chen,developability,cluster,classification,esm2_mean+max,linear,all,1845,1,564,0.7246868869775163,0.46382330901614444,False,,,,
SAbDab_Chen,developability,cluster,classification,esm2_mean+max,linear,25,25,2,547,0.6148320650747835,0.27528136557927063,False,,,,
SAbDab_Chen,developability,cluster,classification,esm2_mean+max,linear,50,50,2,547,0.6298106358785971,0.29593516530143393,False,,,,
SAbDab_Chen,developability,cluster,classification,esm2_mean+max,linear,100,100,2,547,0.6878225312691333,0.3817385224697599,False,,,,
SAbDab_Chen,developability,cluster,classification,esm2_mean+max,linear,200,200,2,547,0.6835366920318376,0.4022199436610016,False,,,,
SAbDab_Chen,developability,cluster,classification,esm2_mean+max,linear,500,500,2,547,0.6717943671827167,0.2961122069065646,False,,,,
SAbDab_Chen,developability,cluster,classification,esm2_mean+max,linear,1000,1000,2,547,0.6859638764978571,0.3749834892879559,False,,,,
SAbDab_Chen,developability,cluster,classification,esm2_mean+max,linear,all,1862,2,547,0.7268761479926529,0.4235509756624699,False,,,,
SAbDab_Chen,developability,cluster,classification,esm2_mean+max,linear,25,25,3,675,0.6049039264828738,0.27078480861062737,False,,,,
SAbDab_Chen,developability,cluster,classification,esm2_mean+max,linear,50,50,3,675,0.655563909774436,0.28902069114478,False,,,,
SAbDab_Chen,developability,cluster,classification,esm2_mean+max,linear,100,100,3,675,0.7000083542188805,0.3015468205028822,False,,,,
SAbDab_Chen,developability,cluster,classification,esm2_mean+max,linear,200,200,3,675,0.71671679197995,0.38360185351042886,False,,,,
SAbDab_Chen,developability,cluster,classification,esm2_mean+max,linear,500,500,3,675,0.8059732664995823,0.4753914704676543,False,,,,
SAbDab_Chen,developability,cluster,classification,esm2_mean+max,linear,1000,1000,3,675,0.8111862990810359,0.50483865923215,False,,,,
SAbDab_Chen,developability,cluster,classification,esm2_mean+max,linear,all,1734,3,675,0.7929072681704261,0.39883708742434165,False,,,,
SAbDab_Chen,developability,cluster,classification,esm2_mean+max,linear,25,25,4,623,0.46541302235179793,0.14141695086148642,False,,,,
SAbDab_Chen,developability,cluster,classification,esm2_mean+max,linear,50,50,4,623,0.5370359572400389,0.16895000202390753,False,,,,
SAbDab_Chen,developability,cluster,classification,esm2_mean+max,linear,100,100,4,623,0.6534013605442177,0.28517011793573954,False,,,,
SAbDab_Chen,developability,cluster,classification,esm2_mean+max,linear,200,200,4,623,0.711379980563654,0.342327514271538,False,,,,
SAbDab_Chen,developability,cluster,classification,esm2_mean+max,linear,500,500,4,623,0.7461127308066084,0.39849927848721256,False,,,,
SAbDab_Chen,developability,cluster,classification,esm2_mean+max,linear,1000,1000,4,623,0.8009815354713314,0.42830457399007904,False,,,,
SAbDab_Chen,developability,cluster,classification,esm2_mean+max,linear,all,1786,4,623,0.8127210884353742,0.4323821349045143,False,,,,
SAbDab_Chen,developability,cluster,classification,esm2_mean+max,linear,25,25,5,436,0.43862355068609726,0.1752559557902139,False,,,,
SAbDab_Chen,developability,cluster,classification,esm2_mean+max,linear,50,50,5,436,0.5451015849377726,0.27282991378925353,False,,,,
SAbDab_Chen,developability,cluster,classification,esm2_mean+max,linear,100,100,5,436,0.5636102542282736,0.2847608612301397,False,,,,
SAbDab_Chen,developability,cluster,classification,esm2_mean+max,linear,200,200,5,436,0.6771797326525548,0.37259385677873114,False,,,,
SAbDab_Chen,developability,cluster,classification,esm2_mean+max,linear,500,500,5,436,0.6993404956919476,0.3706887211282922,False,,,,
SAbDab_Chen,developability,cluster,classification,esm2_mean+max,linear,1000,1000,5,436,0.7992589440839627,0.4886493053011714,False,,,,
SAbDab_Chen,developability,cluster,classification,esm2_mean+max,linear,all,1973,5,436,0.7950395348012624,0.5085721422632181,False,,,,
SAbDab_Chen,developability,cluster,classification,esm2_mean+max,linear,25,25,6,636,0.5938830009179672,0.27619518466180576,False,,,,
SAbDab_Chen,developability,cluster,classification,esm2_mean+max,linear,50,50,6,636,0.6860969707085037,0.32794340720001136,False,,,,
SAbDab_Chen,developability,cluster,classification,esm2_mean+max,linear,100,100,6,636,0.7111157473086873,0.3667196515792973,False,,,,
SAbDab_Chen,developability,cluster,classification,esm2_mean+max,linear,200,200,6,636,0.7696987398814987,0.44454154974794413,False,,,,
SAbDab_Chen,developability,cluster,classification,esm2_mean+max,linear,500,500,6,636,0.7996077776850538,0.5108983119549666,False,,,,
SAbDab_Chen,developability,cluster,classification,esm2_mean+max,linear,1000,1000,6,636,0.7915630476508386,0.4883991152980507,False,,,,
SAbDab_Chen,developability,cluster,classification,esm2_mean+max,linear,all,1773,6,636,0.7931986981557206,0.5035136474294267,False,,,,
SAbDab_Chen,developability,cluster,classification,esm2_mean+max,linear,25,25,7,753,0.5504196914700544,0.2346588888413321,False,,,,
SAbDab_Chen,developability,cluster,classification,esm2_mean+max,linear,50,50,7,753,0.6249432849364791,0.2734551431652287,False,,,,
SAbDab_Chen,developability,cluster,classification,esm2_mean+max,linear,100,100,7,753,0.6224364791288566,0.2811468520044673,False,,,,
SAbDab_Chen,developability,cluster,classification,esm2_mean+max,linear,200,200,7,753,0.6335639745916515,0.35723272175434784,False,,,,
SAbDab_Chen,developability,cluster,classification,esm2_mean+max,linear,500,500,7,753,0.7084392014519056,0.3955784842107205,False,,,,
SAbDab_Chen,developability,cluster,classification,esm2_mean+max,linear,1000,1000,7,753,0.7514972776769511,0.4531017432646412,False,,,,
SAbDab_Chen,developability,cluster,classification,esm2_mean+max,linear,all,1656,7,753,0.7229469147005445,0.4228328396527077,False,,,,
SAbDab_Chen,developability,cluster,classification,esm2_mean+max,linear,25,25,8,633,0.5985059299012788,0.2306144575092834,False,,,,
SAbDab_Chen,developability,cluster,classification,esm2_mean+max,linear,50,50,8,633,0.6787749287749288,0.29192030392074064,False,,,,
SAbDab_Chen,developability,cluster,classification,esm2_mean+max,linear,100,100,8,633,0.6904856556019346,0.33559406921520385,False,,,,
SAbDab_Chen,developability,cluster,classification,esm2_mean+max,linear,200,200,8,633,0.7505466110117274,0.39103065761993566,False,,,,
SAbDab_Chen,developability,cluster,classification,esm2_mean+max,linear,500,500,8,633,0.757834757834758,0.40278179784125656,False,,,,
SAbDab_Chen,developability,cluster,classification,esm2_mean+max,linear,1000,1000,8,633,0.7758894851918108,0.4047475229865912,False,,,,
SAbDab_Chen,developability,cluster,classification,esm2_mean+max,linear,all,1776,8,633,0.7984330484330484,0.4588782094627794,False,,,,
SAbDab_Chen,developability,cluster,classification,esm2_mean+max,linear,25,25,9,515,0.650706046141607,0.31998857172947615,False,,,,
SAbDab_Chen,developability,cluster,classification,esm2_mean+max,linear,50,50,9,515,0.6138126491646778,0.29188081565961327,False,,,,
SAbDab_Chen,developability,cluster,classification,esm2_mean+max,linear,100,100,9,515,0.6368337311058074,0.32712546467403747,False,,,,
SAbDab_Chen,developability,cluster,classification,esm2_mean+max,linear,200,200,9,515,0.7087062450278441,0.3755007917960478,False,,,,
SAbDab_Chen,developability,cluster,classification,esm2_mean+max,linear,500,500,9,515,0.727302108194113,0.4430280184851542,False,,,,
SAbDab_Chen,developability,cluster,classification,esm2_mean+max,linear,1000,1000,9,515,0.7370475338106603,0.4218194568702183,False,,,,
SAbDab_Chen,developability,cluster,classification,esm2_mean+max,linear,all,1894,9,515,0.7514419252187748,0.39559702382957984,False,,,,
SAbDab_Chen,developability,cluster,classification,esm2_mean+max,linear,25,25,10,639,0.6272892990401322,0.30610304393405807,False,,,,
SAbDab_Chen,developability,cluster,classification,esm2_mean+max,linear,50,50,10,639,0.5736990515252499,0.27496533411238144,False,,,,
SAbDab_Chen,developability,cluster,classification,esm2_mean+max,linear,100,100,10,639,0.5665783702184625,0.2585578046502714,False,,,,
SAbDab_Chen,developability,cluster,classification,esm2_mean+max,linear,200,200,10,639,0.646856931271184,0.31602598546154465,False,,,,
SAbDab_Chen,developability,cluster,classification,esm2_mean+max,linear,500,500,10,639,0.7864222848842177,0.5391534678243597,False,,,,
SAbDab_Chen,developability,cluster,classification,esm2_mean+max,linear,1000,1000,10,639,0.8287333732091486,0.5663497065479155,False,,,,
SAbDab_Chen,developability,cluster,classification,esm2_mean+max,linear,all,1770,10,639,0.817596627645333,0.5430443644839709,False,,,,
SAbDab_Chen,developability,cluster,classification,esm2_mean+max,linear,25,25,11,524,0.5773821934945789,0.22705260228890187,False,,,,
SAbDab_Chen,developability,cluster,classification,esm2_mean+max,linear,50,50,11,524,0.5416492910758965,0.18793696097516227,False,,,,
SAbDab_Chen,developability,cluster,classification,esm2_mean+max,linear,100,100,11,524,0.5480869474562136,0.22433079592225674,False,,,,
SAbDab_Chen,developability,cluster,classification,esm2_mean+max,linear,200,200,11,524,0.6807495829858216,0.2999361690071568,False,,,,
SAbDab_Chen,developability,cluster,classification,esm2_mean+max,linear,500,500,11,524,0.7008965804837364,0.3238906753634743,False,,,,
SAbDab_Chen,developability,cluster,classification,esm2_mean+max,linear,1000,1000,11,524,0.710461843202669,0.3398217107407114,False,,,,
SAbDab_Chen,developability,cluster,classification,esm2_mean+max,linear,all,1885,11,524,0.6850239783152627,0.3657255090976129,False,,,,
SAbDab_Chen,developability,cluster,classification,esm2_mean+max,linear,25,25,12,423,0.39416488823991913,0.22984005768401866,False,,,,
SAbDab_Chen,developability,cluster,classification,esm2_mean+max,linear,50,50,12,423,0.638913849264293,0.4074969958234092,False,,,,
SAbDab_Chen,developability,cluster,classification,esm2_mean+max,linear,100,100,12,423,0.7272548579130631,0.5014258057270342,False,,,,
SAbDab_Chen,developability,cluster,classification,esm2_mean+max,linear,200,200,12,423,0.7619622599123891,0.542907834209462,False,,,,
SAbDab_Chen,developability,cluster,classification,esm2_mean+max,linear,500,500,12,423,0.7675783443782994,0.5730334571663359,False,,,,
SAbDab_Chen,developability,cluster,classification,esm2_mean+max,linear,1000,1000,12,423,0.7725766595529596,0.5502931934346676,False,,,,
SAbDab_Chen,developability,cluster,classification,esm2_mean+max,linear,all,1986,12,423,0.7594350219027294,0.5377431236646207,False,,,,
SAbDab_Chen,developability,cluster,classification,esm2_mean+max,linear,25,25,13,575,0.588165987698698,0.2662628142467275,False,,,,
SAbDab_Chen,developability,cluster,classification,esm2_mean+max,linear,50,50,13,575,0.6249500758846553,0.30109392245138056,False,,,,
SAbDab_Chen,developability,cluster,classification,esm2_mean+max,linear,100,100,13,575,0.7031312405144181,0.378760804637951,False,,,,
SAbDab_Chen,developability,cluster,classification,esm2_mean+max,linear,200,200,13,575,0.6893921239715632,0.3504395781266508,False,,,,
SAbDab_Chen,developability,cluster,classification,esm2_mean+max,linear,500,500,13,575,0.7159717229810687,0.3965261707361267,False,,,,
SAbDab_Chen,developability,cluster,classification,esm2_mean+max,linear,1000,1000,13,575,0.76913092100008,0.45445560782758904,False,,,,
SAbDab_Chen,developability,cluster,classification,esm2_mean+max,linear,all,1834,13,575,0.790538381659877,0.4875897091801609,False,,,,
SAbDab_Chen,developability,cluster,classification,esm2_mean+max,linear,25,25,14,589,0.6147750511247444,0.26807984248029704,False,,,,
SAbDab_Chen,developability,cluster,classification,esm2_mean+max,linear,50,50,14,589,0.6133640081799592,0.2788081214660116,False,,,,
SAbDab_Chen,developability,cluster,classification,esm2_mean+max,linear,100,100,14,589,0.6532004089979551,0.3624317219293,False,,,,
SAbDab_Chen,developability,cluster,classification,esm2_mean+max,linear,200,200,14,589,0.7224642126789366,0.40418779022203916,False,,,,
SAbDab_Chen,developability,cluster,classification,esm2_mean+max,linear,500,500,14,589,0.7342024539877301,0.4154065074604475,False,,,,
SAbDab_Chen,developability,cluster,classification,esm2_mean+max,linear,1000,1000,14,589,0.7446523517382413,0.35659286171761595,False,,,,
SAbDab_Chen,developability,cluster,classification,esm2_mean+max,linear,all,1820,14,589,0.7549182004089978,0.362554576158376,False,,,,
SAbDab_Chen,developability,cluster,classification,esm2_mean+max,linear,25,25,15,601,0.5006579639962101,0.224010054907092,False,,,,
SAbDab_Chen,developability,cluster,classification,esm2_mean+max,linear,50,50,15,601,0.5474348177001088,0.20995257069659062,False,,,,
SAbDab_Chen,developability,cluster,classification,esm2_mean+max,linear,100,100,15,601,0.630022458504404,0.2736955150974632,False,,,,
SAbDab_Chen,developability,cluster,classification,esm2_mean+max,linear,200,200,15,601,0.698064708565814,0.3366131986750046,False,,,,
SAbDab_Chen,developability,cluster,classification,esm2_mean+max,linear,500,500,15,601,0.750754465382321,0.41551780869098365,False,,,,
SAbDab_Chen,developability,cluster,classification,esm2_mean+max,linear,1000,1000,15,601,0.7776344878408253,0.4143154052767481,False,,,,
SAbDab_Chen,developability,cluster,classification,esm2_mean+max,linear,all,1808,15,601,0.7958820226690528,0.41496178836824926,False,,,,
SAbDab_Chen,developability,cluster,classification,esm2_mean+max,linear,25,25,16,809,0.5442180876118701,0.27775720572134427,False,,,,
SAbDab_Chen,developability,cluster,classification,esm2_mean+max,linear,50,50,16,809,0.5777370298095686,0.2848028061196055,False,,,,
SAbDab_Chen,developability,cluster,classification,esm2_mean+max,linear,100,100,16,809,0.7022155305834062,0.5257213789102719,False,,,,
SAbDab_Chen,developability,cluster,classification,esm2_mean+max,linear,200,200,16,809,0.7091968911917098,0.538798036101921,False,,,,
SAbDab_Chen,developability,cluster,classification,esm2_mean+max,linear,500,500,16,809,0.7500672902227307,0.5264450473300128,False,,,,
SAbDab_Chen,developability,cluster,classification,esm2_mean+max,linear,1000,1000,16,809,0.7705571630442096,0.5943256263014574,False,,,,
SAbDab_Chen,developability,cluster,classification,esm2_mean+max,linear,all,1600,16,809,0.760640266469282,0.5886297985165763,False,,,,
SAbDab_Chen,developability,cluster,classification,esm2_mean+max,linear,25,25,17,713,0.4280684649550428,0.215210323830216,False,,,,
SAbDab_Chen,developability,cluster,classification,esm2_mean+max,linear,50,50,17,713,0.5799805004874878,0.33020220166999803,False,,,,
SAbDab_Chen,developability,cluster,classification,esm2_mean+max,linear,100,100,17,713,0.5785288701115805,0.3265193737159158,False,,,,
SAbDab_Chen,developability,cluster,classification,esm2_mean+max,linear,200,200,17,713,0.611569710757231,0.37082382000541547,False,,,,
SAbDab_Chen,developability,cluster,classification,esm2_mean+max,linear,500,500,17,713,0.7532878344708049,0.44528608927146524,False,,,,
SAbDab_Chen,developability,cluster,classification,esm2_mean+max,linear,1000,1000,17,713,0.7966092514353807,0.5133577436681083,False,,,,
SAbDab_Chen,developability,cluster,classification,esm2_mean+max,linear,all,1696,17,713,0.8021341133138339,0.49925456703714166,False,,,,
SAbDab_Chen,developability,cluster,classification,esm2_mean+max,linear,25,25,18,769,0.5090592334494773,0.19746207830090673,False,,,,
SAbDab_Chen,developability,cluster,classification,esm2_mean+max,linear,50,50,18,769,0.5123640587055222,0.2167775490469553,False,,,,
SAbDab_Chen,developability,cluster,classification,esm2_mean+max,linear,100,100,18,769,0.5479885967690846,0.2816881070955477,False,,,,
SAbDab_Chen,developability,cluster,classification,esm2_mean+max,linear,200,200,18,769,0.6657903072537219,0.34595789132726373,False,,,,
SAbDab_Chen,developability,cluster,classification,esm2_mean+max,linear,500,500,18,769,0.7356245380635625,0.4150334172775311,False,,,,
SAbDab_Chen,developability,cluster,classification,esm2_mean+max,linear,1000,1000,18,769,0.7530566993981629,0.46196442334166493,False,,,,
SAbDab_Chen,developability,cluster,classification,esm2_mean+max,linear,all,1640,18,769,0.7800126702565727,0.5009512091506552,False,,,,
SAbDab_Chen,developability,cluster,classification,esm2_mean+max,linear,25,25,19,512,0.5621082429062478,0.28771351859617933,False,,,,
SAbDab_Chen,developability,cluster,classification,esm2_mean+max,linear,50,50,19,512,0.6547145649390038,0.3344720156984904,False,,,,
SAbDab_Chen,developability,cluster,classification,esm2_mean+max,linear,100,100,19,512,0.6526813596639034,0.4080710520232401,False,,,,
SAbDab_Chen,developability,cluster,classification,esm2_mean+max,linear,200,200,19,512,0.6782031407966569,0.41953974263617116,False,,,,
SAbDab_Chen,developability,cluster,classification,esm2_mean+max,linear,500,500,19,512,0.7347509604367459,0.5047433534987354,False,,,,
SAbDab_Chen,developability,cluster,classification,esm2_mean+max,linear,1000,1000,19,512,0.7883332210015502,0.5431908663499531,False,,,,
SAbDab_Chen,developability,cluster,classification,esm2_mean+max,linear,all,1897,19,512,0.799948327379749,0.5145458427191355,False,,,,
SAbDab_Chen,developability,cluster,classification,esm2_mean+max,mlp,25,25,0,598,0.5321506690684509,0.2520193290821537,False,,,,
SAbDab_Chen,developability,cluster,classification,esm2_mean+max,mlp,50,50,0,598,0.6031266083376223,0.3157266347853808,False,,,,
SAbDab_Chen,developability,cluster,classification,esm2_mean+max,mlp,100,100,0,598,0.6400701235203294,0.34132403572458836,False,,,,
SAbDab_Chen,developability,cluster,classification,esm2_mean+max,mlp,200,200,0,598,0.682047735460628,0.40263164158695136,False,,,,
SAbDab_Chen,developability,cluster,classification,esm2_mean+max,mlp,500,500,0,598,0.6847175759135358,0.38937269068339553,False,,,,
SAbDab_Chen,developability,cluster,classification,esm2_mean+max,mlp,1000,1000,0,598,0.7571249356664951,0.4865278709382771,False,,,,
SAbDab_Chen,developability,cluster,classification,esm2_mean+max,mlp,all,1811,0,598,0.7587493566649511,0.49140606245717955,False,,,,
SAbDab_Chen,developability,cluster,classification,esm2_mean+max,mlp,25,25,1,564,0.583379441007327,0.30079859612448834,False,,,,
SAbDab_Chen,developability,cluster,classification,esm2_mean+max,mlp,50,50,1,564,0.5934392971513841,0.324049423375293,False,,,,
SAbDab_Chen,developability,cluster,classification,esm2_mean+max,mlp,100,100,1,564,0.7271347853059035,0.5826366292518789,False,,,,
SAbDab_Chen,developability,cluster,classification,esm2_mean+max,mlp,200,200,1,564,0.7148282279563403,0.5600558069436361,False,,,,
SAbDab_Chen,developability,cluster,classification,esm2_mean+max,mlp,500,500,1,564,0.6954630048790302,0.5193229392581984,False,,,,
SAbDab_Chen,developability,cluster,classification,esm2_mean+max,mlp,1000,1000,1,564,0.7162869070972284,0.5066134513382413,False,,,,
SAbDab_Chen,developability,cluster,classification,esm2_mean+max,mlp,all,1845,1,564,0.7720017437083984,0.5878399810574586,False,,,,
SAbDab_Chen,developability,cluster,classification,esm2_mean+max,mlp,25,25,2,547,0.5808514825505117,0.21276389144372387,False,,,,
SAbDab_Chen,developability,cluster,classification,esm2_mean+max,mlp,50,50,2,547,0.5758987142482288,0.23629482120736922,False,,,,
SAbDab_Chen,developability,cluster,classification,esm2_mean+max,mlp,100,100,2,547,0.6575373917606927,0.26654609735657575,False,,,,
SAbDab_Chen,developability,cluster,classification,esm2_mean+max,mlp,200,200,2,547,0.6594616461121315,0.361717756531559,False,,,,
SAbDab_Chen,developability,cluster,classification,esm2_mean+max,mlp,500,500,2,547,0.6312538266421761,0.26996225815079455,False,,,,
SAbDab_Chen,developability,cluster,classification,esm2_mean+max,mlp,1000,1000,2,547,0.6434553485524359,0.3308347914214318,False,,,,
SAbDab_Chen,developability,cluster,classification,esm2_mean+max,mlp,all,1862,2,547,0.6990837925303945,0.3177187749851656,False,,,,
SAbDab_Chen,developability,cluster,classification,esm2_mean+max,mlp,25,25,3,675,0.6354803675856306,0.2738763525746458,False,,,,
SAbDab_Chen,developability,cluster,classification,esm2_mean+max,mlp,50,50,3,675,0.7096825396825397,0.32776938762590396,False,,,,
SAbDab_Chen,developability,cluster,classification,esm2_mean+max,mlp,100,100,3,675,0.7737761069340016,0.35063445443931746,False,,,,
SAbDab_Chen,developability,cluster,classification,esm2_mean+max,mlp,200,200,3,675,0.7419799498746867,0.3449287887142917,False,,,,
SAbDab_Chen,developability,cluster,classification,esm2_mean+max,mlp,500,500,3,675,0.8276775271512112,0.4548475473993999,False,,,,
SAbDab_Chen,developability,cluster,classification,esm2_mean+max,mlp,1000,1000,3,675,0.8180200501253133,0.43155475014891304,False,,,,
SAbDab_Chen,developability,cluster,classification,esm2_mean+max,mlp,all,1734,3,675,0.8588888888888889,0.5143514294014705,False,,,,
SAbDab_Chen,developability,cluster,classification,esm2_mean+max,mlp,25,25,4,623,0.45359572400388726,0.14032096371235941,False,,,,
SAbDab_Chen,developability,cluster,classification,esm2_mean+max,mlp,50,50,4,623,0.47553935860058305,0.14226858427254374,False,,,,
SAbDab_Chen,developability,cluster,classification,esm2_mean+max,mlp,100,100,4,623,0.6482896015549078,0.28267028494866,False,,,,
SAbDab_Chen,developability,cluster,classification,esm2_mean+max,mlp,200,200,4,623,0.729086491739553,0.3697842646217042,False,,,,
SAbDab_Chen,developability,cluster,classification,esm2_mean+max,mlp,500,500,4,623,0.7288143828960155,0.3584166189054719,False,,,,
SAbDab_Chen,developability,cluster,classification,esm2_mean+max,mlp,1000,1000,4,623,0.7807482993197278,0.3786761511486304,False,,,,
SAbDab_Chen,developability,cluster,classification,esm2_mean+max,mlp,all,1786,4,623,0.7842079689018465,0.3774974187666813,False,,,,
SAbDab_Chen,developability,cluster,classification,esm2_mean+max,mlp,25,25,5,436,0.4444030776867709,0.17030994288716927,False,,,,
SAbDab_Chen,developability,cluster,classification,esm2_mean+max,mlp,50,50,5,436,0.5351381058752614,0.27457670387084354,False,,,,
SAbDab_Chen,developability,cluster,classification,esm2_mean+max,mlp,100,100,5,436,0.5501010530794597,0.24714221280067336,False,,,,
SAbDab_Chen,developability,cluster,classification,esm2_mean+max,mlp,200,200,5,436,0.6027550260610574,0.24404574507703172,False,,,,
SAbDab_Chen,developability,cluster,classification,esm2_mean+max,mlp,500,500,5,436,0.6466865227103499,0.3137204055610475,False,,,,
SAbDab_Chen,developability,cluster,classification,esm2_mean+max,mlp,1000,1000,5,436,0.7620643193986455,0.42165302114532227,False,,,,
SAbDab_Chen,developability,cluster,classification,esm2_mean+max,mlp,all,1973,5,436,0.7529518136368472,0.38266161560321804,False,,,,
SAbDab_Chen,developability,cluster,classification,esm2_mean+max,mlp,25,25,6,636,0.5815154802637069,0.2713671833011181,False,,,,
SAbDab_Chen,developability,cluster,classification,esm2_mean+max,mlp,50,50,6,636,0.6323708587165151,0.29630475756962293,False,,,,
SAbDab_Chen,developability,cluster,classification,esm2_mean+max,mlp,100,100,6,636,0.6615455228240006,0.31809937051193005,False,,,,
SAbDab_Chen,developability,cluster,classification,esm2_mean+max,mlp,200,200,6,636,0.7659768004673289,0.4262560224971598,False,,,,
SAbDab_Chen,developability,cluster,classification,esm2_mean+max,mlp,500,500,6,636,0.7881415338396061,0.4330702645147032,False,,,,
SAbDab_Chen,developability,cluster,classification,esm2_mean+max,mlp,1000,1000,6,636,0.8099891512976718,0.4867215239003081,False,,,,
SAbDab_Chen,developability,cluster,classification,esm2_mean+max,mlp,all,1773,6,636,0.7907619127096719,0.4445400594699414,False,,,,
SAbDab_Chen,developability,cluster,classification,esm2_mean+max,mlp,25,25,7,753,0.566152450090744,0.20897482551107915,False,,,,
SAbDab_Chen,developability,cluster,classification,esm2_mean+max,mlp,50,50,7,753,0.5881238656987295,0.23900731623004995,False,,,,
SAbDab_Chen,developability,cluster,classification,esm2_mean+max,mlp,100,100,7,753,0.5986615245009074,0.24961696149723603,False,,,,
SAbDab_Chen,developability,cluster,classification,esm2_mean+max,mlp,200,200,7,753,0.6390993647912886,0.35463648517110935,False,,,,
SAbDab_Chen,developability,cluster,classification,esm2_mean+max,mlp,500,500,7,753,0.661388384754991,0.3753707943920055,False,,,,
SAbDab_Chen,developability,cluster,classification,esm2_mean+max,mlp,1000,1000,7,753,0.7243761343012703,0.4388593519926858,False,,,,
SAbDab_Chen,developability,cluster,classification,esm2_mean+max,mlp,all,1656,7,753,0.6940562613430128,0.39291834514843343,False,,,,
SAbDab_Chen,developability,cluster,classification,esm2_mean+max,mlp,25,25,8,633,0.5222951036904526,0.1949023247930851,False,,,,
SAbDab_Chen,developability,cluster,classification,esm2_mean+max,mlp,50,50,8,633,0.5488057377592261,0.21935902046650438,False,,,,
SAbDab_Chen,developability,cluster,classification,esm2_mean+max,mlp,100,100,8,633,0.7380242496521567,0.34340782113348234,False,,,,
SAbDab_Chen,developability,cluster,classification,esm2_mean+max,mlp,200,200,8,633,0.7286490426025309,0.3212621853607995,False,,,,
SAbDab_Chen,developability,cluster,classification,esm2_mean+max,mlp,500,500,8,633,0.7701749155237527,0.3921401850083898,False,,,,
SAbDab_Chen,developability,cluster,classification,esm2_mean+max,mlp,1000,1000,8,633,0.8061849864175445,0.40925939881315454,False,,,,
SAbDab_Chen,developability,cluster,classification,esm2_mean+max,mlp,all,1776,8,633,0.7892069171138938,0.4206720643844645,False,,,,
SAbDab_Chen,developability,cluster,classification,esm2_mean+max,mlp,25,25,9,515,0.6181881463802705,0.29050834514033413,False,,,,
SAbDab_Chen,developability,cluster,classification,esm2_mean+max,mlp,50,50,9,515,0.620922832140016,0.24131553902669112,False,,,,
SAbDab_Chen,developability,cluster,classification,esm2_mean+max,mlp,100,100,9,515,0.6227625298329356,0.2963170654102067,False,,,,
SAbDab_Chen,developability,cluster,classification,esm2_mean+max,mlp,200,200,9,515,0.692521877486078,0.37450011520648857,False,,,,
SAbDab_Chen,developability,cluster,classification,esm2_mean+max,mlp,500,500,9,515,0.7274761336515515,0.3864565698344458,False,,,,
SAbDab_Chen,developability,cluster,classification,esm2_mean+max,mlp,1000,1000,9,515,0.7163882259347654,0.3873740363952223,False,,,,
SAbDab_Chen,developability,cluster,classification,esm2_mean+max,mlp,all,1894,9,515,0.7280727923627686,0.3813051936515493,False,,,,
SAbDab_Chen,developability,cluster,classification,esm2_mean+max,mlp,25,25,10,639,0.45438491554871974,0.24406590004787734,False,,,,
SAbDab_Chen,developability,cluster,classification,esm2_mean+max,mlp,50,50,10,639,0.5044433051354353,0.23208266513098103,False,,,,
SAbDab_Chen,developability,cluster,classification,esm2_mean+max,mlp,100,100,10,639,0.5775727021561423,0.2503577603949673,False,,,,
SAbDab_Chen,developability,cluster,classification,esm2_mean+max,mlp,200,200,10,639,0.7536671508729955,0.43448443344334364,False,,,,
SAbDab_Chen,developability,cluster,classification,esm2_mean+max,mlp,500,500,10,639,0.7975305477228062,0.5972586994471656,False,,,,
SAbDab_Chen,developability,cluster,classification,esm2_mean+max,mlp,1000,1000,10,639,0.8177390412714689,0.5148761435820667,False,,,,
SAbDab_Chen,developability,cluster,classification,esm2_mean+max,mlp,all,1770,10,639,0.8142783901563702,0.5055984603830178,False,,,,
SAbDab_Chen,developability,cluster,classification,esm2_mean+max,mlp,25,25,11,524,0.5624478732276897,0.20620039502934495,False,,,,
SAbDab_Chen,developability,cluster,classification,esm2_mean+max,mlp,50,50,11,524,0.535889282735613,0.22543079672327052,False,,,,
SAbDab_Chen,developability,cluster,classification,esm2_mean+max,mlp,100,100,11,524,0.5864522518765638,0.2208314553167828,False,,,,
SAbDab_Chen,developability,cluster,classification,esm2_mean+max,mlp,200,200,11,524,0.6567191409507924,0.30113517791853883,False,,,,
SAbDab_Chen,developability,cluster,classification,esm2_mean+max,mlp,500,500,11,524,0.6688646788990826,0.29301610202138956,False,,,,
SAbDab_Chen,developability,cluster,classification,esm2_mean+max,mlp,1000,1000,11,524,0.697795037531276,0.3431908960347922,False,,,,
SAbDab_Chen,developability,cluster,classification,esm2_mean+max,mlp,all,1885,11,524,0.699775854879066,0.3856909800112741,False,,,,
SAbDab_Chen,developability,cluster,classification,esm2_mean+max,mlp,25,25,12,423,0.4764124452431765,0.2821659143816947,False,,,,
SAbDab_Chen,developability,cluster,classification,esm2_mean+max,mlp,50,50,12,423,0.6324272717061664,0.39495587350090966,False,,,,
SAbDab_Chen,developability,cluster,classification,esm2_mean+max,mlp,100,100,12,423,0.7125687970347074,0.446360017526032,False,,,,
SAbDab_Chen,developability,cluster,classification,esm2_mean+max,mlp,200,200,12,423,0.7115579018308436,0.5196079798495787,False,,,,
SAbDab_Chen,developability,cluster,classification,esm2_mean+max,mlp,500,500,12,423,0.7442435134224419,0.5344239617276412,False,,,,
SAbDab_Chen,developability,cluster,classification,esm2_mean+max,mlp,1000,1000,12,423,0.7226496686510165,0.46143747005093005,False,,,,
SAbDab_Chen,developability,cluster,classification,esm2_mean+max,mlp,all,1986,12,423,0.7542682241940919,0.49021196987410426,False,,,,
SAbDab_Chen,developability,cluster,classification,esm2_mean+max,mlp,25,25,13,575,0.5957344835849508,0.2551639601279609,False,,,,
SAbDab_Chen,developability,cluster,classification,esm2_mean+max,mlp,50,50,13,575,0.6236720185318316,0.29626688485832064,False,,,,
SAbDab_Chen,developability,cluster,classification,esm2_mean+max,mlp,100,100,13,575,0.6793074526719386,0.34108457745663545,False,,,,
SAbDab_Chen,developability,cluster,classification,esm2_mean+max,mlp,200,200,13,575,0.6860771627126767,0.3501953970417494,False,,,,
SAbDab_Chen,developability,cluster,classification,esm2_mean+max,mlp,500,500,13,575,0.7075844716031632,0.36960376076861745,False,,,,
SAbDab_Chen,developability,cluster,classification,esm2_mean+max,mlp,1000,1000,13,575,0.7666746545251218,0.4355981681736381,False,,,,
SAbDab_Chen,developability,cluster,classification,esm2_mean+max,mlp,all,1834,13,575,0.7790358654844636,0.455139850763862,False,,,,
SAbDab_Chen,developability,cluster,classification,esm2_mean+max,mlp,25,25,14,589,0.5657157464212679,0.2186297917739175,False,,,,
SAbDab_Chen,developability,cluster,classification,esm2_mean+max,mlp,50,50,14,589,0.6055725971370143,0.28732340867246664,False,,,,
SAbDab_Chen,developability,cluster,classification,esm2_mean+max,mlp,100,100,14,589,0.6336503067484662,0.33688880042193525,False,,,,
SAbDab_Chen,developability,cluster,classification,esm2_mean+max,mlp,200,200,14,589,0.7223006134969325,0.37698395152455505,False,,,,
SAbDab_Chen,developability,cluster,classification,esm2_mean+max,mlp,500,500,14,589,0.7029550102249489,0.3182121965839498,False,,,,
SAbDab_Chen,developability,cluster,classification,esm2_mean+max,mlp,1000,1000,14,589,0.735081799591002,0.34705345938855386,False,,,,
SAbDab_Chen,developability,cluster,classification,esm2_mean+max,mlp,all,1820,14,589,0.703200408997955,0.3055617781881454,False,,,,
SAbDab_Chen,developability,cluster,classification,esm2_mean+max,mlp,25,25,15,601,0.5055005790083167,0.20506406147881512,False,,,,
SAbDab_Chen,developability,cluster,classification,esm2_mean+max,mlp,50,50,15,601,0.5236077481840193,0.19646286299789703,False,,,,
SAbDab_Chen,developability,cluster,classification,esm2_mean+max,mlp,100,100,15,601,0.5799294662596063,0.23559079135403038,False,,,,
SAbDab_Chen,developability,cluster,classification,esm2_mean+max,mlp,200,200,15,601,0.7117152682738533,0.38645620762895105,False,,,,
SAbDab_Chen,developability,cluster,classification,esm2_mean+max,mlp,500,500,15,601,0.7282608695652174,0.42290716798660555,False,,,,
SAbDab_Chen,developability,cluster,classification,esm2_mean+max,mlp,1000,1000,15,601,0.7579306593676527,0.38960402087260027,False,,,,
SAbDab_Chen,developability,cluster,classification,esm2_mean+max,mlp,all,1808,15,601,0.7665631469979296,0.36576217023809565,False,,,,
SAbDab_Chen,developability,cluster,classification,esm2_mean+max,mlp,25,25,16,809,0.5805295740528902,0.3090371417159314,False,,,,
SAbDab_Chen,developability,cluster,classification,esm2_mean+max,mlp,50,50,16,809,0.6572993069107058,0.433638926616263,False,,,,
SAbDab_Chen,developability,cluster,classification,esm2_mean+max,mlp,100,100,16,809,0.7238913935805128,0.5237668126584072,False,,,,
SAbDab_Chen,developability,cluster,classification,esm2_mean+max,mlp,200,200,16,809,0.7182642487046632,0.5143083724123311,False,,,,
SAbDab_Chen,developability,cluster,classification,esm2_mean+max,mlp,500,500,16,809,0.7290643294529304,0.5360387768320286,False,,,,
SAbDab_Chen,developability,cluster,classification,esm2_mean+max,mlp,1000,1000,16,809,0.7569224816634144,0.5828375926305368,False,,,,
SAbDab_Chen,developability,cluster,classification,esm2_mean+max,mlp,all,1600,16,809,0.7202072538860103,0.48349503572084473,False,,,,
SAbDab_Chen,developability,cluster,classification,esm2_mean+max,mlp,25,25,17,713,0.4516845412198029,0.2261816771243153,False,,,,
SAbDab_Chen,developability,cluster,classification,esm2_mean+max,mlp,50,50,17,713,0.5023832737514895,0.25432686102408786,False,,,,
SAbDab_Chen,developability,cluster,classification,esm2_mean+max,mlp,100,100,17,713,0.6290217744556386,0.32800128502347364,False,,,,
SAbDab_Chen,developability,cluster,classification,esm2_mean+max,mlp,200,200,17,713,0.6712057198570036,0.4079212384985619,False,,,,
SAbDab_Chen,developability,cluster,classification,esm2_mean+max,mlp,500,500,17,713,0.7731123388581954,0.5091713161878192,False,,,,
SAbDab_Chen,developability,cluster,classification,esm2_mean+max,mlp,1000,1000,17,713,0.7956776080597985,0.48647805502348285,False,,,,
SAbDab_Chen,developability,cluster,classification,esm2_mean+max,mlp,all,1696,17,713,0.7902935759939335,0.4982505446647885,False,,,,
SAbDab_Chen,developability,cluster,classification,esm2_mean+max,mlp,25,25,18,769,0.48113715552739944,0.19197668644518293,False,,,,
SAbDab_Chen,developability,cluster,classification,esm2_mean+max,mlp,50,50,18,769,0.5833491711540492,0.24849712943412344,False,,,,
SAbDab_Chen,developability,cluster,classification,esm2_mean+max,mlp,100,100,18,769,0.5504170626121846,0.2567976233467599,False,,,,
SAbDab_Chen,developability,cluster,classification,esm2_mean+max,mlp,200,200,18,769,0.6595713229859572,0.3364286787203817,False,,,,
SAbDab_Chen,developability,cluster,classification,esm2_mean+max,mlp,500,500,18,769,0.7178545032203569,0.3758439888202457,False,,,,
SAbDab_Chen,developability,cluster,classification,esm2_mean+max,mlp,1000,1000,18,769,0.7381797064723894,0.3900316194791984,False,,,,
SAbDab_Chen,developability,cluster,classification,esm2_mean+max,mlp,all,1640,18,769,0.7352233132720938,0.4212811067511375,False,,,,
SAbDab_Chen,developability,cluster,classification,esm2_mean+max,mlp,25,25,19,512,0.5505605355979422,0.29549866553965853,False,,,,
SAbDab_Chen,developability,cluster,classification,esm2_mean+max,mlp,50,50,19,512,0.5898204938105187,0.29941395200361137,False,,,,
SAbDab_Chen,developability,cluster,classification,esm2_mean+max,mlp,100,100,19,512,0.5272516905933364,0.3086263908577687,False,,,,
SAbDab_Chen,developability,cluster,classification,esm2_mean+max,mlp,200,200,19,512,0.6487722136101188,0.37228431768297215,False,,,,
SAbDab_Chen,developability,cluster,classification,esm2_mean+max,mlp,500,500,19,512,0.7287973759295455,0.43391111963439666,False,,,,
SAbDab_Chen,developability,cluster,classification,esm2_mean+max,mlp,1000,1000,19,512,0.7796387409853744,0.525346741542396,False,,,,
SAbDab_Chen,developability,cluster,classification,esm2_mean+max,mlp,all,1897,19,512,0.7430410460335647,0.45278564989072484,False,,,,
TAP,CDR_Length,cluster,regression,cheap,linear,25,25,0,63,,,False,0.8036160917614132,0.678603135193687,0.3709829864279729,2.9467902437482145
TAP,CDR_Length,cluster,regression,cheap,linear,50,50,0,63,,,False,0.9050061178109992,0.6895230128520052,-0.04964772892606151,3.806622518329914
TAP,CDR_Length,cluster,regression,cheap,linear,100,100,0,63,,,False,0.9930528110653872,0.9923305288006342,0.9843779912649533,0.4643938559746877
TAP,CDR_Length,cluster,regression,cheap,linear,150,150,0,63,,,False,0.9936801648676933,0.9970251090286639,0.9938046844317682,0.29244873256310516
TAP,CDR_Length,cluster,regression,cheap,linear,all,178,0,63,,,False,0.9923289412934958,0.9935322005606857,0.9865208254947091,0.43136973841523996
TAP,CDR_Length,cluster,regression,cheap,linear,25,25,1,60,,,False,0.8424443225436292,0.7444561882384424,0.48231702287768075,2.310977912735562
TAP,CDR_Length,cluster,regression,cheap,linear,50,50,1,60,,,False,0.8586763365848127,0.585897914200745,-0.27134547065580605,3.621559648468153
TAP,CDR_Length,cluster,regression,cheap,linear,100,100,1,60,,,False,0.9928628485293988,0.9958435049246732,0.9914222405686438,0.2974752125626694
TAP,CDR_Length,cluster,regression,cheap,linear,150,150,1,60,,,False,0.9933377955839601,0.9974703269344319,0.9948695909834218,0.23005932837875356
TAP,CDR_Length,cluster,regression,cheap,linear,all,181,1,60,,,False,0.9919129544202764,0.9975485327480368,0.9950380684887787,0.2262503372589538
TAP,CDR_Length,cluster,regression,cheap,linear,25,25,2,68,,,False,0.6838689148823135,0.6811716413956147,0.4340157331532113,2.546316314437522
TAP,CDR_Length,cluster,regression,cheap,linear,50,50,2,68,,,False,0.7769112576132424,0.7518855152071697,0.4158387058070707,2.586881661181323
TAP,CDR_Length,cluster,regression,cheap,linear,100,100,2,68,,,False,0.9917975119477637,0.9967447627202635,0.9934927767781949,0.2730285267181212
TAP,CDR_Length,cluster,regression,cheap,linear,150,150,2,68,,,False,0.9920283862473442,0.9987371760833419,0.9972519046087439,0.17742960064657384
TAP,CDR_Length,cluster,regression,cheap,linear,all,173,2,68,,,False,0.9920283862473442,0.9985254305405713,0.9968760922371004,0.18917305365096027
TAP,CDR_Length,cluster,regression,cheap,linear,25,25,3,63,,,False,0.8769313003615062,0.8224308327671116,0.6500614648489407,2.2833191518807743
TAP,CDR_Length,cluster,regression,cheap,linear,50,50,3,63,,,False,0.9502740319743045,0.8300674056115823,0.5223322749448477,2.6676796978857453
TAP,CDR_Length,cluster,regression,cheap,linear,100,100,3,63,,,False,0.9953449843620579,0.9980707229853133,0.9959871881741695,0.24450915907179016
TAP,CDR_Length,cluster,regression,cheap,linear,150,150,3,63,,,False,0.9953449843620579,0.9984790785620424,0.9968211960368393,0.2176219049455343
TAP,CDR_Length,cluster,regression,cheap,linear,all,178,3,63,,,False,0.9953449843620579,0.9985757909196528,0.9970441810217526,0.20985032748367347
TAP,CDR_Length,cluster,regression,cheap,linear,25,25,4,57,,,False,0.8338064152574244,0.8291991609408383,0.6313045289389051,2.194556332896408
TAP,CDR_Length,cluster,regression,cheap,linear,50,50,4,57,,,False,0.9685413006969441,0.978663152974512,0.944656913203307,0.8502458507185413
TAP,CDR_Length,cluster,regression,cheap,linear,100,100,4,57,,,False,0.9945570506887702,0.9959771859397585,0.9908980794216217,0.3448096032077097
TAP,CDR_Length,cluster,regression,cheap,linear,150,150,4,57,,,False,0.9953385000001643,0.9975843632206162,0.9946816965177195,0.2635720716061224
TAP,CDR_Length,cluster,regression,cheap,linear,all,184,4,57,,,False,0.9953385000001643,0.99806338059518,0.995887909770482,0.23176302448854996
TAP,CDR_Length,cluster,regression,cheap,linear,25,25,5,68,,,False,0.8781180099478983,0.8588210553854948,0.7223626155438223,1.8574964233847306
TAP,CDR_Length,cluster,regression,cheap,linear,50,50,5,68,,,False,0.9511778273370236,0.9602571307718086,0.9012136024565397,1.1079944579972976
TAP,CDR_Length,cluster,regression,cheap,linear,100,100,5,68,,,False,0.9935483016380418,0.9969017904993835,0.9937155295009217,0.27946238425339975
TAP,CDR_Length,cluster,regression,cheap,linear,150,150,5,68,,,False,0.9935483016380418,0.9971559211826315,0.9943087317266659,0.2659460491355237
TAP,CDR_Length,cluster,regression,cheap,linear,all,173,5,68,,,False,0.9932605890465908,0.9970685730027187,0.9941222221017105,0.2702686048364295
TAP,CDR_Length,cluster,regression,cheap,linear,25,25,6,56,,,False,0.9457793730216791,0.6936800606057303,-0.5656160610764192,4.683225765420765
TAP,CDR_Length,cluster,regression,cheap,linear,50,50,6,56,,,False,0.9856143032621351,0.6360805627286805,-2.714963822449973,7.214060079743093
TAP,CDR_Length,cluster,regression,cheap,linear,100,100,6,56,,,False,0.988873836744343,0.963429140349151,0.9022437927667729,1.1702391740768412
TAP,CDR_Length,cluster,regression,cheap,linear,150,150,6,56,,,False,0.9945008208609966,0.9974694586251983,0.9940324368125197,0.28913520442674884
TAP,CDR_Length,cluster,regression,cheap,linear,all,185,6,56,,,False,0.9940890903158756,0.9974698612727448,0.993870194106161,0.2930392685690996
TAP,CDR_Length,cluster,regression,cheap,linear,25,25,7,59,,,False,0.8681517701036645,0.7904527346913487,0.5988392771101138,2.370689431556686
TAP,CDR_Length,cluster,regression,cheap,linear,50,50,7,59,,,False,0.8803825646620357,0.6393171056482396,0.26024456457210177,3.2192858703995415
TAP,CDR_Length,cluster,regression,cheap,linear,100,100,7,59,,,False,0.995680534467688,0.9976450258005662,0.9948886087549367,0.26759933102445543
TAP,CDR_Length,cluster,regression,cheap,linear,150,150,7,59,,,False,0.9963258042045806,0.9988377639745065,0.9976643467662119,0.18089211789937384
TAP,CDR_Length,cluster,regression,cheap,linear,all,182,7,59,,,False,0.9963258042045806,0.9990492073020613,0.9980505876906868,0.16525983432554206
TAP,CDR_Length,cluster,regression,cheap,linear,25,25,8,63,,,False,0.8646437162325901,0.8687173664620053,0.7454607085116789,1.8519294773746569
TAP,CDR_Length,cluster,regression,cheap,linear,50,50,8,63,,,False,0.946042926795928,0.9480260421117508,0.8919040880357934,1.2068454681029117
TAP,CDR_Length,cluster,regression,cheap,linear,100,100,8,63,,,False,0.9953210160801275,0.9977732123151279,0.9950759225911344,0.25757841402758974
TAP,CDR_Length,cluster,regression,cheap,linear,150,150,8,63,,,False,0.9960439220353969,0.9983178379092074,0.9965254348935403,0.21637010506106372
TAP,CDR_Length,cluster,regression,cheap,linear,all,178,8,63,,,False,0.9960439220353969,0.9987814461490194,0.9975026538180133,0.18343677362221655
TAP,CDR_Length,cluster,regression,cheap,linear,25,25,9,64,,,False,0.8397297748961755,0.7727241979980115,0.5460510634454228,2.597190304755443
TAP,CDR_Length,cluster,regression,cheap,linear,50,50,9,64,,,False,0.9480961444510106,0.8233921940181206,0.2633453682587118,3.30850833738268
TAP,CDR_Length,cluster,regression,cheap,linear,100,100,9,64,,,False,0.992300948382683,0.9983731829430949,0.9966418417711373,0.22338337546022816
TAP,CDR_Length,cluster,regression,cheap,linear,150,150,9,64,,,False,0.992300948382683,0.9990334220130997,0.9979990772230448,0.172431035167159
TAP,CDR_Length,cluster,regression,cheap,linear,all,177,9,64,,,False,0.992300948382683,0.9991405218550831,0.998166671903332,0.16505183939122584
TAP,CDR_Length,cluster,regression,cheap,linear,25,25,10,62,,,False,0.8818559682097644,0.8872189459061305,0.7722673764516741,1.8750506440940835
TAP,CDR_Length,cluster,regression,cheap,linear,50,50,10,62,,,False,0.9585171097778592,0.9672829867143143,0.934169567530663,1.0081234840679192
TAP,CDR_Length,cluster,regression,cheap,linear,100,100,10,62,,,False,0.9945468349541569,0.9976536569983029,0.9950735512835995,0.27578291687684087
TAP,CDR_Length,cluster,regression,cheap,linear,150,150,10,62,,,False,0.9956593317315304,0.997991319562556,0.9956911136625379,0.2579187389152492
TAP,CDR_Length,cluster,regression,cheap,linear,all,179,10,62,,,False,0.9954064915548546,0.9978941503348885,0.9954993760408488,0.2635947410847372
TAP,CDR_Length,cluster,regression,cheap,linear,25,25,11,62,,,False,0.8750499749385516,0.7348109249784538,0.5259871100024356,2.6549081239828256
TAP,CDR_Length,cluster,regression,cheap,linear,50,50,11,62,,,False,0.9733233005430462,0.9781063056795666,0.9522381912595697,0.8427423194323861
TAP,CDR_Length,cluster,regression,cheap,linear,100,100,11,62,,,False,0.9932056258777006,0.9964467331636302,0.9924318794324523,0.3354659469626502
TAP,CDR_Length,cluster,regression,cheap,linear,150,150,11,62,,,False,0.9937874242017426,0.9972670753134923,0.9943628564626793,0.28952359797772265
TAP,CDR_Length,cluster,regression,cheap,linear,all,179,11,62,,,False,0.9937874242017426,0.9973485083787174,0.9945263613662536,0.28529389720013515
TAP,CDR_Length,cluster,regression,cheap,linear,25,25,12,62,,,False,0.7600785567961126,0.7270817666786591,0.4913135424107443,2.466091770189887
TAP,CDR_Length,cluster,regression,cheap,linear,50,50,12,62,,,False,0.8455051074500127,0.7070241642047396,0.3849925460463316,2.711591948515118
TAP,CDR_Length,cluster,regression,cheap,linear,100,100,12,62,,,False,0.9925582805969754,0.9954368840756583,0.9904831056754967,0.3373119827278284
TAP,CDR_Length,cluster,regression,cheap,linear,150,150,12,62,,,False,0.9924316852344178,0.995519764739916,0.990576899597072,0.3356456748524866
TAP,CDR_Length,cluster,regression,cheap,linear,all,179,12,62,,,False,0.9928114713220908,0.9960339222235315,0.9918341763351717,0.3124526012605315
TAP,CDR_Length,cluster,regression,cheap,linear,25,25,13,61,,,False,0.8320903529364766,0.6732918161742164,-0.16308421860633215,4.079768801670494
TAP,CDR_Length,cluster,regression,cheap,linear,50,50,13,61,,,False,0.9520982787588401,0.7806421045597225,0.1958255819642185,3.3923847151333533
TAP,CDR_Length,cluster,regression,cheap,linear,100,100,13,61,,,False,0.983587084074177,0.9531914464952765,0.8778331615941906,1.3222288790430639
TAP,CDR_Length,cluster,regression,cheap,linear,150,150,13,61,,,False,0.994685162170139,0.9976913839918286,0.9946149754326598,0.2776027829150869
TAP,CDR_Length,cluster,regression,cheap,linear,all,180,13,61,,,False,0.994685162170139,0.9981053674451008,0.9956281382723657,0.2501285007007635
TAP,CDR_Length,cluster,regression,cheap,linear,25,25,14,59,,,False,0.8487518546106173,0.6935510413205315,0.186525451190244,3.3649283990862
TAP,CDR_Length,cluster,regression,cheap,linear,50,50,14,59,,,False,0.9710286699355073,0.6550639500421914,-1.2171043311693661,5.555164295124436
TAP,CDR_Length,cluster,regression,cheap,linear,100,100,14,59,,,False,0.9951086088613251,0.997237872560667,0.9943201700497701,0.281171636980456
TAP,CDR_Length,cluster,regression,cheap,linear,150,150,14,59,,,False,0.9963404693179444,0.9985556004512784,0.9969502577569443,0.20603234724859032
TAP,CDR_Length,cluster,regression,cheap,linear,all,182,14,59,,,False,0.9963404693179444,0.9986669165975166,0.9972573220670224,0.19538501329691738
TAP,CDR_Length,cluster,regression,cheap,linear,25,25,15,58,,,False,0.8804995652123941,0.8800883738207137,0.7619482124956448,1.8921199028968194
TAP,CDR_Length,cluster,regression,cheap,linear,50,50,15,58,,,False,0.9251013979673831,0.9246661118689173,0.8499844179010949,1.5020386789586786
TAP,CDR_Length,cluster,regression,cheap,linear,100,100,15,58,,,False,0.9916329806691733,0.9971096707473361,0.9940541591553324,0.2990333117329722
TAP,CDR_Length,cluster,regression,cheap,linear,150,150,15,58,,,False,0.9911999531666976,0.9975205604522686,0.9949136439450581,0.276577158050725
TAP,CDR_Length,cluster,regression,cheap,linear,all,183,15,58,,,False,0.9920350776357576,0.9977542026767661,0.9953916082592236,0.26326166602952883
TAP,CDR_Length,cluster,regression,cheap,linear,25,25,16,55,,,False,0.7157774229242917,0.7931521738366444,0.5414547510395358,2.417857536110985
TAP,CDR_Length,cluster,regression,cheap,linear,50,50,16,55,,,False,0.921805936039897,0.9559195699626243,0.9132379641902004,1.051730517764382
TAP,CDR_Length,cluster,regression,cheap,linear,100,100,16,55,,,False,0.9929767801932159,0.9991575572116259,0.9982791286664288,0.14812003603344176
TAP,CDR_Length,cluster,regression,cheap,linear,150,150,16,55,,,False,0.9929767801932159,0.9992319746097198,0.998330784259769,0.14588003022720694
TAP,CDR_Length,cluster,regression,cheap,linear,all,186,16,55,,,False,0.9929767801932159,0.9984126155872761,0.9967715447100147,0.2028789540291408
TAP,CDR_Length,cluster,regression,cheap,linear,25,25,17,58,,,False,0.8027015391164553,0.7926063264876408,0.507686483864747,2.7701779204734334
TAP,CDR_Length,cluster,regression,cheap,linear,50,50,17,58,,,False,0.8497230056138474,0.7382201479483259,0.42593022044598206,2.9913630607078514
TAP,CDR_Length,cluster,regression,cheap,linear,100,100,17,58,,,False,0.9955142673754729,0.9980792692609232,0.9956127705797722,0.26150617990430336
TAP,CDR_Length,cluster,regression,cheap,linear,150,150,17,58,,,False,0.9956687399986575,0.9984937156114286,0.996790229239867,0.22367826843485647
TAP,CDR_Length,cluster,regression,cheap,linear,all,183,17,58,,,False,0.9956687399986575,0.9990254267472961,0.9978770515911023,0.18190997071679052
TAP,CDR_Length,cluster,regression,cheap,linear,25,25,18,56,,,False,0.8122676165323687,0.7435535303752321,0.4418119446430404,2.597435453363761
TAP,CDR_Length,cluster,regression,cheap,linear,50,50,18,56,,,False,0.9437138408437576,0.9536485555841039,0.9013154912457093,1.0921416921392335
TAP,CDR_Length,cluster,regression,cheap,linear,100,100,18,56,,,False,0.9951179677492302,0.997379215553834,0.9944175133501946,0.2597576467946833
TAP,CDR_Length,cluster,regression,cheap,linear,150,150,18,56,,,False,0.9949462772786041,0.9977709177720947,0.9951944104896056,0.24100598635680834
TAP,CDR_Length,cluster,regression,cheap,linear,all,185,18,56,,,False,0.9949462772786041,0.9977167546355283,0.9952972426360649,0.23841346561711374
TAP,CDR_Length,cluster,regression,cheap,linear,25,25,19,64,,,False,0.759768588855246,0.4659931128313992,-0.5640475368289077,4.843271252422795
TAP,CDR_Length,cluster,regression,cheap,linear,50,50,19,64,,,False,0.7949336784279293,0.3990536325828251,-2.8659605195424214,7.614519896288874
TAP,CDR_Length,cluster,regression,cheap,linear,100,100,19,64,,,False,0.991646314400332,0.9970710926049646,0.9941158137628707,0.29706878738229714
TAP,CDR_Length,cluster,regression,cheap,linear,150,150,19,64,,,False,0.9941334327198145,0.9980930609088801,0.995750604080294,0.25245118685402834
TAP,CDR_Length,cluster,regression,cheap,linear,all,177,19,64,,,False,0.9941334327198145,0.998582928197799,0.9967225366264257,0.22170870336097862
TAP,CDR_Length,cluster,regression,cheap,mlp,25,25,0,63,,,False,0.18328382624289732,0.19164351690933137,-24.949728549018875,18.927115691636594
TAP,CDR_Length,cluster,regression,cheap,mlp,50,50,0,63,,,False,0.3219772745372857,0.33716595590949694,-18.503342458126824,16.40863862445965
TAP,CDR_Length,cluster,regression,cheap,mlp,100,100,0,63,,,False,0.199739799057228,0.25567318456608773,-8.477716894426335,11.438521507189988
TAP,CDR_Length,cluster,regression,cheap,mlp,150,150,0,63,,,False,0.3164517352785148,0.29317524103636056,-6.751971152797835,10.344847696971895
TAP,CDR_Length,cluster,regression,cheap,mlp,all,178,0,63,,,False,0.36174185400651876,0.32751432967457456,-6.7011419516964965,10.310876651800056
TAP,CDR_Length,cluster,regression,cheap,mlp,25,25,1,60,,,False,0.1947841684942025,0.2985328621603779,-41.82372626240254,21.01871104026764
TAP,CDR_Length,cluster,regression,cheap,mlp,50,50,1,60,,,False,0.2646572616387809,0.35305566325357385,-29.86438356755796,17.84401814891365
TAP,CDR_Length,cluster,regression,cheap,mlp,100,100,1,60,,,False,0.4318386248443614,0.4652701911417558,-12.336795801288675,11.72977288858546
TAP,CDR_Length,cluster,regression,cheap,mlp,150,150,1,60,,,False,0.46838160998354916,0.4849193649934945,-11.271944057919848,11.251761965318602
TAP,CDR_Length,cluster,regression,cheap,mlp,all,181,1,60,,,False,0.4553345350141298,0.531953119285135,-11.651661033264556,11.424511162827011
TAP,CDR_Length,cluster,regression,cheap,mlp,25,25,2,68,,,False,0.041403457724764066,-0.014671252203264595,-33.06242768874032,19.75367808322797
TAP,CDR_Length,cluster,regression,cheap,mlp,50,50,2,68,,,False,0.4515708904544319,0.36992934905308295,-18.337911093413823,14.883838629990128
TAP,CDR_Length,cluster,regression,cheap,mlp,100,100,2,68,,,False,0.3793264742107102,0.3694490943835697,-11.099699862443101,11.773279976835191
TAP,CDR_Length,cluster,regression,cheap,mlp,150,150,2,68,,,False,0.40941709125603126,0.3914840737838361,-8.950779480141893,10.676741406411649
TAP,CDR_Length,cluster,regression,cheap,mlp,all,173,2,68,,,False,0.3691680050291695,0.3407869632193357,-8.26503431715212,10.302288068645977
TAP,CDR_Length,cluster,regression,cheap,mlp,25,25,3,63,,,False,0.2001439511379163,0.16455347766563183,-17.64594713329377,16.667211978123106
TAP,CDR_Length,cluster,regression,cheap,mlp,50,50,3,63,,,False,0.1279099167496293,0.11632457895511168,-11.308262124939017,13.541572617587414
TAP,CDR_Length,cluster,regression,cheap,mlp,100,100,3,63,,,False,0.3292348714527862,0.37809514589035836,-8.27227766228777,11.753411696268898
TAP,CDR_Length,cluster,regression,cheap,mlp,150,150,3,63,,,False,0.4120979379282385,0.34534026515642313,-6.404558118288999,10.503167894270486
TAP,CDR_Length,cluster,regression,cheap,mlp,all,178,3,63,,,False,0.4362723578453062,0.42661580636402563,-5.986806198928258,10.202581745043988
TAP,CDR_Length,cluster,regression,cheap,mlp,25,25,4,57,,,False,-0.18298938041810078,-0.16887063727178367,-32.73315066845825,20.991394229365376
TAP,CDR_Length,cluster,regression,cheap,mlp,50,50,4,57,,,False,-0.24739382783215833,-0.24121321831930898,-19.518705245572566,16.37147496587758
TAP,CDR_Length,cluster,regression,cheap,mlp,100,100,4,57,,,False,-0.06043208008113791,-0.045275692658772564,-12.571923758709545,13.314765976887376
TAP,CDR_Length,cluster,regression,cheap,mlp,150,150,4,57,,,False,0.31192851679811484,0.3203194159350318,-7.648843518029594,10.628986408832942
TAP,CDR_Length,cluster,regression,cheap,mlp,all,184,4,57,,,False,0.34657276960324995,0.32232170826578893,-7.7100098205772944,10.666505319435586
TAP,CDR_Length,cluster,regression,cheap,mlp,25,25,5,68,,,False,0.28529580568281687,0.22823876174310528,-20.16141741868849,16.21665923928579
TAP,CDR_Length,cluster,regression,cheap,mlp,50,50,5,68,,,False,0.25792474781611124,0.20699660501329054,-12.81959760946588,13.104990572468447
TAP,CDR_Length,cluster,regression,cheap,mlp,100,100,5,68,,,False,0.07382705096632797,0.046467104401141546,-9.651359503159773,11.505130141356263
TAP,CDR_Length,cluster,regression,cheap,mlp,150,150,5,68,,,False,0.13031462308787536,0.10371378280294756,-7.189417333702766,10.088242557705065
TAP,CDR_Length,cluster,regression,cheap,mlp,all,173,5,68,,,False,0.21041380854783523,0.18084595881308152,-5.594420553562009,9.0526834458818
TAP,CDR_Length,cluster,regression,cheap,mlp,25,25,6,56,,,False,0.131547909166157,0.07800049980244524,-19.369934622253016,16.89263031998902
TAP,CDR_Length,cluster,regression,cheap,mlp,50,50,6,56,,,False,0.21543800773455915,0.22395849371818094,-15.697981846384227,15.294470732032789
TAP,CDR_Length,cluster,regression,cheap,mlp,100,100,6,56,,,False,0.16561861177491913,0.18269835267450057,-11.810116368155901,13.396119034749729
TAP,CDR_Length,cluster,regression,cheap,mlp,150,150,6,56,,,False,0.27685448071510715,0.2876998495238746,-8.31565242803955,11.423760740695737
TAP,CDR_Length,cluster,regression,cheap,mlp,all,185,6,56,,,False,0.28361372383084343,0.28187622078936814,-6.490884148454773,10.243986576160156
TAP,CDR_Length,cluster,regression,cheap,mlp,25,25,7,59,,,False,0.2848865888380314,0.3533579207362151,-22.344214780912274,18.084441298372166
TAP,CDR_Length,cluster,regression,cheap,mlp,50,50,7,59,,,False,0.34856297969228517,0.41864901951048183,-13.79547667306865,14.397263122005343
TAP,CDR_Length,cluster,regression,cheap,mlp,100,100,7,59,,,False,0.3475070837591884,0.35025916858809963,-9.943875178407081,12.382291577085349
TAP,CDR_Length,cluster,regression,cheap,mlp,150,150,7,59,,,False,0.451131537415604,0.3800771284930043,-5.954482179284724,9.870697902433944
TAP,CDR_Length,cluster,regression,cheap,mlp,all,182,7,59,,,False,0.4231502951885391,0.38582063653459286,-5.70274260035569,9.69040061906847
TAP,CDR_Length,cluster,regression,cheap,mlp,25,25,8,63,,,False,0.18287110981799026,0.1915542952225343,-20.081527777486457,16.85380906325467
TAP,CDR_Length,cluster,regression,cheap,mlp,50,50,8,63,,,False,0.17205161735412444,0.2079947223394625,-11.084508509817981,12.760318803847502
TAP,CDR_Length,cluster,regression,cheap,mlp,100,100,8,63,,,False,0.2694511463940924,0.31417819634444516,-10.207347679066338,12.288488050577609
TAP,CDR_Length,cluster,regression,cheap,mlp,150,150,8,63,,,False,0.31856055762206237,0.3126860236772348,-7.456006831982581,10.674061275685963
TAP,CDR_Length,cluster,regression,cheap,mlp,all,178,8,63,,,False,0.2767765934074893,0.33498470346227244,-6.654010499336943,10.155271900000912
TAP,CDR_Length,cluster,regression,cheap,mlp,25,25,9,64,,,False,0.050088011135522074,0.05109856603896239,-19.245926919900537,17.344792311394134
TAP,CDR_Length,cluster,regression,cheap,mlp,50,50,9,64,,,False,0.1441039693931234,0.31543336005460476,-12.725415672966506,14.281144860111414
TAP,CDR_Length,cluster,regression,cheap,mlp,100,100,9,64,,,False,0.07747376388442338,0.15133018422669473,-9.706043706186781,12.612894917370047
TAP,CDR_Length,cluster,regression,cheap,mlp,150,150,9,64,,,False,0.2136642428033487,0.24592481372060937,-7.635629205229025,11.327844133878697
TAP,CDR_Length,cluster,regression,cheap,mlp,all,177,9,64,,,False,0.2181862373600333,0.24238029041960554,-6.139124467551054,10.299656675589553
TAP,CDR_Length,cluster,regression,cheap,mlp,25,25,10,62,,,False,-0.14998479280406912,-0.044466975922614324,-19.951837069888096,17.98504097823205
TAP,CDR_Length,cluster,regression,cheap,mlp,50,50,10,62,,,False,0.17928896928079133,0.30139458601101493,-12.566543244293701,14.472214118306526
TAP,CDR_Length,cluster,regression,cheap,mlp,100,100,10,62,,,False,0.49136959935169916,0.477957170892301,-5.761638866802204,10.217069873133969
TAP,CDR_Length,cluster,regression,cheap,mlp,150,150,10,62,,,False,0.5268683601569778,0.5646695370758503,-5.438492517755666,9.969938405899624
TAP,CDR_Length,cluster,regression,cheap,mlp,all,179,10,62,,,False,0.5225953611711572,0.5281355959696724,-5.021784136837254,9.641907688373998
TAP,CDR_Length,cluster,regression,cheap,mlp,25,25,11,62,,,False,0.15141933772677046,0.10956190594484821,-18.957756968546445,17.22702505900205
TAP,CDR_Length,cluster,regression,cheap,mlp,50,50,11,62,,,False,0.26823432296269195,0.28947637452864944,-13.420503688619041,14.64349136814278
TAP,CDR_Length,cluster,regression,cheap,mlp,100,100,11,62,,,False,0.22045097365332522,0.18859711403263496,-8.084832936900044,11.622856964846804
TAP,CDR_Length,cluster,regression,cheap,mlp,150,150,11,62,,,False,0.25647187858532006,0.31359536804418225,-5.719878669408715,9.996204596387118
TAP,CDR_Length,cluster,regression,cheap,mlp,all,179,11,62,,,False,0.2507297820828181,0.28068616427940224,-5.704300052058492,9.984610830052011
TAP,CDR_Length,cluster,regression,cheap,mlp,25,25,12,62,,,False,0.15419315159521405,0.1210418199128205,-21.9170067366702,16.5524807754717
TAP,CDR_Length,cluster,regression,cheap,mlp,50,50,12,62,,,False,0.11229008658863289,0.09917422447676297,-11.771497822500136,12.356772835939031
TAP,CDR_Length,cluster,regression,cheap,mlp,100,100,12,62,,,False,0.014203999678967995,-0.0031807669378225998,-8.514402089025818,10.665344707646534
TAP,CDR_Length,cluster,regression,cheap,mlp,150,150,12,62,,,False,0.20840128584239845,0.17627772706810976,-8.81518373108498,10.832616359536178
TAP,CDR_Length,cluster,regression,cheap,mlp,all,179,12,62,,,False,0.2604572989261029,0.2146132701863513,-8.739850627600873,10.790965255134822
TAP,CDR_Length,cluster,regression,cheap,mlp,25,25,13,61,,,False,0.35046562408300863,0.24374122893120403,-30.6715510445742,21.289459581129286
TAP,CDR_Length,cluster,regression,cheap,mlp,50,50,13,61,,,False,0.4422769974223301,0.4915791565883895,-14.16759401042029,14.732902635364253
TAP,CDR_Length,cluster,regression,cheap,mlp,100,100,13,61,,,False,0.3211805041312239,0.36462607124281954,-9.425318940755558,12.214470533122748
TAP,CDR_Length,cluster,regression,cheap,mlp,150,150,13,61,,,False,0.46654408684747184,0.5596542178771067,-6.461418240624152,10.333338667513607
TAP,CDR_Length,cluster,regression,cheap,mlp,all,180,13,61,,,False,0.5107239958227844,0.5500315591885712,-5.825906038423797,9.883485373854548
TAP,CDR_Length,cluster,regression,cheap,mlp,25,25,14,59,,,False,0.16333883054552936,0.04611264270175627,-25.273236296110273,19.123202703749783
TAP,CDR_Length,cluster,regression,cheap,mlp,50,50,14,59,,,False,0.3526053907018053,0.3454234315518089,-9.151242366185622,11.886758547379348
TAP,CDR_Length,cluster,regression,cheap,mlp,100,100,14,59,,,False,0.21035483797316148,0.24571044671512518,-6.605796395077675,10.289071620423256
TAP,CDR_Length,cluster,regression,cheap,mlp,150,150,14,59,,,False,0.2968490400343513,0.29830626249186215,-5.4655432190690245,9.486507451552612
TAP,CDR_Length,cluster,regression,cheap,mlp,all,182,14,59,,,False,0.36084712375680505,0.3195783457887518,-4.923363157776329,9.080045453060274
TAP,CDR_Length,cluster,regression,cheap,mlp,25,25,15,58,,,False,0.007670772900996723,-0.03839283641227879,-20.749296195912436,18.085708822105346
TAP,CDR_Length,cluster,regression,cheap,mlp,50,50,15,58,,,False,0.15957063466226654,0.12124776330394356,-11.517571449322539,13.720595786656721
TAP,CDR_Length,cluster,regression,cheap,mlp,100,100,15,58,,,False,0.41774781774541025,0.38337005337444297,-6.673260794952164,10.742439341869217
TAP,CDR_Length,cluster,regression,cheap,mlp,150,150,15,58,,,False,0.3382563405052426,0.2649628705203527,-7.123565799390363,11.053155549385755
TAP,CDR_Length,cluster,regression,cheap,mlp,all,183,15,58,,,False,0.4348524040931973,0.33243689002955173,-6.802006750574304,10.832185569439687
TAP,CDR_Length,cluster,regression,cheap,mlp,25,25,16,55,,,False,0.16097907628553124,0.19439209819725375,-23.35028618062764,17.61942144848127
TAP,CDR_Length,cluster,regression,cheap,mlp,50,50,16,55,,,False,0.17997976617434477,0.1951987712057921,-18.2886257127735,15.681595668922782
TAP,CDR_Length,cluster,regression,cheap,mlp,100,100,16,55,,,False,0.24370292117430456,0.2631948109370307,-10.282035450190799,11.993152029140166
TAP,CDR_Length,cluster,regression,cheap,mlp,150,150,16,55,,,False,0.24464750614009642,0.27585628485664454,-9.559012727552792,11.602491679541016
TAP,CDR_Length,cluster,regression,cheap,mlp,all,186,16,55,,,False,0.2886070372404108,0.33196634294407634,-6.878932778064929,10.022436343233414
TAP,CDR_Length,cluster,regression,cheap,mlp,25,25,17,58,,,False,0.1321049873474699,0.08764084363417322,-20.75811137912866,18.416088003351927
TAP,CDR_Length,cluster,regression,cheap,mlp,50,50,17,58,,,False,0.28676297767989134,0.2463162957342155,-12.816588392551768,14.675306949167108
TAP,CDR_Length,cluster,regression,cheap,mlp,100,100,17,58,,,False,0.5103775470019183,0.4564655354308962,-9.665087438137927,12.893445653367825
TAP,CDR_Length,cluster,regression,cheap,mlp,150,150,17,58,,,False,0.4879172275908774,0.4199857991705784,-7.636505336821248,11.602612997573017
TAP,CDR_Length,cluster,regression,cheap,mlp,all,183,17,58,,,False,0.4825415803040533,0.4257718000166454,-7.080490069435234,11.222913981692077
TAP,CDR_Length,cluster,regression,cheap,mlp,25,25,18,56,,,False,-0.1002328967515529,-0.17285620505453247,-33.640123363057874,20.46181763315444
TAP,CDR_Length,cluster,regression,cheap,mlp,50,50,18,56,,,False,0.03080127043033332,0.003937244890983384,-14.547709690740644,13.708429601139992
TAP,CDR_Length,cluster,regression,cheap,mlp,100,100,18,56,,,False,0.07118286912160643,0.14582366174412614,-10.077088811888474,11.570904616745198
TAP,CDR_Length,cluster,regression,cheap,mlp,150,150,18,56,,,False,0.11438019153114859,0.15661831075996885,-9.175339377192024,11.089933609913327
TAP,CDR_Length,cluster,regression,cheap,mlp,all,185,18,56,,,False,0.08927904472560381,0.14396439847919607,-9.024635925780492,11.007502661258927
TAP,CDR_Length,cluster,regression,cheap,mlp,25,25,19,64,,,False,-0.005457842978864371,-0.045838288760112644,-25.22774135666313,19.833267280895566
TAP,CDR_Length,cluster,regression,cheap,mlp,50,50,19,64,,,False,0.11341720114306761,0.005343553261235229,-13.189431668106348,14.588018956361163
TAP,CDR_Length,cluster,regression,cheap,mlp,100,100,19,64,,,False,0.2743199390895881,0.2517920189618024,-6.7607076349638335,10.7885848093411
TAP,CDR_Length,cluster,regression,cheap,mlp,150,150,19,64,,,False,0.16956159431805218,0.10617744253877695,-6.055236146642943,10.28654655225858
TAP,CDR_Length,cluster,regression,cheap,mlp,all,177,19,64,,,False,0.21085236419612732,0.1409251028425169,-6.216051219876977,10.403120335594556
TAP,CDR_Length,cluster,regression,esm2_mean,linear,25,25,0,63,,,False,0.7302156968916275,0.7438760254272274,0.48597252368927,2.663858578238263
TAP,CDR_Length,cluster,regression,esm2_mean,linear,50,50,0,63,,,False,0.9087461116324378,0.8959504301307929,0.753466784954071,1.8448272966093022
TAP,CDR_Length,cluster,regression,esm2_mean,linear,100,100,0,63,,,False,0.9605751872998608,0.9604405064281234,0.9156829118728638,1.0788867469351302
TAP,CDR_Length,cluster,regression,esm2_mean,linear,150,150,0,63,,,False,0.9771276760837768,0.9827902043051644,0.9625389575958252,0.7191309153466438
TAP,CDR_Length,cluster,regression,esm2_mean,linear,all,178,0,63,,,False,0.9796129623006039,0.9844656081459715,0.9667644500732422,0.6773597379574131
TAP,CDR_Length,cluster,regression,esm2_mean,linear,25,25,1,60,,,False,0.8162104822946251,0.8052822139556417,0.6343368291854858,1.9422470368021771
TAP,CDR_Length,cluster,regression,esm2_mean,linear,50,50,1,60,,,False,0.8609951957335532,0.8646703416161241,0.7429772615432739,1.6283569948906809
TAP,CDR_Length,cluster,regression,esm2_mean,linear,100,100,1,60,,,False,0.9520174018371264,0.945427496132158,0.8887749314308167,1.0711867490305624
TAP,CDR_Length,cluster,regression,esm2_mean,linear,150,150,1,60,,,False,0.9589739792833479,0.9640902386311759,0.9284593462944031,0.8590932951680165
TAP,CDR_Length,cluster,regression,esm2_mean,linear,all,181,1,60,,,False,0.9663216895980316,0.9714139948386894,0.9416326284408569,0.7759769424797361
TAP,CDR_Length,cluster,regression,esm2_mean,linear,25,25,2,68,,,False,0.7000685949028763,0.7175475717463345,0.4828404188156128,2.4340105674887043
TAP,CDR_Length,cluster,regression,esm2_mean,linear,50,50,2,68,,,False,0.8729742057636825,0.8701967408471971,0.7450388073921204,1.7090202057628756
TAP,CDR_Length,cluster,regression,esm2_mean,linear,100,100,2,68,,,False,0.9379076025206894,0.9394871244984597,0.8782574534416199,1.180949571717502
TAP,CDR_Length,cluster,regression,esm2_mean,linear,150,150,2,68,,,False,0.9571278879607633,0.9634788267026622,0.9249224662780762,0.9273960101342916
TAP,CDR_Length,cluster,regression,esm2_mean,linear,all,173,2,68,,,False,0.9626496316257296,0.9689580789808367,0.9357556104660034,0.8578823660156727
TAP,CDR_Length,cluster,regression,esm2_mean,linear,25,25,3,63,,,False,0.6381275590471425,0.6732394339048227,0.3999846577644348,2.989867331162663
TAP,CDR_Length,cluster,regression,esm2_mean,linear,50,50,3,63,,,False,0.8930315122305005,0.8966077329311153,0.7871190905570984,1.7808981111101256
TAP,CDR_Length,cluster,regression,esm2_mean,linear,100,100,3,63,,,False,0.9593605287925844,0.9472385749675387,0.8804785013198853,1.3344237712376144
TAP,CDR_Length,cluster,regression,esm2_mean,linear,150,150,3,63,,,False,0.9754125364344259,0.9692705514243619,0.9276623725891113,1.0381327436456145
TAP,CDR_Length,cluster,regression,esm2_mean,linear,all,178,3,63,,,False,0.9766658463403954,0.9718144647810879,0.9332801699638367,0.9970071514786859
TAP,CDR_Length,cluster,regression,esm2_mean,linear,25,25,4,57,,,False,0.7090675689261532,0.7454886292071032,0.4924190640449524,2.5749302928738214
TAP,CDR_Length,cluster,regression,esm2_mean,linear,50,50,4,57,,,False,0.8917639058524812,0.9090009278294107,0.8189736604690552,1.5377430453576544
TAP,CDR_Length,cluster,regression,esm2_mean,linear,100,100,4,57,,,False,0.9564939571462863,0.9677424969038659,0.9339054822921753,0.9291706140863771
TAP,CDR_Length,cluster,regression,esm2_mean,linear,150,150,4,57,,,False,0.9707228466912526,0.9809110797604397,0.9595926403999329,0.7265124715618576
TAP,CDR_Length,cluster,regression,esm2_mean,linear,all,184,4,57,,,False,0.9703321220355554,0.9791096559435282,0.953070878982544,0.7829498119382733
TAP,CDR_Length,cluster,regression,esm2_mean,linear,25,25,5,68,,,False,0.6611635351544103,0.6928816293047199,0.4400790333747864,2.637863910986262
TAP,CDR_Length,cluster,regression,esm2_mean,linear,50,50,5,68,,,False,0.8072064465749407,0.8350399059246534,0.684396505355835,1.9804320207463992
TAP,CDR_Length,cluster,regression,esm2_mean,linear,100,100,5,68,,,False,0.9496433601826183,0.9614075468465484,0.9189203977584839,1.0037946336198693
TAP,CDR_Length,cluster,regression,esm2_mean,linear,150,150,5,68,,,False,0.963607011287707,0.9742358115378095,0.9488914608955383,0.79695857494916
TAP,CDR_Length,cluster,regression,esm2_mean,linear,all,173,5,68,,,False,0.972161665673517,0.977736087851264,0.955516517162323,0.7435127470827002
TAP,CDR_Length,cluster,regression,esm2_mean,linear,25,25,6,56,,,False,0.7456783280928769,0.7625464950333569,0.5660145282745361,2.4656991003054007
TAP,CDR_Length,cluster,regression,esm2_mean,linear,50,50,6,56,,,False,0.8293282505099585,0.8464652179845256,0.6945677399635315,2.068520844486164
TAP,CDR_Length,cluster,regression,esm2_mean,linear,100,100,6,56,,,False,0.9144878515924837,0.912314238727611,0.8258267641067505,1.5620437324278644
TAP,CDR_Length,cluster,regression,esm2_mean,linear,150,150,6,56,,,False,0.9542198491966595,0.9539282365683708,0.9050726890563965,1.1531824132152113
TAP,CDR_Length,cluster,regression,esm2_mean,linear,all,185,6,56,,,False,0.9602585638584341,0.9636655440990087,0.9254031777381897,1.022262958614521
TAP,CDR_Length,cluster,regression,esm2_mean,linear,25,25,7,59,,,False,0.714166946527049,0.7810412408070944,0.5763928890228271,2.4361111442420706
TAP,CDR_Length,cluster,regression,esm2_mean,linear,50,50,7,59,,,False,0.88064653864531,0.8936191457489705,0.7868350744247437,1.7281179512140548
TAP,CDR_Length,cluster,regression,esm2_mean,linear,100,100,7,59,,,False,0.9442349381718055,0.9429239532880943,0.8837369680404663,1.2762514371859401
TAP,CDR_Length,cluster,regression,esm2_mean,linear,150,150,7,59,,,False,0.9593987769887788,0.9623336229007396,0.9215154647827148,1.0485943047289141
TAP,CDR_Length,cluster,regression,esm2_mean,linear,all,182,7,59,,,False,0.9629477605416876,0.9663637210863859,0.9317460656166077,0.9778660607984724
TAP,CDR_Length,cluster,regression,esm2_mean,linear,25,25,8,63,,,False,0.6922065490356554,0.7094951374967936,0.46536552906036377,2.683956694864315
TAP,CDR_Length,cluster,regression,esm2_mean,linear,50,50,8,63,,,False,0.8519687651501994,0.860313387036335,0.7359470129013062,1.8862209356929585
TAP,CDR_Length,cluster,regression,esm2_mean,linear,100,100,8,63,,,False,0.9397054512547328,0.9375589354805748,0.8781118988990784,1.2815269538569998
TAP,CDR_Length,cluster,regression,esm2_mean,linear,150,150,8,63,,,False,0.9634649603179213,0.9623045466890815,0.9230526089668274,1.0182255728192149
TAP,CDR_Length,cluster,regression,esm2_mean,linear,all,178,8,63,,,False,0.9720675411856274,0.9711317563445706,0.9381839632987976,0.9126360120932605
TAP,CDR_Length,cluster,regression,esm2_mean,linear,25,25,9,64,,,False,0.6413618708228367,0.6619648898665099,0.4132801294326782,2.9526752346126677
TAP,CDR_Length,cluster,regression,esm2_mean,linear,50,50,9,64,,,False,0.7653937215204721,0.816071450746672,0.6116446256637573,2.4022321088938
TAP,CDR_Length,cluster,regression,esm2_mean,linear,100,100,9,64,,,False,0.9208718915077054,0.9321165768832795,0.836196780204773,1.5601324630222266
TAP,CDR_Length,cluster,regression,esm2_mean,linear,150,150,9,64,,,False,0.970775331436832,0.9654244985812748,0.9054715037345886,1.18517280935406
TAP,CDR_Length,cluster,regression,esm2_mean,linear,all,177,9,64,,,False,0.975758754009505,0.9680593998612976,0.9111003279685974,1.14934465245332
TAP,CDR_Length,cluster,regression,esm2_mean,linear,25,25,10,62,,,False,0.7388748482996143,0.7880214865841103,0.5503084659576416,2.634861154232626
TAP,CDR_Length,cluster,regression,esm2_mean,linear,50,50,10,62,,,False,0.8173564391397745,0.8393623431179063,0.6735740303993225,2.2448779834334927
TAP,CDR_Length,cluster,regression,esm2_mean,linear,100,100,10,62,,,False,0.9371521148487563,0.9413557285206783,0.8723961114883423,1.4035645363730567
TAP,CDR_Length,cluster,regression,esm2_mean,linear,150,150,10,62,,,False,0.9738392244844111,0.9790490137367116,0.9542311429977417,0.840592450728695
TAP,CDR_Length,cluster,regression,esm2_mean,linear,all,179,10,62,,,False,0.9743701888554304,0.9807798961351853,0.9591706991195679,0.7939374114690935
TAP,CDR_Length,cluster,regression,esm2_mean,linear,25,25,11,62,,,False,0.6311247036890951,0.60630890554084,0.34867310523986816,3.1121027661315117
TAP,CDR_Length,cluster,regression,esm2_mean,linear,50,50,11,62,,,False,0.9246799015372695,0.8937858537422274,0.7249481678009033,2.0223749832527678
TAP,CDR_Length,cluster,regression,esm2_mean,linear,100,100,11,62,,,False,0.9509114172777742,0.953142075805672,0.9019358158111572,1.2075625857204815
TAP,CDR_Length,cluster,regression,esm2_mean,linear,150,150,11,62,,,False,0.970464900081448,0.9741812569772954,0.9489654302597046,0.8711371399303002
TAP,CDR_Length,cluster,regression,esm2_mean,linear,all,179,11,62,,,False,0.9683400714197294,0.973769632368285,0.9478901624679565,0.8802669602888459
TAP,CDR_Length,cluster,regression,esm2_mean,linear,25,25,12,62,,,False,0.6262925776451911,0.620846587378696,0.3642292618751526,2.7569850936162754
TAP,CDR_Length,cluster,regression,esm2_mean,linear,50,50,12,62,,,False,0.8619371855099953,0.8534221121917901,0.7072006464004517,1.8709803434998122
TAP,CDR_Length,cluster,regression,esm2_mean,linear,100,100,12,62,,,False,0.9345016473280385,0.9319556662461028,0.868315577507019,1.2547329831987075
TAP,CDR_Length,cluster,regression,esm2_mean,linear,150,150,12,62,,,False,0.9535162707841971,0.9554222533145805,0.9126826524734497,1.0217261404910847
TAP,CDR_Length,cluster,regression,esm2_mean,linear,all,179,12,62,,,False,0.9579977466187377,0.9612796471344189,0.9229320287704468,0.959889221643311
TAP,CDR_Length,cluster,regression,esm2_mean,linear,25,25,13,61,,,False,0.8633667548432785,0.8490696780861287,0.6678235530853271,2.18029033558974
TAP,CDR_Length,cluster,regression,esm2_mean,linear,50,50,13,61,,,False,0.8917226098827218,0.8984558977338374,0.781692385673523,1.767520510463626
TAP,CDR_Length,cluster,regression,esm2_mean,linear,100,100,13,61,,,False,0.9368583341964426,0.9507148326532476,0.9032047986984253,1.1769468949773427
TAP,CDR_Length,cluster,regression,esm2_mean,linear,150,150,13,61,,,False,0.9614971295865207,0.9699319109949787,0.9404958486557007,0.9227915786877326
TAP,CDR_Length,cluster,regression,esm2_mean,linear,all,180,13,61,,,False,0.9724890059782152,0.9749001419136449,0.9501378536224365,0.844725135297826
TAP,CDR_Length,cluster,regression,esm2_mean,linear,25,25,14,59,,,False,0.15442250724047618,0.19303073371410806,-0.3656129837036133,4.359810749880248
TAP,CDR_Length,cluster,regression,esm2_mean,linear,50,50,14,59,,,False,0.8954452319186587,0.9154854431649413,0.8135809302330017,1.6108274432838339
TAP,CDR_Length,cluster,regression,esm2_mean,linear,100,100,14,59,,,False,0.9430185095528568,0.9517492265599448,0.9023146629333496,1.1660536350517945
TAP,CDR_Length,cluster,regression,esm2_mean,linear,150,150,14,59,,,False,0.9636668372066641,0.970077687082165,0.9402864575386047,0.9116753483750104
TAP,CDR_Length,cluster,regression,esm2_mean,linear,all,182,14,59,,,False,0.965191997772002,0.9737827958207471,0.9457027316093445,0.8693463198086935
TAP,CDR_Length,cluster,regression,esm2_mean,linear,25,25,15,58,,,False,0.9123889477161344,0.9225682065202148,0.8076015710830688,1.7010365057526005
TAP,CDR_Length,cluster,regression,esm2_mean,linear,50,50,15,58,,,False,0.9491034938188889,0.9633480902508856,0.9149353504180908,1.131064613253408
TAP,CDR_Length,cluster,regression,esm2_mean,linear,100,100,15,58,,,False,0.961413847103553,0.9764494594781333,0.9433414936065674,0.9230931466070943
TAP,CDR_Length,cluster,regression,esm2_mean,linear,150,150,15,58,,,False,0.9708476605503433,0.9802833625233315,0.9537612795829773,0.8339034701970404
TAP,CDR_Length,cluster,regression,esm2_mean,linear,all,183,15,58,,,False,0.9600838340602352,0.9757792238562096,0.9454030394554138,0.9061440473736304
TAP,CDR_Length,cluster,regression,esm2_mean,linear,25,25,16,55,,,False,0.7693281244464928,0.7710806154364357,0.5495345592498779,2.3964608716521085
TAP,CDR_Length,cluster,regression,esm2_mean,linear,50,50,16,55,,,False,0.8429330913962753,0.8884096168011071,0.7402549982070923,1.819756309610704
TAP,CDR_Length,cluster,regression,esm2_mean,linear,100,100,16,55,,,False,0.9002258025906518,0.9389424413652162,0.8662234544754028,1.3059591619855433
TAP,CDR_Length,cluster,regression,esm2_mean,linear,150,150,16,55,,,False,0.9263472099138965,0.9523349804883974,0.896195650100708,1.1503960351860725
TAP,CDR_Length,cluster,regression,esm2_mean,linear,all,186,16,55,,,False,0.9491989000478614,0.9642136978918757,0.9195239543914795,1.0129146098112753
TAP,CDR_Length,cluster,regression,esm2_mean,linear,25,25,17,58,,,False,0.6047294252430718,0.6266327830902984,0.2613273859024048,3.3932258791582446
TAP,CDR_Length,cluster,regression,esm2_mean,linear,50,50,17,58,,,False,0.7809208992474266,0.8055329159251312,0.556809663772583,2.6283422242299146
TAP,CDR_Length,cluster,regression,esm2_mean,linear,100,100,17,58,,,False,0.9576684746952457,0.9561577294370005,0.8966213464736938,1.2694108254286236
TAP,CDR_Length,cluster,regression,esm2_mean,linear,150,150,17,58,,,False,0.9782133335787978,0.976518238727631,0.9382325410842896,0.9812204781222955
TAP,CDR_Length,cluster,regression,esm2_mean,linear,all,183,17,58,,,False,0.9757726661324809,0.9799949370950531,0.9578327536582947,0.8107264813496282
TAP,CDR_Length,cluster,regression,esm2_mean,linear,25,25,18,56,,,False,0.7808482604077811,0.7434149701747289,0.5439927577972412,2.347688047876033
TAP,CDR_Length,cluster,regression,esm2_mean,linear,50,50,18,56,,,False,0.8494214343758699,0.8182680015881171,0.6273684501647949,2.1222392004027175
TAP,CDR_Length,cluster,regression,esm2_mean,linear,100,100,18,56,,,False,0.9144577846490598,0.8983333724051247,0.8003799319267273,1.5533044829658094
TAP,CDR_Length,cluster,regression,esm2_mean,linear,150,150,18,56,,,False,0.9511308691748077,0.9437995809547077,0.8812463879585266,1.198058195337164
TAP,CDR_Length,cluster,regression,esm2_mean,linear,all,185,18,56,,,False,0.9713216685204442,0.9620536682122582,0.9145087599754333,1.0165185350714618
TAP,CDR_Length,cluster,regression,esm2_mean,linear,25,25,19,64,,,False,0.7704309572063609,0.8109731957637902,0.6228445172309875,2.3783404742014493
TAP,CDR_Length,cluster,regression,esm2_mean,linear,50,50,19,64,,,False,0.8485679244101025,0.9003547703554071,0.7899473905563354,1.7749160816295986
TAP,CDR_Length,cluster,regression,esm2_mean,linear,100,100,19,64,,,False,0.9108840556371364,0.942158075053334,0.878282904624939,1.3511066058131092
TAP,CDR_Length,cluster,regression,esm2_mean,linear,150,150,19,64,,,False,0.9546849727080226,0.9757891028877949,0.9442492127418518,0.9144065781140228
TAP,CDR_Length,cluster,regression,esm2_mean,linear,all,177,19,64,,,False,0.9589913720204599,0.979741964251144,0.954179048538208,0.8289835628802751
TAP,CDR_Length,cluster,regression,esm2_mean,mlp,25,25,0,63,,,False,0.4371690842376005,0.39776024218899747,-39.0814323425293,23.52283215241007
TAP,CDR_Length,cluster,regression,esm2_mean,mlp,50,50,0,63,,,False,0.35377928651571355,0.2997130018934431,-22.652385711669922,18.069887629069072
TAP,CDR_Length,cluster,regression,esm2_mean,mlp,100,100,0,63,,,False,0.27248871113231166,0.27793004907331226,-10.064823150634766,12.359196864438873
TAP,CDR_Length,cluster,regression,esm2_mean,mlp,150,150,0,63,,,False,0.22244518090222093,0.24639294151394978,-6.687819480895996,10.301953672103716
TAP,CDR_Length,cluster,regression,esm2_mean,mlp,all,178,0,63,,,False,0.281223406379801,0.2920216887721503,-6.072001934051514,9.88073261537
TAP,CDR_Length,cluster,regression,esm2_mean,mlp,25,25,1,60,,,False,-0.0719125716729887,-0.07993364088847577,-35.957645416259766,19.526121858287755
TAP,CDR_Length,cluster,regression,esm2_mean,mlp,50,50,1,60,,,False,-0.08509933695257328,-0.11489409231746961,-36.85516357421875,19.76179539657699
TAP,CDR_Length,cluster,regression,esm2_mean,mlp,100,100,1,60,,,False,0.02902764645230585,0.024750528838024952,-14.30479621887207,12.565438065117165
TAP,CDR_Length,cluster,regression,esm2_mean,mlp,150,150,1,60,,,False,0.10035351882260118,0.09896093240199212,-11.086243629455566,11.166306151746364
TAP,CDR_Length,cluster,regression,esm2_mean,mlp,all,181,1,60,,,False,0.1418136028796001,0.14676986181184212,-8.911426544189453,10.111881363238624
TAP,CDR_Length,cluster,regression,esm2_mean,mlp,25,25,2,68,,,False,0.024087885256228906,0.05275769234155285,-23.662769317626953,16.808582074914426
TAP,CDR_Length,cluster,regression,esm2_mean,mlp,50,50,2,68,,,False,0.1162836888886961,0.14625259308388291,-17.564884185791016,14.583315477217116
TAP,CDR_Length,cluster,regression,esm2_mean,mlp,100,100,2,68,,,False,0.3781336236628777,0.39942816401989334,-7.281491279602051,9.74012280429117
TAP,CDR_Length,cluster,regression,esm2_mean,mlp,150,150,2,68,,,False,0.32493633713454473,0.35409836406034617,-5.627660274505615,8.713452358468134
TAP,CDR_Length,cluster,regression,esm2_mean,mlp,all,173,2,68,,,False,0.3592019310972793,0.3745821243405552,-4.6088995933532715,8.015839150666164
TAP,CDR_Length,cluster,regression,esm2_mean,mlp,25,25,3,63,,,False,0.3030599761088824,0.2684783880193824,-22.970746994018555,18.897810622646208
TAP,CDR_Length,cluster,regression,esm2_mean,mlp,50,50,3,63,,,False,0.07134225618596246,0.07341496337083636,-14.050204277038574,14.974141127859887
TAP,CDR_Length,cluster,regression,esm2_mean,mlp,100,100,3,63,,,False,0.16760609780985908,0.11040949398657192,-9.965290069580078,12.781469274981038
TAP,CDR_Length,cluster,regression,esm2_mean,mlp,150,150,3,63,,,False,0.11354505705813148,0.08390651606671355,-5.12994384765625,9.556502731987994
TAP,CDR_Length,cluster,regression,esm2_mean,mlp,all,178,3,63,,,False,0.0945525915599766,0.030385135656244063,-5.317955493927002,9.701950242311007
TAP,CDR_Length,cluster,regression,esm2_mean,mlp,25,25,4,57,,,False,-0.11949662386733628,-0.15090631841154178,-21.53191566467285,17.15583601067743
TAP,CDR_Length,cluster,regression,esm2_mean,mlp,50,50,4,57,,,False,-0.37688649080774317,-0.37586312973077785,-25.00457191467285,18.43052386730701
TAP,CDR_Length,cluster,regression,esm2_mean,mlp,100,100,4,57,,,False,-0.1304369142268526,-0.08857194988532549,-15.449422836303711,14.65845390270467
TAP,CDR_Length,cluster,regression,esm2_mean,mlp,150,150,4,57,,,False,0.1155568169223914,0.19116017859471968,-8.190461158752441,10.956743303097108
TAP,CDR_Length,cluster,regression,esm2_mean,mlp,all,184,4,57,,,False,0.34969856684882605,0.36211646044928447,-5.089560508728027,8.918787512040035
TAP,CDR_Length,cluster,regression,esm2_mean,mlp,25,25,5,68,,,False,0.07877570753928526,0.03704612623514608,-34.41691589355469,20.979463445946433
TAP,CDR_Length,cluster,regression,esm2_mean,mlp,50,50,5,68,,,False,0.1693668121674918,0.14367609880565582,-15.350942611694336,14.254776289924965
TAP,CDR_Length,cluster,regression,esm2_mean,mlp,100,100,5,68,,,False,0.45890158336435344,0.3967460891773271,-6.459376335144043,9.62809330343021
TAP,CDR_Length,cluster,regression,esm2_mean,mlp,150,150,5,68,,,False,0.39011909316813315,0.3701425585047841,-4.318445205688477,8.129827977968818
TAP,CDR_Length,cluster,regression,esm2_mean,mlp,all,173,5,68,,,False,0.399249172736845,0.4055556711687428,-3.1920924186706543,7.217793219395719
TAP,CDR_Length,cluster,regression,esm2_mean,mlp,25,25,6,56,,,False,-0.030022018915072345,-0.012882294766691331,-17.42711067199707,16.06686297179064
TAP,CDR_Length,cluster,regression,esm2_mean,mlp,50,50,6,56,,,False,-0.06543084579547767,-0.019809879644397142,-11.8380708694458,13.410727425649634
TAP,CDR_Length,cluster,regression,esm2_mean,mlp,100,100,6,56,,,False,0.06450445206895544,0.08850256412901689,-8.420791625976562,11.4880461729582
TAP,CDR_Length,cluster,regression,esm2_mean,mlp,150,150,6,56,,,False,0.13199395059003807,0.14586117824197647,-6.1778717041015625,10.02767662378472
TAP,CDR_Length,cluster,regression,esm2_mean,mlp,all,185,6,56,,,False,0.20881600813386322,0.22435110236621603,-4.301494598388672,8.617903061586864
TAP,CDR_Length,cluster,regression,esm2_mean,mlp,25,25,7,59,,,False,-0.06889720963456562,-0.07111184568111854,-28.770925521850586,20.422629000543242
TAP,CDR_Length,cluster,regression,esm2_mean,mlp,50,50,7,59,,,False,0.09975283523506073,0.08929485079269793,-16.518043518066406,15.66600513504892
TAP,CDR_Length,cluster,regression,esm2_mean,mlp,100,100,7,59,,,False,0.19410886903429345,0.15462429648380607,-10.154218673706055,12.500721181482643
TAP,CDR_Length,cluster,regression,esm2_mean,mlp,150,150,7,59,,,False,0.2742103077367194,0.2753408933956722,-7.4317121505737305,10.868593402775216
TAP,CDR_Length,cluster,regression,esm2_mean,mlp,all,182,7,59,,,False,0.3915614085233934,0.3772957013712831,-5.83044958114624,9.782280748940764
TAP,CDR_Length,cluster,regression,esm2_mean,mlp,25,25,8,63,,,False,0.0020723304051057,-0.06392590310205436,-21.079137802124023,17.247973390327136
TAP,CDR_Length,cluster,regression,esm2_mean,mlp,50,50,8,63,,,False,0.08720655507066895,0.04461137451075038,-16.252561569213867,15.24662811946427
TAP,CDR_Length,cluster,regression,esm2_mean,mlp,100,100,8,63,,,False,0.12853267884690475,0.14369476951046495,-9.453492164611816,11.868005828057733
TAP,CDR_Length,cluster,regression,esm2_mean,mlp,150,150,8,63,,,False,0.18087107000841152,0.18835752773159672,-7.162731170654297,10.487326152517566
TAP,CDR_Length,cluster,regression,esm2_mean,mlp,all,178,8,63,,,False,0.2532580529960571,0.24529525215115633,-5.462098121643066,9.331120031258578
TAP,CDR_Length,cluster,regression,esm2_mean,mlp,25,25,9,64,,,False,-0.1150801471874639,-0.10702811110786395,-20.895570755004883,18.037586148121534
TAP,CDR_Length,cluster,regression,esm2_mean,mlp,50,50,9,64,,,False,-0.028054823372084228,-0.0715095885714315,-16.81957244873047,16.272299345589143
TAP,CDR_Length,cluster,regression,esm2_mean,mlp,100,100,9,64,,,False,0.05006493973472267,-0.015850420235683733,-12.160922050476074,13.984387170004576
TAP,CDR_Length,cluster,regression,esm2_mean,mlp,150,150,9,64,,,False,0.1120116508811422,0.06463770677425447,-8.871206283569336,12.111150242131304
TAP,CDR_Length,cluster,regression,esm2_mean,mlp,all,177,9,64,,,False,0.15367860072487913,0.08636946309624735,-6.64826774597168,10.660604110847883
TAP,CDR_Length,cluster,regression,esm2_mean,mlp,25,25,10,62,,,False,0.0655614578120282,0.03074206171385948,-14.827229499816895,15.631579353032162
TAP,CDR_Length,cluster,regression,esm2_mean,mlp,50,50,10,62,,,False,-0.018280344773658457,-0.060814844160706524,-13.970558166503906,15.202652488366747
TAP,CDR_Length,cluster,regression,esm2_mean,mlp,100,100,10,62,,,False,0.40267326537383763,0.3501014375513347,-9.087177276611328,12.479155090662275
TAP,CDR_Length,cluster,regression,esm2_mean,mlp,150,150,10,62,,,False,0.4640628602707156,0.408917132327668,-8.546611785888672,12.140176470366782
TAP,CDR_Length,cluster,regression,esm2_mean,mlp,all,179,10,62,,,False,0.41670589517934314,0.3816992081140694,-7.406579971313477,11.392264706414856
TAP,CDR_Length,cluster,regression,esm2_mean,mlp,25,25,11,62,,,False,-0.048845763640226164,-0.057898093171933,-29.816682815551758,21.4065832957068
TAP,CDR_Length,cluster,regression,esm2_mean,mlp,50,50,11,62,,,False,0.12789444897202665,0.1295351278061894,-23.075597763061523,18.920951072111123
TAP,CDR_Length,cluster,regression,esm2_mean,mlp,100,100,11,62,,,False,0.15769264139470215,0.14701090526475877,-6.835816860198975,10.794351213019102
TAP,CDR_Length,cluster,regression,esm2_mean,mlp,150,150,11,62,,,False,0.3262370863117539,0.3291962520008248,-4.679177761077881,9.18961130092219
TAP,CDR_Length,cluster,regression,esm2_mean,mlp,all,179,11,62,,,False,0.39074081354250306,0.36390609168677573,-3.958437919616699,8.586710729862478
TAP,CDR_Length,cluster,regression,esm2_mean,mlp,25,25,12,62,,,False,0.011520177992745875,0.03400330262532917,-20.5782470703125,16.061726396619076
TAP,CDR_Length,cluster,regression,esm2_mean,mlp,50,50,12,62,,,False,0.030458844231369867,0.030878521159066752,-20.993953704833984,16.215704239777946
TAP,CDR_Length,cluster,regression,esm2_mean,mlp,100,100,12,62,,,False,0.11737922016345029,0.04908949338591415,-14.370057106018066,13.55569804670373
TAP,CDR_Length,cluster,regression,esm2_mean,mlp,150,150,12,62,,,False,0.25534284627877396,0.19703814510100814,-9.5287504196167,11.219475731234924
TAP,CDR_Length,cluster,regression,esm2_mean,mlp,all,179,12,62,,,False,0.236024393952477,0.23659983753713312,-9.87928581237793,11.404712860376637
TAP,CDR_Length,cluster,regression,esm2_mean,mlp,25,25,13,61,,,False,-0.13861977449525667,-0.14242349534217677,-18.394283294677734,16.659686639858467
TAP,CDR_Length,cluster,regression,esm2_mean,mlp,50,50,13,61,,,False,-0.12247711544658474,-0.09468416903370003,-14.756178855895996,15.016040139545682
TAP,CDR_Length,cluster,regression,esm2_mean,mlp,100,100,13,61,,,False,0.14655835188925814,0.10768784091440302,-7.124910354614258,10.782991584285357
TAP,CDR_Length,cluster,regression,esm2_mean,mlp,150,150,13,61,,,False,0.1704006344973295,0.097233705101669,-6.552111625671387,10.395950158440437
TAP,CDR_Length,cluster,regression,esm2_mean,mlp,all,180,13,61,,,False,0.28990410222442203,0.2282068105087127,-5.657604694366455,9.760879846793527
TAP,CDR_Length,cluster,regression,esm2_mean,mlp,25,25,14,59,,,False,-0.2880500367727857,-0.3186663196417674,-31.005687713623047,21.10655802883392
TAP,CDR_Length,cluster,regression,esm2_mean,mlp,50,50,14,59,,,False,-0.15022831568579662,-0.11583753892599673,-18.336885452270508,16.40578856995457
TAP,CDR_Length,cluster,regression,esm2_mean,mlp,100,100,14,59,,,False,0.28799137675104197,0.3326563711077792,-13.096480369567871,14.007453786737495
TAP,CDR_Length,cluster,regression,esm2_mean,mlp,150,150,14,59,,,False,0.2804535639569674,0.29307515698977776,-9.392415046691895,12.027132541744802
TAP,CDR_Length,cluster,regression,esm2_mean,mlp,all,182,14,59,,,False,0.2629435474664519,0.2990686543251523,-6.896904468536377,10.484127032278852
TAP,CDR_Length,cluster,regression,esm2_mean,mlp,25,25,15,58,,,False,0.20148151079472848,0.14578919813150112,-19.361467361450195,17.49917007694001
TAP,CDR_Length,cluster,regression,esm2_mean,mlp,50,50,15,58,,,False,0.26971427297053,0.2308367060173365,-19.61078453063965,17.605979219240716
TAP,CDR_Length,cluster,regression,esm2_mean,mlp,100,100,15,58,,,False,0.2926647306017379,0.25260204766618466,-10.005974769592285,12.865514192049895
TAP,CDR_Length,cluster,regression,esm2_mean,mlp,150,150,15,58,,,False,0.31394493929482564,0.2631918514531025,-6.571116924285889,10.670699216434935
TAP,CDR_Length,cluster,regression,esm2_mean,mlp,all,183,15,58,,,False,0.32359526649285375,0.2885792473354972,-5.968376159667969,10.237141406512164
TAP,CDR_Length,cluster,regression,esm2_mean,mlp,25,25,16,55,,,False,-0.057547022531320574,-0.05699991853190978,-28.006649017333984,19.230404466578186
TAP,CDR_Length,cluster,regression,esm2_mean,mlp,50,50,16,55,,,False,0.10710140304440217,0.08006706091444954,-19.67521858215332,16.23546295830792
TAP,CDR_Length,cluster,regression,esm2_mean,mlp,100,100,16,55,,,False,0.18717314399075985,0.1457813011429346,-11.843338012695312,12.796127157087206
TAP,CDR_Length,cluster,regression,esm2_mean,mlp,150,150,16,55,,,False,0.06731984390816731,0.02821895976874011,-9.708542823791504,11.684357073853352
TAP,CDR_Length,cluster,regression,esm2_mean,mlp,all,186,16,55,,,False,0.11440377143379324,0.02616373313230495,-8.438838005065918,10.96980375636521
TAP,CDR_Length,cluster,regression,esm2_mean,mlp,25,25,17,58,,,False,-0.1907119005837071,-0.2394713173028379,-18.762109756469727,17.55106345631818
TAP,CDR_Length,cluster,regression,esm2_mean,mlp,50,50,17,58,,,False,0.002965874365144319,-0.09498864536321962,-8.71563720703125,12.306156849370725
TAP,CDR_Length,cluster,regression,esm2_mean,mlp,100,100,17,58,,,False,0.10111777913663914,0.030023418284284623,-5.428289413452148,10.010010056601985
TAP,CDR_Length,cluster,regression,esm2_mean,mlp,150,150,17,58,,,False,0.16679953851473103,0.09964621480865303,-4.03471040725708,8.858782710084926
TAP,CDR_Length,cluster,regression,esm2_mean,mlp,all,183,17,58,,,False,0.24551878728960316,0.1940786795291514,-2.991485118865967,7.887766764155255
TAP,CDR_Length,cluster,regression,esm2_mean,mlp,25,25,18,56,,,False,-0.0996834872455492,-0.06921383014336178,-31.012004852294922,19.670297642656816
TAP,CDR_Length,cluster,regression,esm2_mean,mlp,50,50,18,56,,,False,0.08361325919494052,0.09674136431012453,-21.7398681640625,16.578623707575247
TAP,CDR_Length,cluster,regression,esm2_mean,mlp,100,100,18,56,,,False,0.2522133013498308,0.19382056649737464,-11.972275733947754,12.52167985464738
TAP,CDR_Length,cluster,regression,esm2_mean,mlp,150,150,18,56,,,False,0.18624982253525965,0.12944609646145164,-11.425788879394531,12.255089995590335
TAP,CDR_Length,cluster,regression,esm2_mean,mlp,all,185,18,56,,,False,0.21176302647030723,0.16531438521482142,-10.045705795288086,11.554501917888528
TAP,CDR_Length,cluster,regression,esm2_mean,mlp,25,25,19,64,,,False,0.2620225207321469,0.16409105763908,-30.691667556762695,21.801499708203007
TAP,CDR_Length,cluster,regression,esm2_mean,mlp,50,50,19,64,,,False,0.3399291992026033,0.22588059414203937,-21.11189842224121,18.210707686252366
TAP,CDR_Length,cluster,regression,esm2_mean,mlp,100,100,19,64,,,False,0.3676329338168389,0.2009509158479248,-12.02224349975586,13.97515782006185
TAP,CDR_Length,cluster,regression,esm2_mean,mlp,150,150,19,64,,,False,0.31835114489375976,0.22569782631352692,-5.173876762390137,9.622608176774643
TAP,CDR_Length,cluster,regression,esm2_mean,mlp,all,177,19,64,,,False,0.35934253941856387,0.2705383157911259,-4.620106220245361,9.180917844533338
TAP,CDR_Length,cluster,regression,esm2_max,linear,25,25,0,63,,,False,0.6264610295871963,0.6324409013025857,0.3017185926437378,3.1047971078549317
TAP,CDR_Length,cluster,regression,esm2_max,linear,50,50,0,63,,,False,0.7799455502205652,0.7745681136669209,0.5062410831451416,2.6108114140121037
TAP,CDR_Length,cluster,regression,esm2_max,linear,100,100,0,63,,,False,0.8864991806429762,0.8785606347512667,0.7217283248901367,1.9599839233037306
TAP,CDR_Length,cluster,regression,esm2_max,linear,150,150,0,63,,,False,0.9237543449029858,0.9208627860066262,0.8230085968971252,1.5631264617667928
TAP,CDR_Length,cluster,regression,esm2_max,linear,all,178,0,63,,,False,0.9426232169569545,0.9368358578635233,0.8624566197395325,1.377963845946911
TAP,CDR_Length,cluster,regression,esm2_max,linear,25,25,1,60,,,False,0.5569452666282169,0.5502204948993733,0.25309592485427856,2.775851679428215
TAP,CDR_Length,cluster,regression,esm2_max,linear,50,50,1,60,,,False,0.7979389897250313,0.7759190634556812,0.539706826210022,2.179119919838803
TAP,CDR_Length,cluster,regression,esm2_max,linear,100,100,1,60,,,False,0.8668063126364212,0.8557698124773463,0.7055615186691284,1.7428544208694776
TAP,CDR_Length,cluster,regression,esm2_max,linear,150,150,1,60,,,False,0.8725615534152227,0.8677100957084598,0.7492837905883789,1.6082555158894052
TAP,CDR_Length,cluster,regression,esm2_max,linear,all,181,1,60,,,False,0.8872849121066233,0.8917421173885502,0.7904636859893799,1.4702577682323152
TAP,CDR_Length,cluster,regression,esm2_max,linear,25,25,2,68,,,False,0.5277978883659167,0.50004726038351,0.21556299924850464,2.997707192162263
TAP,CDR_Length,cluster,regression,esm2_max,linear,50,50,2,68,,,False,0.7380281776588985,0.7520066681951942,0.5312799215316772,2.3172182180325978
TAP,CDR_Length,cluster,regression,esm2_max,linear,100,100,2,68,,,False,0.8716081994911647,0.89089992104657,0.755351185798645,1.674101265542253
TAP,CDR_Length,cluster,regression,esm2_max,linear,150,150,2,68,,,False,0.8674524620987162,0.8994092668968843,0.7949215173721313,1.5327458423099758
TAP,CDR_Length,cluster,regression,esm2_max,linear,all,173,2,68,,,False,0.8823438544216564,0.9096512495349888,0.8189598321914673,1.4401166720899445
TAP,CDR_Length,cluster,regression,esm2_max,linear,25,25,3,63,,,False,0.41549633594250235,0.457051149111026,0.1879780888557434,3.4782005132568825
TAP,CDR_Length,cluster,regression,esm2_max,linear,50,50,3,63,,,False,0.6793180711491054,0.6883394156489556,0.45606738328933716,2.8467105016234147
TAP,CDR_Length,cluster,regression,esm2_max,linear,100,100,3,63,,,False,0.8189657172104116,0.8211895365363989,0.6450326442718506,2.2996670492917706
TAP,CDR_Length,cluster,regression,esm2_max,linear,150,150,3,63,,,False,0.8938027798649433,0.8744711977907116,0.749376654624939,1.9323308283204317
TAP,CDR_Length,cluster,regression,esm2_max,linear,all,178,3,63,,,False,0.9133977982025066,0.8983833669281456,0.7867903709411621,1.7822724857216594
TAP,CDR_Length,cluster,regression,esm2_max,linear,25,25,4,57,,,False,0.6993971336976521,0.7119516067697225,0.3456408381462097,2.923619962703581
TAP,CDR_Length,cluster,regression,esm2_max,linear,50,50,4,57,,,False,0.8523983967910073,0.8409763990202003,0.6470752954483032,2.147107850403685
TAP,CDR_Length,cluster,regression,esm2_max,linear,100,100,4,57,,,False,0.8865216833885463,0.8885942187433735,0.7313169836997986,1.8734104344513332
TAP,CDR_Length,cluster,regression,esm2_max,linear,150,150,4,57,,,False,0.9349064199190262,0.9354608282691712,0.8506035804748535,1.3969567063340955
TAP,CDR_Length,cluster,regression,esm2_max,linear,all,184,4,57,,,False,0.9416789806177746,0.9440320804255818,0.867671012878418,1.3147412312836377
TAP,CDR_Length,cluster,regression,esm2_max,linear,25,25,5,68,,,False,0.4124455902647311,0.46343914586557944,0.19650483131408691,3.159953129695923
TAP,CDR_Length,cluster,regression,esm2_max,linear,50,50,5,68,,,False,0.6719431669141078,0.6977573068150547,0.4511924982070923,2.6115541481671203
TAP,CDR_Length,cluster,regression,esm2_max,linear,100,100,5,68,,,False,0.7698997138834601,0.8211840586275432,0.6453475952148438,2.0993770226920314
TAP,CDR_Length,cluster,regression,esm2_max,linear,150,150,5,68,,,False,0.863137774353016,0.8949932788086596,0.7747719287872314,1.6730166042436025
TAP,CDR_Length,cluster,regression,esm2_max,linear,all,173,5,68,,,False,0.8403701179495263,0.8765525713304666,0.7548964023590088,1.7452747903821992
TAP,CDR_Length,cluster,regression,esm2_max,linear,25,25,6,56,,,False,0.453555506329533,0.512550811052234,0.2609488368034363,3.2176568267649612
TAP,CDR_Length,cluster,regression,esm2_max,linear,50,50,6,56,,,False,0.6581855872546661,0.6955915160487511,0.4091798663139343,2.8769354340215507
TAP,CDR_Length,cluster,regression,esm2_max,linear,100,100,6,56,,,False,0.8148833705519637,0.7762930051697279,0.6020435094833374,2.3611320872733086
TAP,CDR_Length,cluster,regression,esm2_max,linear,150,150,6,56,,,False,0.8712218334760194,0.8547358224209312,0.7253645658493042,1.961465920437719
TAP,CDR_Length,cluster,regression,esm2_max,linear,all,185,6,56,,,False,0.8921171586409098,0.8705635161733858,0.7535834312438965,1.8579644338355763
TAP,CDR_Length,cluster,regression,esm2_max,linear,25,25,7,59,,,False,0.48820521684433577,0.5773968588838863,0.3154831528663635,3.096760031336192
TAP,CDR_Length,cluster,regression,esm2_max,linear,50,50,7,59,,,False,0.7231420619583718,0.7923785277184795,0.5553504824638367,2.4958837768643978
TAP,CDR_Length,cluster,regression,esm2_max,linear,100,100,7,59,,,False,0.8657173433690246,0.8911057937704521,0.7450737953186035,1.8898298483881444
TAP,CDR_Length,cluster,regression,esm2_max,linear,150,150,7,59,,,False,0.9029670054532725,0.8988672987140794,0.798302412033081,1.680992705206392
TAP,CDR_Length,cluster,regression,esm2_max,linear,all,182,7,59,,,False,0.9264020290795042,0.9142725034989639,0.8266897797584534,1.558215721153913
TAP,CDR_Length,cluster,regression,esm2_max,linear,25,25,8,63,,,False,0.48475663673850444,0.4919854016368987,0.2207391858100891,3.2403240707099057
TAP,CDR_Length,cluster,regression,esm2_max,linear,50,50,8,63,,,False,0.747966695052104,0.7496371622220801,0.5355523228645325,2.5015859537527034
TAP,CDR_Length,cluster,regression,esm2_max,linear,100,100,8,63,,,False,0.8896080685545611,0.8878995307724703,0.7527187466621399,1.8253351946912215
TAP,CDR_Length,cluster,regression,esm2_max,linear,150,150,8,63,,,False,0.891535817768613,0.8871875807386873,0.7785407900810242,1.7274039646630863
TAP,CDR_Length,cluster,regression,esm2_max,linear,all,178,8,63,,,False,0.9286208932739347,0.9183714833609993,0.8362668752670288,1.485303829183602
TAP,CDR_Length,cluster,regression,esm2_max,linear,25,25,9,64,,,False,0.44064068386795774,0.4550450661384959,0.17626595497131348,3.4985959102312756
TAP,CDR_Length,cluster,regression,esm2_max,linear,50,50,9,64,,,False,0.6319256678958773,0.6700362488917397,0.4229534864425659,2.928233314237384
TAP,CDR_Length,cluster,regression,esm2_max,linear,100,100,9,64,,,False,0.7812207024688684,0.8006655761904888,0.5661003589630127,2.539188233823395
TAP,CDR_Length,cluster,regression,esm2_max,linear,150,150,9,64,,,False,0.8492121206247336,0.8707710556322066,0.7050230503082275,2.093602862134653
TAP,CDR_Length,cluster,regression,esm2_max,linear,all,177,9,64,,,False,0.8637701745291622,0.8768934992425774,0.7199614644050598,2.039901428110029
TAP,CDR_Length,cluster,regression,esm2_max,linear,25,25,10,62,,,False,0.5297760221887493,0.577991772802186,0.2632375955581665,3.372594513163645
TAP,CDR_Length,cluster,regression,esm2_max,linear,50,50,10,62,,,False,0.5742000412306827,0.642821683944943,0.34358131885528564,3.1833973543206806
TAP,CDR_Length,cluster,regression,esm2_max,linear,100,100,10,62,,,False,0.7884568069457336,0.8190841702925041,0.6354525089263916,2.3723428052996116
TAP,CDR_Length,cluster,regression,esm2_max,linear,150,150,10,62,,,False,0.8509083305846499,0.8876990566881874,0.7619661092758179,1.9169896718207626
TAP,CDR_Length,cluster,regression,esm2_max,linear,all,179,10,62,,,False,0.8881264045913236,0.9038213945324832,0.7893737554550171,1.803252737630946
TAP,CDR_Length,cluster,regression,esm2_max,linear,25,25,11,62,,,False,0.3199637826438222,0.3887479097546801,0.007558345794677734,3.8415534303178336
TAP,CDR_Length,cluster,regression,esm2_max,linear,50,50,11,62,,,False,0.8296697056632718,0.7400379262117766,0.4474005103111267,2.86655085023378
TAP,CDR_Length,cluster,regression,esm2_max,linear,100,100,11,62,,,False,0.9162817692076191,0.8684685664314906,0.6951966285705566,2.128944272490212
TAP,CDR_Length,cluster,regression,esm2_max,linear,150,150,11,62,,,False,0.9554393259735797,0.9341613193697725,0.8252158164978027,1.6121502356010458
TAP,CDR_Length,cluster,regression,esm2_max,linear,all,179,11,62,,,False,0.94286742305841,0.9209706985324433,0.8154255151748657,1.6566859987248288
TAP,CDR_Length,cluster,regression,esm2_max,linear,25,25,12,62,,,False,0.4128527963729983,0.45215974333404824,0.20217913389205933,3.088423608828224
TAP,CDR_Length,cluster,regression,esm2_max,linear,50,50,12,62,,,False,0.6065690201587098,0.6463267717329015,0.3876280188560486,2.705775679168317
TAP,CDR_Length,cluster,regression,esm2_max,linear,100,100,12,62,,,False,0.8223887942469864,0.8192305629363357,0.6669573783874512,1.9954189486582072
TAP,CDR_Length,cluster,regression,esm2_max,linear,150,150,12,62,,,False,0.8574557096754546,0.8565971273475529,0.7318614721298218,1.7904563271792648
TAP,CDR_Length,cluster,regression,esm2_max,linear,all,179,12,62,,,False,0.9092332129615323,0.8932712077505803,0.7970339059829712,1.557743375101435
TAP,CDR_Length,cluster,regression,esm2_max,linear,25,25,13,61,,,False,0.7398276223540179,0.753005935359292,0.4822636842727661,2.7219759798532843
TAP,CDR_Length,cluster,regression,esm2_max,linear,50,50,13,61,,,False,0.7689003388972674,0.7745212368949709,0.5588265657424927,2.5126652996252417
TAP,CDR_Length,cluster,regression,esm2_max,linear,100,100,13,61,,,False,0.8974575019131711,0.8709209694521668,0.7486574053764343,1.896544413250173
TAP,CDR_Length,cluster,regression,esm2_max,linear,150,150,13,61,,,False,0.9134674088315085,0.9095753874323256,0.8139407634735107,1.631757401074988
TAP,CDR_Length,cluster,regression,esm2_max,linear,all,180,13,61,,,False,0.9309906900356588,0.929220160389788,0.8567073941230774,1.4319960903629507
TAP,CDR_Length,cluster,regression,esm2_max,linear,25,25,14,59,,,False,0.15688622815371456,0.13518845432707569,-0.42112600803375244,4.447542826214678
TAP,CDR_Length,cluster,regression,esm2_max,linear,50,50,14,59,,,False,0.8420059521100838,0.8455161372900212,0.5835283994674683,2.407667507527663
TAP,CDR_Length,cluster,regression,esm2_max,linear,100,100,14,59,,,False,0.8765567049171645,0.8694562242676369,0.742228627204895,1.8941796693269184
TAP,CDR_Length,cluster,regression,esm2_max,linear,150,150,14,59,,,False,0.9252445229644942,0.9133938083653912,0.8256297707557678,1.5579014070614716
TAP,CDR_Length,cluster,regression,esm2_max,linear,all,182,14,59,,,False,0.9304945949105617,0.9169755128468907,0.8346611857414246,1.5170197442608513
TAP,CDR_Length,cluster,regression,esm2_max,linear,25,25,15,58,,,False,0.7170626135637381,0.7629147127304557,0.4979621171951294,2.7477749959775175
TAP,CDR_Length,cluster,regression,esm2_max,linear,50,50,15,58,,,False,0.7402605154820749,0.8072228248226168,0.6099764704704285,2.4219118504525263
TAP,CDR_Length,cluster,regression,esm2_max,linear,100,100,15,58,,,False,0.8842112295193278,0.9116312439481673,0.7686622142791748,1.8652461831660694
TAP,CDR_Length,cluster,regression,esm2_max,linear,150,150,15,58,,,False,0.9171522502433664,0.9298654436948908,0.826058566570282,1.6173889093344913
TAP,CDR_Length,cluster,regression,esm2_max,linear,all,183,15,58,,,False,0.9203690259760423,0.9274621140573337,0.8436591625213623,1.5333774383463177
TAP,CDR_Length,cluster,regression,esm2_max,linear,25,25,16,55,,,False,0.5694030834175425,0.5896845894098124,0.34670084714889526,2.8859955960378065
TAP,CDR_Length,cluster,regression,esm2_max,linear,50,50,16,55,,,False,0.7107275263764044,0.751353241912629,0.5214618444442749,2.470005463521272
TAP,CDR_Length,cluster,regression,esm2_max,linear,100,100,16,55,,,False,0.8047137304726962,0.8474568053819905,0.6758081912994385,2.033015206375013
TAP,CDR_Length,cluster,regression,esm2_max,linear,150,150,16,55,,,False,0.86832789489968,0.898108125084413,0.7746995687484741,1.6948084711020583
TAP,CDR_Length,cluster,regression,esm2_max,linear,all,186,16,55,,,False,0.8886001414732133,0.9125270039878358,0.7959309816360474,1.6129768392089183
TAP,CDR_Length,cluster,regression,esm2_max,linear,25,25,17,58,,,False,0.49023431693864644,0.501146492108383,-0.012391448020935059,3.9724736043914324
TAP,CDR_Length,cluster,regression,esm2_max,linear,50,50,17,58,,,False,0.6813787408672705,0.6840446604363928,0.2986762523651123,3.3063289033892946
TAP,CDR_Length,cluster,regression,esm2_max,linear,100,100,17,58,,,False,0.9098746450819306,0.9142355707331505,0.7647376656532288,1.9149745476574236
TAP,CDR_Length,cluster,regression,esm2_max,linear,150,150,17,58,,,False,0.9508716792751234,0.9394885422401846,0.822887659072876,1.6615416853563936
TAP,CDR_Length,cluster,regression,esm2_max,linear,all,183,17,58,,,False,0.9398114394551061,0.9243902326495279,0.8287070989608765,1.634016462958902
TAP,CDR_Length,cluster,regression,esm2_max,linear,25,25,18,56,,,False,0.7171167577113501,0.6885333495629198,0.4127763509750366,2.6641351835232308
TAP,CDR_Length,cluster,regression,esm2_max,linear,50,50,18,56,,,False,0.7805735556547793,0.708046286947877,0.5008281469345093,2.45628944006247
TAP,CDR_Length,cluster,regression,esm2_max,linear,100,100,18,56,,,False,0.8901807521025205,0.8474219701898069,0.7053929567337036,1.8870180728281054
TAP,CDR_Length,cluster,regression,esm2_max,linear,150,150,18,56,,,False,0.906216642059004,0.8664640241175704,0.7430959939956665,1.7621380397216275
TAP,CDR_Length,cluster,regression,esm2_max,linear,all,185,18,56,,,False,0.9288111079934068,0.9090058874751115,0.8185795545578003,1.4808041543321582
TAP,CDR_Length,cluster,regression,esm2_max,linear,25,25,19,64,,,False,0.5133596442398505,0.5942304752797356,0.3305181860923767,3.1687152019791474
TAP,CDR_Length,cluster,regression,esm2_max,linear,50,50,19,64,,,False,0.5889173776307955,0.6774770767771575,0.4472079277038574,2.8793517562278153
TAP,CDR_Length,cluster,regression,esm2_max,linear,100,100,19,64,,,False,0.7498661733239731,0.8155606074602699,0.6436958312988281,2.3116616553430798
TAP,CDR_Length,cluster,regression,esm2_max,linear,150,150,19,64,,,False,0.8172716855566144,0.8804715882370753,0.7430334091186523,1.9631438500028673
TAP,CDR_Length,cluster,regression,esm2_max,linear,all,177,19,64,,,False,0.8261378017881031,0.8910030233876771,0.7614056468009949,1.891663577105348
TAP,CDR_Length,cluster,regression,esm2_max,mlp,25,25,0,63,,,False,0.4108684825255471,0.37422692995069423,-34.051021575927734,21.997247295335203
TAP,CDR_Length,cluster,regression,esm2_max,mlp,50,50,0,63,,,False,0.38936955030037307,0.27135130961936993,-14.40127182006836,14.581301594969258
TAP,CDR_Length,cluster,regression,esm2_max,mlp,100,100,0,63,,,False,0.3348380274845558,0.3151429545688431,-9.050719261169434,11.77922207676116
TAP,CDR_Length,cluster,regression,esm2_max,mlp,150,150,0,63,,,False,0.41402938052947275,0.40626354484003463,-6.7598748207092285,10.350119326412427
TAP,CDR_Length,cluster,regression,esm2_max,mlp,all,178,0,63,,,False,0.46653406798399416,0.45166676555100144,-4.907552242279053,9.030707909595959
TAP,CDR_Length,cluster,regression,esm2_max,mlp,25,25,1,60,,,False,-0.10367814820453033,-0.12007546250268764,-62.26327133178711,25.546987654486088
TAP,CDR_Length,cluster,regression,esm2_max,mlp,50,50,1,60,,,False,0.06495599422676719,0.08936544759328716,-42.52069091796875,21.18906284439789
TAP,CDR_Length,cluster,regression,esm2_max,mlp,100,100,1,60,,,False,0.060765284921814475,0.09336046433647674,-21.13150405883789,15.110169030015058
TAP,CDR_Length,cluster,regression,esm2_max,mlp,150,150,1,60,,,False,0.09948743889957762,0.16348216792065995,-13.200066566467285,12.103446863014488
TAP,CDR_Length,cluster,regression,esm2_max,mlp,all,181,1,60,,,False,0.15402253598802904,0.20912283927679468,-9.75532054901123,10.533568852721286
TAP,CDR_Length,cluster,regression,esm2_max,mlp,25,25,2,68,,,False,0.21211576273955565,0.13664950487472588,-36.41579818725586,20.703209113274074
TAP,CDR_Length,cluster,regression,esm2_max,mlp,50,50,2,68,,,False,0.3455418683721016,0.28367706557208794,-23.363544464111328,16.706304286458494
TAP,CDR_Length,cluster,regression,esm2_max,mlp,100,100,2,68,,,False,0.41836347036477445,0.3791911782203934,-9.501789093017578,10.968362500079776
TAP,CDR_Length,cluster,regression,esm2_max,mlp,150,150,2,68,,,False,0.2797042139417379,0.2718272770269359,-6.767258644104004,9.43287407037277
TAP,CDR_Length,cluster,regression,esm2_max,mlp,all,173,2,68,,,False,0.362491889866301,0.3544029909200835,-5.06401252746582,8.334704573076753
TAP,CDR_Length,cluster,regression,esm2_max,mlp,25,25,3,63,,,False,0.19544403899053023,0.2586997030455448,-29.132518768310547,21.18792667281865
TAP,CDR_Length,cluster,regression,esm2_max,mlp,50,50,3,63,,,False,0.13236880776125198,0.1762687790368814,-14.518616676330566,15.205378162061196
TAP,CDR_Length,cluster,regression,esm2_max,mlp,100,100,3,63,,,False,0.2571454497459572,0.33042637819803544,-7.337689399719238,11.145347086757994
TAP,CDR_Length,cluster,regression,esm2_max,mlp,150,150,3,63,,,False,0.24950507974225788,0.2877837516701359,-5.206540584564209,9.616024572754535
TAP,CDR_Length,cluster,regression,esm2_max,mlp,all,178,3,63,,,False,0.3625680945288626,0.3740485486948099,-3.7168378829956055,8.382937623419677
TAP,CDR_Length,cluster,regression,esm2_max,mlp,25,25,4,57,,,False,-0.10263034289641525,-0.14904329447716042,-39.638885498046875,23.040067863803635
TAP,CDR_Length,cluster,regression,esm2_max,mlp,50,50,4,57,,,False,-0.07895894083877124,-0.0894425594247743,-29.243038177490234,19.87584281426102
TAP,CDR_Length,cluster,regression,esm2_max,mlp,100,100,4,57,,,False,0.20083247302826435,0.10776265988906597,-19.932344436645508,16.535668620798827
TAP,CDR_Length,cluster,regression,esm2_max,mlp,150,150,4,57,,,False,0.3167800146063528,0.2514406427182169,-9.180843353271484,11.532001792249343
TAP,CDR_Length,cluster,regression,esm2_max,mlp,all,184,4,57,,,False,0.4066792458046404,0.37717067563272033,-7.101568222045898,10.28720416206118
TAP,CDR_Length,cluster,regression,esm2_max,mlp,25,25,5,68,,,False,0.16397699628764298,0.1839738239164016,-29.31022071838379,19.40812430185812
TAP,CDR_Length,cluster,regression,esm2_max,mlp,50,50,5,68,,,False,0.31423969238278804,0.3105172015423591,-15.507225036621094,14.322737849998948
TAP,CDR_Length,cluster,regression,esm2_max,mlp,100,100,5,68,,,False,0.31694419074242747,0.2826004673623563,-6.620589733123779,9.731578689368913
TAP,CDR_Length,cluster,regression,esm2_max,mlp,150,150,5,68,,,False,0.33487827560954014,0.3040731861071949,-3.9677772521972656,7.8572411312909445
TAP,CDR_Length,cluster,regression,esm2_max,mlp,all,173,5,68,,,False,0.31861292377284334,0.2558081335416635,-3.760758876800537,7.691784835145325
TAP,CDR_Length,cluster,regression,esm2_max,mlp,25,25,6,56,,,False,0.20257142819952817,0.21779940688033606,-32.13814926147461,21.545996872290722
TAP,CDR_Length,cluster,regression,esm2_max,mlp,50,50,6,56,,,False,0.16702535780408248,0.18792909756289722,-15.808265686035156,15.344894377473445
TAP,CDR_Length,cluster,regression,esm2_max,mlp,100,100,6,56,,,False,0.3128122816556738,0.34621945130793463,-11.68933391571045,13.332815358222271
TAP,CDR_Length,cluster,regression,esm2_max,mlp,150,150,6,56,,,False,0.338614062483256,0.3056185889020039,-10.001615524291992,12.414541357265112
TAP,CDR_Length,cluster,regression,esm2_max,mlp,all,185,6,56,,,False,0.3501425177466438,0.3307784818331458,-6.5404181480407715,10.27780080501037
TAP,CDR_Length,cluster,regression,esm2_max,mlp,25,25,7,59,,,False,0.003754296651010813,0.009540459740363882,-31.330455780029297,21.282439594305245
TAP,CDR_Length,cluster,regression,esm2_max,mlp,50,50,7,59,,,False,0.0923615637033832,0.05803327591265616,-17.612886428833008,16.148134272890566
TAP,CDR_Length,cluster,regression,esm2_max,mlp,100,100,7,59,,,False,0.15413147578954547,0.13926091925293602,-10.490439414978027,12.687726050202059
TAP,CDR_Length,cluster,regression,esm2_max,mlp,150,150,7,59,,,False,0.24863416180170833,0.24855225241770365,-6.166232585906982,10.019843234073681
TAP,CDR_Length,cluster,regression,esm2_max,mlp,all,182,7,59,,,False,0.3354816022989194,0.3298395265435316,-4.444986820220947,8.734014323264178
TAP,CDR_Length,cluster,regression,esm2_max,mlp,25,25,8,63,,,False,0.028289719716210374,0.0048487576562297845,-31.01750946044922,20.770204989395438
TAP,CDR_Length,cluster,regression,esm2_max,mlp,50,50,8,63,,,False,0.2115945731073623,0.15774305039833653,-18.57225799560547,16.239306956282157
TAP,CDR_Length,cluster,regression,esm2_max,mlp,100,100,8,63,,,False,0.3193316573076831,0.279471479181658,-7.893332481384277,10.946601547125034
TAP,CDR_Length,cluster,regression,esm2_max,mlp,150,150,8,63,,,False,0.25906539750338825,0.22866634263932437,-4.934889793395996,8.942384276169186
TAP,CDR_Length,cluster,regression,esm2_max,mlp,all,178,8,63,,,False,0.29128290624322917,0.2677342803115399,-4.5151143074035645,8.620337372698181
TAP,CDR_Length,cluster,regression,esm2_max,mlp,25,25,9,64,,,False,0.1164644312354286,0.1662181007247633,-29.290178298950195,21.21539787530359
TAP,CDR_Length,cluster,regression,esm2_max,mlp,50,50,9,64,,,False,0.19066205620633556,0.22407460518956962,-18.794008255004883,17.15011894295508
TAP,CDR_Length,cluster,regression,esm2_max,mlp,100,100,9,64,,,False,0.21604059708568804,0.22117836109178624,-9.133917808532715,12.27125391829466
TAP,CDR_Length,cluster,regression,esm2_max,mlp,150,150,9,64,,,False,0.2626217552996996,0.30557856420118923,-5.7703094482421875,10.030082904919963
TAP,CDR_Length,cluster,regression,esm2_max,mlp,all,177,9,64,,,False,0.3215922557429951,0.36139041725653176,-4.05608606338501,8.667772465216963
TAP,CDR_Length,cluster,regression,esm2_max,mlp,25,25,10,62,,,False,0.03352660742720763,0.053000496793637566,-24.571884155273438,19.869262116159273
TAP,CDR_Length,cluster,regression,esm2_max,mlp,50,50,10,62,,,False,0.09784914837352453,0.05992593650494178,-17.46506118774414,16.884015750339092
TAP,CDR_Length,cluster,regression,esm2_max,mlp,100,100,10,62,,,False,0.2896537063997667,0.2739135408539453,-6.879719257354736,11.02949825315753
TAP,CDR_Length,cluster,regression,esm2_max,mlp,150,150,10,62,,,False,0.3600949796216373,0.2857298452187604,-5.658679008483887,10.138983353382537
TAP,CDR_Length,cluster,regression,esm2_max,mlp,all,179,10,62,,,False,0.37111881132470104,0.2849680827286935,-3.3663978576660156,8.210357065737321
TAP,CDR_Length,cluster,regression,esm2_max,mlp,25,25,11,62,,,False,0.11699205429106473,0.1411256269911043,-26.1590576171875,20.096098662539088
TAP,CDR_Length,cluster,regression,esm2_max,mlp,50,50,11,62,,,False,0.22222166420475753,0.251822714538896,-15.388729095458984,15.610868536941153
TAP,CDR_Length,cluster,regression,esm2_max,mlp,100,100,11,62,,,False,0.46394622005457686,0.4315033586975061,-5.50944185256958,9.838441316609257
TAP,CDR_Length,cluster,regression,esm2_max,mlp,150,150,11,62,,,False,0.5271345771614049,0.45283307987430416,-4.780185699462891,9.270972482547288
TAP,CDR_Length,cluster,regression,esm2_max,mlp,all,179,11,62,,,False,0.6050196658451213,0.5331669715396016,-2.86979341506958,7.585746649688916
TAP,CDR_Length,cluster,regression,esm2_max,mlp,25,25,12,62,,,False,-0.05970237298218631,-0.0604557442107025,-40.4898681640625,22.271792301409057
TAP,CDR_Length,cluster,regression,esm2_max,mlp,50,50,12,62,,,False,-0.05942386318455949,-0.11395443593215301,-19.791770935058594,15.766304739247042
TAP,CDR_Length,cluster,regression,esm2_max,mlp,100,100,12,62,,,False,0.13644448176463195,0.13319134552013945,-9.070090293884277,10.972379578486754
TAP,CDR_Length,cluster,regression,esm2_max,mlp,150,150,12,62,,,False,0.26103963759386806,0.26596547113727487,-5.782032489776611,9.004592846809244
TAP,CDR_Length,cluster,regression,esm2_max,mlp,all,179,12,62,,,False,0.2864093482504205,0.2317771703565131,-6.467206954956055,9.448508392790213
TAP,CDR_Length,cluster,regression,esm2_max,mlp,25,25,13,61,,,False,0.25586645600666325,0.23991609494591484,-26.715368270874023,19.91545751092369
TAP,CDR_Length,cluster,regression,esm2_max,mlp,50,50,13,61,,,False,0.20016366211831832,0.20618838469491776,-13.677395820617676,14.492872361783506
TAP,CDR_Length,cluster,regression,esm2_max,mlp,100,100,13,61,,,False,0.26234475996698553,0.22610097545854466,-5.8168110847473145,9.876898810523818
TAP,CDR_Length,cluster,regression,esm2_max,mlp,150,150,13,61,,,False,0.23637844327356256,0.22677009450207736,-4.621747970581055,8.96944615419173
TAP,CDR_Length,cluster,regression,esm2_max,mlp,all,180,13,61,,,False,0.2578311875356134,0.25671553941148906,-4.390749454498291,8.783235159161947
TAP,CDR_Length,cluster,regression,esm2_max,mlp,25,25,14,59,,,False,-0.31544426692712657,-0.3294836933733019,-35.75248336791992,22.6176343129459
TAP,CDR_Length,cluster,regression,esm2_max,mlp,50,50,14,59,,,False,0.006335282348327228,0.01892628375692216,-14.063758850097656,14.480065444031386
TAP,CDR_Length,cluster,regression,esm2_max,mlp,100,100,14,59,,,False,0.2816560944027147,0.25806646110868225,-12.31332778930664,13.612790227216742
TAP,CDR_Length,cluster,regression,esm2_max,mlp,150,150,14,59,,,False,0.31227662575296294,0.288153721812762,-7.702652931213379,11.006004037205976
TAP,CDR_Length,cluster,regression,esm2_max,mlp,all,182,14,59,,,False,0.35568504184335326,0.2999243986466434,-6.006655693054199,9.875502901440974
TAP,CDR_Length,cluster,regression,esm2_max,mlp,25,25,15,58,,,False,0.2621672222130977,0.3017784193258435,-31.77313232421875,22.200966281379234
TAP,CDR_Length,cluster,regression,esm2_max,mlp,50,50,15,58,,,False,0.2581462525472526,0.23571547022243725,-25.587182998657227,19.996273267574225
TAP,CDR_Length,cluster,regression,esm2_max,mlp,100,100,15,58,,,False,0.3169142707403727,0.3174179058067371,-11.143655776977539,13.514115178563054
TAP,CDR_Length,cluster,regression,esm2_max,mlp,150,150,15,58,,,False,0.3177493952094328,0.3182394570939054,-6.629580974578857,10.711819387381412
TAP,CDR_Length,cluster,regression,esm2_max,mlp,all,183,15,58,,,False,0.3783732455560198,0.3573421267630742,-4.662143230438232,9.227909495955753
TAP,CDR_Length,cluster,regression,esm2_max,mlp,25,25,16,55,,,False,0.1922230405386472,0.14049172565549373,-33.76007843017578,21.051351065573567
TAP,CDR_Length,cluster,regression,esm2_max,mlp,50,50,16,55,,,False,0.26808047932993345,0.24423301916682047,-21.1713809967041,16.81264306022192
TAP,CDR_Length,cluster,regression,esm2_max,mlp,100,100,16,55,,,False,0.06379581538194377,0.0903683595793889,-13.768030166625977,13.721478065237559
TAP,CDR_Length,cluster,regression,esm2_max,mlp,150,150,16,55,,,False,0.1637038406099309,0.17180559468689824,-8.210017204284668,10.836021597367777
TAP,CDR_Length,cluster,regression,esm2_max,mlp,all,186,16,55,,,False,0.16377650099191488,0.19486254746558987,-7.25572395324707,10.259287672550993
TAP,CDR_Length,cluster,regression,esm2_max,mlp,25,25,17,58,,,False,-0.15879785663376875,-0.14940416567096157,-32.0860595703125,22.709590553047743
TAP,CDR_Length,cluster,regression,esm2_max,mlp,50,50,17,58,,,False,-0.055146726476902184,-0.03410367598706035,-13.544514656066895,15.056929010098841
TAP,CDR_Length,cluster,regression,esm2_max,mlp,100,100,17,58,,,False,0.35229026443479866,0.3305620820633977,-5.826993465423584,10.315766406273884
TAP,CDR_Length,cluster,regression,esm2_max,mlp,150,150,17,58,,,False,0.3854400893702138,0.3379329287096129,-3.076204299926758,7.971035520092764
TAP,CDR_Length,cluster,regression,esm2_max,mlp,all,183,17,58,,,False,0.44908281012226897,0.434641852705108,-1.6720314025878906,6.453682299461127
TAP,CDR_Length,cluster,regression,esm2_max,mlp,25,25,18,56,,,False,0.22278555468450675,0.2320105904533177,-54.02995681762695,25.79016305840829
TAP,CDR_Length,cluster,regression,esm2_max,mlp,50,50,18,56,,,False,0.25595615360948115,0.2636386655612318,-33.758846282958984,20.496852713878205
TAP,CDR_Length,cluster,regression,esm2_max,mlp,100,100,18,56,,,False,0.06187724561366851,0.10386165948529688,-22.092761993408203,16.70676842707021
TAP,CDR_Length,cluster,regression,esm2_max,mlp,150,150,18,56,,,False,0.06489899789668892,0.110371656875845,-14.467472076416016,13.673010949656831
TAP,CDR_Length,cluster,regression,esm2_max,mlp,all,185,18,56,,,False,0.1917095795011716,0.20699498033282626,-10.648438453674316,11.865563017304535
TAP,CDR_Length,cluster,regression,esm2_max,mlp,25,25,19,64,,,False,0.19567633667261838,0.1496620671580364,-30.3170166015625,21.672250507377278
TAP,CDR_Length,cluster,regression,esm2_max,mlp,50,50,19,64,,,False,0.25456116577369936,0.202945284289187,-17.13791847229004,16.493299347056347
TAP,CDR_Length,cluster,regression,esm2_max,mlp,100,100,19,64,,,False,0.3250295181590368,0.23473949996348187,-8.174960136413574,11.730483948446786
TAP,CDR_Length,cluster,regression,esm2_max,mlp,150,150,19,64,,,False,0.3686692331166232,0.28818439078769037,-5.422330379486084,9.814318051905202
TAP,CDR_Length,cluster,regression,esm2_max,mlp,all,177,19,64,,,False,0.36712629860361096,0.2860566053522976,-4.536533355712891,9.112399942036589
TAP,CDR_Length,cluster,regression,esm2_cls,linear,25,25,0,63,,,False,0.5401516237853474,0.5038476090538936,0.13856858015060425,3.4484846821270785
TAP,CDR_Length,cluster,regression,esm2_cls,linear,50,50,0,63,,,False,0.7400120678045573,0.7177644956584729,0.5000967383384705,2.627005432242864
TAP,CDR_Length,cluster,regression,esm2_cls,linear,100,100,0,63,,,False,0.8381929378654248,0.8522184487399216,0.7172091007232666,1.975835261518419
TAP,CDR_Length,cluster,regression,esm2_cls,linear,150,150,0,63,,,False,0.9217516385340864,0.9202218008953655,0.8328182101249695,1.519191555922744
TAP,CDR_Length,cluster,regression,esm2_cls,linear,all,178,0,63,,,False,0.9415132833067211,0.9407718175407406,0.8801132440567017,1.286481733173059
TAP,CDR_Length,cluster,regression,esm2_cls,linear,25,25,1,60,,,False,0.7131469714548212,0.7132513847073728,0.46600550413131714,2.3471034561844335
TAP,CDR_Length,cluster,regression,esm2_cls,linear,50,50,1,60,,,False,0.7551099406284145,0.7512579961410468,0.5216526985168457,2.221444586143583
TAP,CDR_Length,cluster,regression,esm2_cls,linear,100,100,1,60,,,False,0.8762493776035812,0.8797672459418094,0.7739330530166626,1.5271524461535468
TAP,CDR_Length,cluster,regression,esm2_cls,linear,150,150,1,60,,,False,0.8944370559870759,0.9088695618541913,0.8244081139564514,1.3459100704405376
TAP,CDR_Length,cluster,regression,esm2_cls,linear,all,181,1,60,,,False,0.9170389481717875,0.9178421334125777,0.8395307660102844,1.2866479936508322
TAP,CDR_Length,cluster,regression,esm2_cls,linear,25,25,2,68,,,False,0.5568303315381605,0.5607024819981701,0.20510780811309814,3.0176179642569148
TAP,CDR_Length,cluster,regression,esm2_cls,linear,50,50,2,68,,,False,0.7733134664447802,0.7652285101945423,0.5766856670379639,2.202123540349823
TAP,CDR_Length,cluster,regression,esm2_cls,linear,100,100,2,68,,,False,0.9076053507007528,0.9078872307515281,0.8089636564254761,1.479340602907875
TAP,CDR_Length,cluster,regression,esm2_cls,linear,150,150,2,68,,,False,0.922996970672784,0.9239022261912511,0.8415746688842773,1.347170043281262
TAP,CDR_Length,cluster,regression,esm2_cls,linear,all,173,2,68,,,False,0.9310775711581004,0.938226223888747,0.8675466775894165,1.231803985854186
TAP,CDR_Length,cluster,regression,esm2_cls,linear,25,25,3,63,,,False,0.5340787347380885,0.5746642276469707,0.22412806749343872,3.399896950832295
TAP,CDR_Length,cluster,regression,esm2_cls,linear,50,50,3,63,,,False,0.711036452615567,0.712667928303897,0.4917494058609009,2.7517546615165025
TAP,CDR_Length,cluster,regression,esm2_cls,linear,100,100,3,63,,,False,0.822556932133286,0.8531556915404582,0.7130465507507324,2.067647246226081
TAP,CDR_Length,cluster,regression,esm2_cls,linear,150,150,3,63,,,False,0.8904284839642558,0.9047365987019979,0.809777021408081,1.6834578765985144
TAP,CDR_Length,cluster,regression,esm2_cls,linear,all,178,3,63,,,False,0.9171336258068391,0.9264098747916459,0.8462104201316833,1.513680421230613
TAP,CDR_Length,cluster,regression,esm2_cls,linear,25,25,4,57,,,False,0.6066977091335359,0.6573012849870298,0.40893810987472534,2.7786209398827966
TAP,CDR_Length,cluster,regression,esm2_cls,linear,50,50,4,57,,,False,0.8052835153915425,0.8298667303447925,0.6761454939842224,2.0567798510335904
TAP,CDR_Length,cluster,regression,esm2_cls,linear,100,100,4,57,,,False,0.8736603301385196,0.8873467789100953,0.776729166507721,1.7077678200764541
TAP,CDR_Length,cluster,regression,esm2_cls,linear,150,150,4,57,,,False,0.9332784005202888,0.9408031379570914,0.8146893382072449,1.5558332085805042
TAP,CDR_Length,cluster,regression,esm2_cls,linear,all,184,4,57,,,False,0.9323992700449706,0.9413465389734176,0.823307991027832,1.5192220686785984
TAP,CDR_Length,cluster,regression,esm2_cls,linear,25,25,5,68,,,False,0.4259872629023585,0.4514167537431195,0.1652393341064453,3.2208463007510106
TAP,CDR_Length,cluster,regression,esm2_cls,linear,50,50,5,68,,,False,0.6666876169102695,0.6870885556378838,0.47180718183517456,2.5620362218638886
TAP,CDR_Length,cluster,regression,esm2_cls,linear,100,100,5,68,,,False,0.8073790741298111,0.840057320098289,0.7054048776626587,1.9133823413020636
TAP,CDR_Length,cluster,regression,esm2_cls,linear,150,150,5,68,,,False,0.8918131293009662,0.9134512855698123,0.827802300453186,1.4628598928509164
TAP,CDR_Length,cluster,regression,esm2_cls,linear,all,173,5,68,,,False,0.9136984670906726,0.9306803713286458,0.8659127950668335,1.2908705911658946
TAP,CDR_Length,cluster,regression,esm2_cls,linear,25,25,6,56,,,False,0.5071490989527822,0.5400013984039653,0.24295073747634888,3.2566008457661146
TAP,CDR_Length,cluster,regression,esm2_cls,linear,50,50,6,56,,,False,0.5652031058148421,0.6148264598874611,0.3404225707054138,3.0397325288011334
TAP,CDR_Length,cluster,regression,esm2_cls,linear,100,100,6,56,,,False,0.847821814161643,0.809710066960049,0.6523648500442505,2.2068067196418526
TAP,CDR_Length,cluster,regression,esm2_cls,linear,150,150,6,56,,,False,0.8997341737256482,0.8807782524507751,0.7728456258773804,1.7838692617846408
TAP,CDR_Length,cluster,regression,esm2_cls,linear,all,185,6,56,,,False,0.9086206913245096,0.8969921447500959,0.8025355935096741,1.6632092138578354
TAP,CDR_Length,cluster,regression,esm2_cls,linear,25,25,7,59,,,False,0.4445321878337491,0.5317895370428234,0.2799672484397888,3.1760812386712236
TAP,CDR_Length,cluster,regression,esm2_cls,linear,50,50,7,59,,,False,0.7766407892352759,0.807025625743953,0.6018457412719727,2.361789238770122
TAP,CDR_Length,cluster,regression,esm2_cls,linear,100,100,7,59,,,False,0.9030549967810305,0.9002698523236781,0.8020691275596619,1.6652225424953413
TAP,CDR_Length,cluster,regression,esm2_cls,linear,150,150,7,59,,,False,0.8866592793754444,0.8909362861249959,0.7769643664360046,1.7676757920416706
TAP,CDR_Length,cluster,regression,esm2_cls,linear,all,182,7,59,,,False,0.9293937342232782,0.9289969845125763,0.8523147106170654,1.4384147133418599
TAP,CDR_Length,cluster,regression,esm2_cls,linear,25,25,8,63,,,False,0.5189741852879242,0.5274047639246487,0.1836746335029602,3.3164898718662905
TAP,CDR_Length,cluster,regression,esm2_cls,linear,50,50,8,63,,,False,0.706038149646477,0.7173019507811643,0.5010114312171936,2.592939036741389
TAP,CDR_Length,cluster,regression,esm2_cls,linear,100,100,8,63,,,False,0.8689088613686798,0.8663147184121469,0.7436678409576416,1.8584399264242968
TAP,CDR_Length,cluster,regression,esm2_cls,linear,150,150,8,63,,,False,0.9204520559793903,0.9044412198747495,0.8127626180648804,1.588339310592705
TAP,CDR_Length,cluster,regression,esm2_cls,linear,all,178,8,63,,,False,0.9445007274246864,0.9355415829277067,0.8726454973220825,1.3099485662633084
TAP,CDR_Length,cluster,regression,esm2_cls,linear,25,25,9,64,,,False,0.4246060603123668,0.3839936640241929,0.11230933666229248,3.631876835370363
TAP,CDR_Length,cluster,regression,esm2_cls,linear,50,50,9,64,,,False,0.5909277886753235,0.6473436669847377,0.3929672837257385,3.0033524286420934
TAP,CDR_Length,cluster,regression,esm2_cls,linear,100,100,9,64,,,False,0.7972091832228605,0.8092867519269911,0.6025104522705078,2.430318111295465
TAP,CDR_Length,cluster,regression,esm2_cls,linear,150,150,9,64,,,False,0.8521883313278577,0.874578469186259,0.7437783479690552,1.9512287355961837
TAP,CDR_Length,cluster,regression,esm2_cls,linear,all,177,9,64,,,False,0.867230884649074,0.8826843512241662,0.765060544013977,1.8684360071126307
TAP,CDR_Length,cluster,regression,esm2_cls,linear,25,25,10,62,,,False,0.532001015743496,0.651847243199123,0.3912869095802307,3.0655382382150855
TAP,CDR_Length,cluster,regression,esm2_cls,linear,50,50,10,62,,,False,0.6472708522899814,0.7098664915021755,0.46718305349349976,2.8680675427329207
TAP,CDR_Length,cluster,regression,esm2_cls,linear,100,100,10,62,,,False,0.8500233899662846,0.8618649140329262,0.7318668365478516,2.03458389809054
TAP,CDR_Length,cluster,regression,esm2_cls,linear,150,150,10,62,,,False,0.9157365518843181,0.9215582593383354,0.8420875072479248,1.5613801161468917
TAP,CDR_Length,cluster,regression,esm2_cls,linear,all,179,10,62,,,False,0.9405401732162118,0.9393975081185998,0.8689358234405518,1.4224674035158014
TAP,CDR_Length,cluster,regression,esm2_cls,linear,25,25,11,62,,,False,0.4039704015196332,0.4337563131942659,0.18174958229064941,3.4881689676277743
TAP,CDR_Length,cluster,regression,esm2_cls,linear,50,50,11,62,,,False,0.7827717016296212,0.7822815476851148,0.5800050497055054,2.4990585895222273
TAP,CDR_Length,cluster,regression,esm2_cls,linear,100,100,11,62,,,False,0.8793502234206017,0.8597696902872872,0.7365443110466003,1.979284405503262
TAP,CDR_Length,cluster,regression,esm2_cls,linear,150,150,11,62,,,False,0.9295872439226676,0.9309869252212416,0.8603613972663879,1.4409774888059725
TAP,CDR_Length,cluster,regression,esm2_cls,linear,all,179,11,62,,,False,0.942842127479104,0.9376812056921497,0.8725621700286865,1.3765866839844292
TAP,CDR_Length,cluster,regression,esm2_cls,linear,25,25,12,62,,,False,0.30182866340994197,0.33239131381736964,-0.05765795707702637,3.5559593624860772
TAP,CDR_Length,cluster,regression,esm2_cls,linear,50,50,12,62,,,False,0.5545889642925399,0.5851755925010097,0.3307056427001953,2.8287380480781557
TAP,CDR_Length,cluster,regression,esm2_cls,linear,100,100,12,62,,,False,0.8555820983096014,0.8394330738184417,0.6809914112091064,1.952923873452793
TAP,CDR_Length,cluster,regression,esm2_cls,linear,150,150,12,62,,,False,0.8905983755930467,0.8891516716547243,0.7782610058784485,1.6281903976675423
TAP,CDR_Length,cluster,regression,esm2_cls,linear,all,179,12,62,,,False,0.9216142394196699,0.9147318222200085,0.8220399022102356,1.4586310256573074
TAP,CDR_Length,cluster,regression,esm2_cls,linear,25,25,13,61,,,False,0.7869280781966889,0.7456019385408372,0.4807925820350647,2.7258404385526522
TAP,CDR_Length,cluster,regression,esm2_cls,linear,50,50,13,61,,,False,0.806044384964853,0.8321453515772412,0.6561459302902222,2.218283318045356
TAP,CDR_Length,cluster,regression,esm2_cls,linear,100,100,13,61,,,False,0.8947493584543478,0.9121562267003896,0.8292943835258484,1.5629818378669698
TAP,CDR_Length,cluster,regression,esm2_cls,linear,150,150,13,61,,,False,0.9399116331941356,0.9402247233284403,0.8838441371917725,1.2892898314755914
TAP,CDR_Length,cluster,regression,esm2_cls,linear,all,180,13,61,,,False,0.9452217184075145,0.9456547040293463,0.8926995992660522,1.2391694630044525
TAP,CDR_Length,cluster,regression,esm2_cls,linear,25,25,14,59,,,False,0.18692015928652514,0.2000527880668645,-0.38367974758148193,4.388555873085376
TAP,CDR_Length,cluster,regression,esm2_cls,linear,50,50,14,59,,,False,0.7349807424385743,0.6791974830850398,0.4526185989379883,2.760252738735439
TAP,CDR_Length,cluster,regression,esm2_cls,linear,100,100,14,59,,,False,0.8692828622209371,0.8542393008349454,0.7258728742599487,1.9533490977371517
TAP,CDR_Length,cluster,regression,esm2_cls,linear,150,150,14,59,,,False,0.9096116271697794,0.9116368495172542,0.8248639106750488,1.5613191449543973
TAP,CDR_Length,cluster,regression,esm2_cls,linear,all,182,14,59,,,False,0.933750226117341,0.930606512487677,0.860336422920227,1.3942654612881558
TAP,CDR_Length,cluster,regression,esm2_cls,linear,25,25,15,58,,,False,0.5883297231849139,0.6362878507825983,0.39718329906463623,3.010963879019696
TAP,CDR_Length,cluster,regression,esm2_cls,linear,50,50,15,58,,,False,0.7769441310489383,0.8202514951812969,0.6652362942695618,2.243789406054006
TAP,CDR_Length,cluster,regression,esm2_cls,linear,100,100,15,58,,,False,0.8486411132445447,0.8744973999781835,0.7523181438446045,1.9300119910277551
TAP,CDR_Length,cluster,regression,esm2_cls,linear,150,150,15,58,,,False,0.9412471377025455,0.9407996592870831,0.8746742010116577,1.3728816820908583
TAP,CDR_Length,cluster,regression,esm2_cls,linear,all,183,15,58,,,False,0.9358961549933826,0.9425338983821449,0.8815262317657471,1.3348238831488608
TAP,CDR_Length,cluster,regression,esm2_cls,linear,25,25,16,55,,,False,0.4504217079187579,0.4318265859995439,0.13771486282348633,3.3156224235429272
TAP,CDR_Length,cluster,regression,esm2_cls,linear,50,50,16,55,,,False,0.5920367924055556,0.6826281348608246,0.44032585620880127,2.6712051200525684
TAP,CDR_Length,cluster,regression,esm2_cls,linear,100,100,16,55,,,False,0.7608268597543658,0.8304769597521031,0.6474673748016357,2.1200167008174233
TAP,CDR_Length,cluster,regression,esm2_cls,linear,150,150,16,55,,,False,0.8933230663021727,0.9100081369007317,0.8129558563232422,1.5442290238518348
TAP,CDR_Length,cluster,regression,esm2_cls,linear,all,186,16,55,,,False,0.9108342183603145,0.9163476867535676,0.8336940407752991,1.4561077736381844
TAP,CDR_Length,cluster,regression,esm2_cls,linear,25,25,17,58,,,False,0.3929783533816223,0.40977233630780313,-0.09110736846923828,4.124017575122778
TAP,CDR_Length,cluster,regression,esm2_cls,linear,50,50,17,58,,,False,0.4976798973761441,0.5655688638872804,0.22933876514434814,3.4659199777954153
TAP,CDR_Length,cluster,regression,esm2_cls,linear,100,100,17,58,,,False,0.9049624156646603,0.9044749331446985,0.7738271951675415,1.8776168196718968
TAP,CDR_Length,cluster,regression,esm2_cls,linear,150,150,17,58,,,False,0.9385756584696293,0.9440273449325033,0.8722789287567139,1.410970695362591
TAP,CDR_Length,cluster,regression,esm2_cls,linear,all,183,17,58,,,False,0.9447854579216503,0.9556037289080654,0.9066924452781677,1.2059940369652857
TAP,CDR_Length,cluster,regression,esm2_cls,linear,25,25,18,56,,,False,0.6278720510798715,0.5940839570278005,0.33238673210144043,2.8406452154113784
TAP,CDR_Length,cluster,regression,esm2_cls,linear,50,50,18,56,,,False,0.7306803048908168,0.6746375555074926,0.4259539246559143,2.634073510885578
TAP,CDR_Length,cluster,regression,esm2_cls,linear,100,100,18,56,,,False,0.8311192302071211,0.8245107971432999,0.678826093673706,1.970265000533506
TAP,CDR_Length,cluster,regression,esm2_cls,linear,150,150,18,56,,,False,0.8979068232806978,0.892704425636182,0.7919589877128601,1.585729068118812
TAP,CDR_Length,cluster,regression,esm2_cls,linear,all,185,18,56,,,False,0.9223555462978632,0.9223838736008347,0.8392156362533569,1.394043837686227
TAP,CDR_Length,cluster,regression,esm2_cls,linear,25,25,19,64,,,False,0.49129798359110755,0.5641787746843228,0.28364884853363037,3.277757457635877
TAP,CDR_Length,cluster,regression,esm2_cls,linear,50,50,19,64,,,False,0.7502576641705584,0.7496159563510151,0.5473850965499878,2.6054229552897903
TAP,CDR_Length,cluster,regression,esm2_cls,linear,100,100,19,64,,,False,0.8202884679626536,0.8452627610898449,0.7138856649398804,2.0714936287906327
TAP,CDR_Length,cluster,regression,esm2_cls,linear,150,150,19,64,,,False,0.8772158428308084,0.9209323543734732,0.8317956924438477,1.5882995230348345
TAP,CDR_Length,cluster,regression,esm2_cls,linear,all,177,19,64,,,False,0.8830882055295866,0.9281691507228368,0.8384532332420349,1.5565496061252329
TAP,CDR_Length,cluster,regression,esm2_cls,mlp,25,25,0,63,,,False,0.4836656525854235,0.4612987655656919,-21.45588493347168,17.60690715016976
TAP,CDR_Length,cluster,regression,esm2_cls,mlp,50,50,0,63,,,False,0.312325677578734,0.3033433550783998,-12.15342903137207,13.475270720499614
TAP,CDR_Length,cluster,regression,esm2_cls,mlp,100,100,0,63,,,False,0.48166294621652395,0.46346620419265533,-4.759471893310547,8.916806424411945
TAP,CDR_Length,cluster,regression,esm2_cls,mlp,150,150,0,63,,,False,0.4477858408920074,0.4065493767758533,-3.194418430328369,7.609460496278615
TAP,CDR_Length,cluster,regression,esm2_cls,mlp,all,178,0,63,,,False,0.48340023366906326,0.4254673289746913,-3.0306615829467773,7.4594394838816225
TAP,CDR_Length,cluster,regression,esm2_cls,mlp,25,25,1,60,,,False,-0.1525697567623121,-0.15846137068861726,-36.754154205322266,19.735412570624387
TAP,CDR_Length,cluster,regression,esm2_cls,mlp,50,50,1,60,,,False,-0.04064988025804141,-0.017872864353033157,-34.45940399169922,19.12623937491326
TAP,CDR_Length,cluster,regression,esm2_cls,mlp,100,100,1,60,,,False,-0.052719123056305245,-0.05666418973920049,-15.151830673217773,12.908468448041205
TAP,CDR_Length,cluster,regression,esm2_cls,mlp,150,150,1,60,,,False,0.022825396680975822,0.05302506653126675,-7.433152198791504,9.327362498776198
TAP,CDR_Length,cluster,regression,esm2_cls,mlp,all,181,1,60,,,False,0.05906106313780036,0.10633370340585047,-6.276765823364258,8.664291279387491
TAP,CDR_Length,cluster,regression,esm2_cls,mlp,25,25,2,68,,,False,-0.10110370369128027,-0.09393787177726598,-21.65876007080078,16.111212699843378
TAP,CDR_Length,cluster,regression,esm2_cls,mlp,50,50,2,68,,,False,0.07793931563337324,0.08744073527638782,-17.08693504333496,14.394369551546719
TAP,CDR_Length,cluster,regression,esm2_cls,mlp,100,100,2,68,,,False,0.03826741515546269,0.04685970201981447,-9.926560401916504,11.187985334018816
TAP,CDR_Length,cluster,regression,esm2_cls,mlp,150,150,2,68,,,False,0.03353449201406308,0.03815422833424542,-6.277032852172852,9.130347873971973
TAP,CDR_Length,cluster,regression,esm2_cls,mlp,all,173,2,68,,,False,0.03353449201406308,0.034262706948261126,-6.376101493835449,9.192287302723903
TAP,CDR_Length,cluster,regression,esm2_cls,mlp,25,25,3,63,,,False,0.332488656785592,0.26351163921302867,-12.197563171386719,14.022246491123088
TAP,CDR_Length,cluster,regression,esm2_cls,mlp,50,50,3,63,,,False,0.17946433768941772,0.12518626360914553,-9.460497856140137,12.483803908050707
TAP,CDR_Length,cluster,regression,esm2_cls,mlp,100,100,3,63,,,False,0.3071814375304363,0.23857699692631767,-4.739277362823486,9.246967768715047
TAP,CDR_Length,cluster,regression,esm2_cls,mlp,150,150,3,63,,,False,0.22296865269470903,0.23739217203011648,-3.059743881225586,7.777142386726529
TAP,CDR_Length,cluster,regression,esm2_cls,mlp,all,178,3,63,,,False,0.32210064583418996,0.3338270752222281,-2.348893880844116,7.063524028466687
TAP,CDR_Length,cluster,regression,esm2_cls,mlp,25,25,4,57,,,False,-0.06453468896595654,-0.11622868375066589,-23.53740692138672,17.903055292680545
TAP,CDR_Length,cluster,regression,esm2_cls,mlp,50,50,4,57,,,False,-0.3225757636658585,-0.3506052842786896,-20.951011657714844,16.933241286133658
TAP,CDR_Length,cluster,regression,esm2_cls,mlp,100,100,4,57,,,False,0.10829585040402193,0.11000782325988831,-10.090015411376953,12.035909403167029
TAP,CDR_Length,cluster,regression,esm2_cls,mlp,150,150,4,57,,,False,0.4198987633223893,0.4177841651094413,-4.327796936035156,8.342316718820346
TAP,CDR_Length,cluster,regression,esm2_cls,mlp,all,184,4,57,,,False,0.5223988646669055,0.48752527056628125,-3.2083792686462402,7.414302151990065
TAP,CDR_Length,cluster,regression,esm2_cls,mlp,25,25,5,68,,,False,0.24499686204024607,0.1549274094724391,-23.664823532104492,17.50765625095406
TAP,CDR_Length,cluster,regression,esm2_cls,mlp,50,50,5,68,,,False,0.19545275379238294,0.23500952320425567,-12.078058242797852,12.74854555403454
TAP,CDR_Length,cluster,regression,esm2_cls,mlp,100,100,5,68,,,False,0.3160426912892143,0.2460364932774708,-4.701936721801758,8.417830967600972
TAP,CDR_Length,cluster,regression,esm2_cls,mlp,150,150,5,68,,,False,0.24837268977993787,0.2084989062994345,-4.33912467956543,8.145618848675191
TAP,CDR_Length,cluster,regression,esm2_cls,mlp,all,173,5,68,,,False,0.37404554972573706,0.2840484191131497,-2.8063724040985107,6.877722913620345
TAP,CDR_Length,cluster,regression,esm2_cls,mlp,25,25,6,56,,,False,0.0669748353396814,0.031972249292019195,-19.894872665405273,17.10890929353975
TAP,CDR_Length,cluster,regression,esm2_cls,mlp,50,50,6,56,,,False,0.13796404349429248,0.1248987811834208,-14.031444549560547,14.511182756992305
TAP,CDR_Length,cluster,regression,esm2_cls,mlp,100,100,6,56,,,False,0.1577614205388602,0.18786606982321868,-7.211142539978027,10.725171775425837
TAP,CDR_Length,cluster,regression,esm2_cls,mlp,150,150,6,56,,,False,0.24168582998602242,0.2547052414241593,-5.915802955627441,9.842915355443195
TAP,CDR_Length,cluster,regression,esm2_cls,mlp,all,185,6,56,,,False,0.3236545193438599,0.35022929486912446,-3.4189562797546387,7.8679632626250395
TAP,CDR_Length,cluster,regression,esm2_cls,mlp,25,25,7,59,,,False,-0.11644185706650724,-0.12522848062486594,-16.185863494873047,15.516764275803212
TAP,CDR_Length,cluster,regression,esm2_cls,mlp,50,50,7,59,,,False,0.0704517230916248,0.03233037900759875,-12.097311973571777,13.545860171185948
TAP,CDR_Length,cluster,regression,esm2_cls,mlp,100,100,7,59,,,False,-0.01231878588612923,-0.027869133151598453,-5.80662202835083,9.765203366903918
TAP,CDR_Length,cluster,regression,esm2_cls,mlp,150,150,7,59,,,False,0.11896427512890514,0.13335113976168722,-2.73210072517395,7.230896681062304
TAP,CDR_Length,cluster,regression,esm2_cls,mlp,all,182,7,59,,,False,0.21733857956242283,0.21713812876796706,-2.184105634689331,6.678966117664605
TAP,CDR_Length,cluster,regression,esm2_cls,mlp,25,25,8,63,,,False,-0.13400266724177676,-0.12271385150132942,-23.59245491027832,18.203208699010705
TAP,CDR_Length,cluster,regression,esm2_cls,mlp,50,50,8,63,,,False,-0.030072887739208305,-0.011030406488230803,-14.960519790649414,14.664610686867269
TAP,CDR_Length,cluster,regression,esm2_cls,mlp,100,100,8,63,,,False,0.05115764476790003,0.08394836367088379,-8.430685043334961,11.272458181440289
TAP,CDR_Length,cluster,regression,esm2_cls,mlp,150,150,8,63,,,False,0.13079778417341562,0.16018632350744558,-7.45557975769043,10.673791774027816
TAP,CDR_Length,cluster,regression,esm2_cls,mlp,all,178,8,63,,,False,0.2570894545589851,0.23794435271813127,-4.351318836212158,8.491363528006962
TAP,CDR_Length,cluster,regression,esm2_cls,mlp,25,25,9,64,,,False,-0.13399869584298124,-0.12411751500761088,-15.673084259033203,15.740127443842809
TAP,CDR_Length,cluster,regression,esm2_cls,mlp,50,50,9,64,,,False,-0.08153433042511977,-0.1246250542712514,-15.351903915405273,15.587785661262181
TAP,CDR_Length,cluster,regression,esm2_cls,mlp,100,100,9,64,,,False,0.02680896772891601,-0.023777640699483835,-8.824544906616211,12.082491872986411
TAP,CDR_Length,cluster,regression,esm2_cls,mlp,150,150,9,64,,,False,0.12126328260170616,0.11434725420874563,-5.242924213409424,9.631508289651027
TAP,CDR_Length,cluster,regression,esm2_cls,mlp,all,177,9,64,,,False,0.1824717089225445,0.14112861413775754,-4.395816326141357,8.954242435734566
TAP,CDR_Length,cluster,regression,esm2_cls,mlp,25,25,10,62,,,False,-0.24045100801866104,-0.26245323750631433,-22.115497589111328,18.890872077920477
TAP,CDR_Length,cluster,regression,esm2_cls,mlp,50,50,10,62,,,False,-0.14568650980058098,-0.2008749490690709,-14.051231384277344,15.243559846653868
TAP,CDR_Length,cluster,regression,esm2_cls,mlp,100,100,10,62,,,False,0.18530656548567476,0.178818008457143,-5.661406517028809,10.141059904100041
TAP,CDR_Length,cluster,regression,esm2_cls,mlp,150,150,10,62,,,False,0.24404133852745705,0.20241137625199326,-4.9532856941223145,9.586912059336985
TAP,CDR_Length,cluster,regression,esm2_cls,mlp,all,179,10,62,,,False,0.3670733684978887,0.30238677155397375,-3.4641075134277344,8.301712787502368
TAP,CDR_Length,cluster,regression,esm2_cls,mlp,25,25,11,62,,,False,-0.0427495290274377,-0.007701386962356598,-25.480533599853516,19.843477333947934
TAP,CDR_Length,cluster,regression,esm2_cls,mlp,50,50,11,62,,,False,0.20557717302129364,0.19695909600044204,-13.391945838928223,14.628983368792362
TAP,CDR_Length,cluster,regression,esm2_cls,mlp,100,100,11,62,,,False,0.18339294996977715,0.19327748633671174,-6.421219825744629,10.50490324947967
TAP,CDR_Length,cluster,regression,esm2_cls,mlp,150,150,11,62,,,False,0.4196283651101563,0.44426315169215475,-5.217204570770264,9.615059855776346
TAP,CDR_Length,cluster,regression,esm2_cls,mlp,all,179,11,62,,,False,0.4371329059900302,0.4810931807024432,-3.8327832221984863,8.477212219882853
TAP,CDR_Length,cluster,regression,esm2_cls,mlp,25,25,12,62,,,False,0.2907389096498921,0.20107550894703227,-12.484038352966309,12.696795310626367
TAP,CDR_Length,cluster,regression,esm2_cls,mlp,50,50,12,62,,,False,0.1782715895536785,0.13801238687330805,-12.894434928894043,12.888564803973662
TAP,CDR_Length,cluster,regression,esm2_cls,mlp,100,100,12,62,,,False,0.24475947396895467,0.2048032413104024,-10.275153160095215,11.610351218034168
TAP,CDR_Length,cluster,regression,esm2_cls,mlp,150,150,12,62,,,False,0.25858368756024974,0.24574113716810264,-8.117013931274414,10.440239691299157
TAP,CDR_Length,cluster,regression,esm2_cls,mlp,all,179,12,62,,,False,0.3525174465780238,0.326127452847211,-4.953072547912598,8.436352210886547
TAP,CDR_Length,cluster,regression,esm2_cls,mlp,25,25,13,61,,,False,0.026099068823757385,0.0005487919283692923,-12.073031425476074,13.677859165555521
TAP,CDR_Length,cluster,regression,esm2_cls,mlp,50,50,13,61,,,False,-0.05490628110633802,-0.06255947731816962,-11.547372817993164,13.400048730718526
TAP,CDR_Length,cluster,regression,esm2_cls,mlp,100,100,13,61,,,False,0.060242916745783824,0.0034326942538533663,-6.030727863311768,10.030674245349559
TAP,CDR_Length,cluster,regression,esm2_cls,mlp,150,150,13,61,,,False,0.1374781061743802,0.08480639739429992,-5.080087184906006,9.327922279138608
TAP,CDR_Length,cluster,regression,esm2_cls,mlp,all,180,13,61,,,False,0.13830116938245393,0.1233150388719879,-5.2551045417785645,9.461222113689255
TAP,CDR_Length,cluster,regression,esm2_cls,mlp,25,25,14,59,,,False,-0.18325390792753946,-0.20666717491896094,-25.068037033081055,19.048378765466648
TAP,CDR_Length,cluster,regression,esm2_cls,mlp,50,50,14,59,,,False,0.07869241916926832,0.08610520255974607,-12.233331680297852,13.571831058396043
TAP,CDR_Length,cluster,regression,esm2_cls,mlp,100,100,14,59,,,False,0.29863817069753634,0.33572080807388543,-5.517471790313721,9.524526954365664
TAP,CDR_Length,cluster,regression,esm2_cls,mlp,150,150,14,59,,,False,0.3382043553637096,0.3342238673576456,-3.266840934753418,7.706498204340915
TAP,CDR_Length,cluster,regression,esm2_cls,mlp,all,182,14,59,,,False,0.38935589432427764,0.3743189532657331,-2.819767951965332,7.291591527802136
TAP,CDR_Length,cluster,regression,esm2_cls,mlp,25,25,15,58,,,False,0.1313310553936778,0.1081492151124836,-17.816843032836914,16.82233569229206
TAP,CDR_Length,cluster,regression,esm2_cls,mlp,50,50,15,58,,,False,0.0815019620730902,0.10402212582583008,-19.273300170898438,17.46124226800087
TAP,CDR_Length,cluster,regression,esm2_cls,mlp,100,100,15,58,,,False,0.18991349037145114,0.1918024765199505,-9.259126663208008,12.421329865076459
TAP,CDR_Length,cluster,regression,esm2_cls,mlp,150,150,15,58,,,False,0.3045420563839264,0.2726130775794748,-5.575857162475586,9.944640672925487
TAP,CDR_Length,cluster,regression,esm2_cls,mlp,all,183,15,58,,,False,0.318862894501513,0.24354387119568505,-4.4258503913879395,9.033307957781584
TAP,CDR_Length,cluster,regression,esm2_cls,mlp,25,25,16,55,,,False,0.11614762060140901,0.10034765266620284,-22.6258487701416,17.355347684472793
TAP,CDR_Length,cluster,regression,esm2_cls,mlp,50,50,16,55,,,False,0.201341918477638,0.18969357423918956,-15.69127082824707,14.587616554627061
TAP,CDR_Length,cluster,regression,esm2_cls,mlp,100,100,16,55,,,False,0.044649804729162246,0.06167649229740764,-12.305143356323242,13.024149608465127
TAP,CDR_Length,cluster,regression,esm2_cls,mlp,150,150,16,55,,,False,0.14488480167607728,0.06751150016267693,-10.110411643981934,11.901581942535815
TAP,CDR_Length,cluster,regression,esm2_cls,mlp,all,186,16,55,,,False,0.12334099841782409,0.05658640554449359,-7.375822067260742,10.33363951516861
TAP,CDR_Length,cluster,regression,esm2_cls,mlp,25,25,17,58,,,False,-0.3514870067942387,-0.2956350450297633,-18.16823387145996,17.28533625044454
TAP,CDR_Length,cluster,regression,esm2_cls,mlp,50,50,17,58,,,False,-0.26828805194701316,-0.27691013781893037,-11.796449661254883,14.123147956182633
TAP,CDR_Length,cluster,regression,esm2_cls,mlp,100,100,17,58,,,False,0.10840888695095224,0.1031664199879143,-5.438324451446533,10.01781996611128
TAP,CDR_Length,cluster,regression,esm2_cls,mlp,150,150,17,58,,,False,0.07019235997508222,0.09908577640432595,-2.8423349857330322,7.738992016556155
TAP,CDR_Length,cluster,regression,esm2_cls,mlp,all,183,17,58,,,False,0.028670118863061755,0.046612522685318285,-2.3212015628814697,7.195059678997279
TAP,CDR_Length,cluster,regression,esm2_cls,mlp,25,25,18,56,,,False,-0.06778339780320844,-0.05874804751668081,-37.80344009399414,21.65656774516604
TAP,CDR_Length,cluster,regression,esm2_cls,mlp,50,50,18,56,,,False,0.14810019996212662,0.07163234931941265,-30.905502319335938,19.63754934144347
TAP,CDR_Length,cluster,regression,esm2_cls,mlp,100,100,18,56,,,False,0.16708916601338009,0.12799399730275532,-9.313604354858398,11.165025945001545
TAP,CDR_Length,cluster,regression,esm2_cls,mlp,150,150,18,56,,,False,0.16393006135385874,0.18145895120614747,-7.160844802856445,9.931664783540212
TAP,CDR_Length,cluster,regression,esm2_cls,mlp,all,185,18,56,,,False,0.1788327942042095,0.21863676289796857,-6.968306064605713,9.813806944136303
TAP,CDR_Length,cluster,regression,esm2_cls,mlp,25,25,19,64,,,False,0.2166786691482484,0.13675475208173954,-26.47345733642578,20.29880593142488
TAP,CDR_Length,cluster,regression,esm2_cls,mlp,50,50,19,64,,,False,0.25603501366672604,0.21202072166448535,-16.87139320373535,16.371671354155918
TAP,CDR_Length,cluster,regression,esm2_cls,mlp,100,100,19,64,,,False,0.25419270380044273,0.17939321910341563,-6.208097457885742,10.397385329483752
TAP,CDR_Length,cluster,regression,esm2_cls,mlp,150,150,19,64,,,False,0.26681252638448355,0.2503122860899651,-3.281588077545166,8.01338973122158
TAP,CDR_Length,cluster,regression,esm2_cls,mlp,all,177,19,64,,,False,0.2733296975364608,0.2655936466715965,-3.16900634765625,7.907333909090578
TAP,CDR_Length,cluster,regression,esm2_mean+max,linear,25,25,0,63,,,False,0.6924779527836902,0.7049853896917658,0.3987801671028137,2.880942930436939
TAP,CDR_Length,cluster,regression,esm2_mean+max,linear,50,50,0,63,,,False,0.8829522187607085,0.8647130793104686,0.668822169303894,2.1382013731672664
TAP,CDR_Length,cluster,regression,esm2_mean+max,linear,100,100,0,63,,,False,0.9499825596378503,0.9452372081661583,0.8644653558731079,1.3678646963711931
TAP,CDR_Length,cluster,regression,esm2_mean+max,linear,150,150,0,63,,,False,0.9696718174332958,0.9723828373942922,0.9354747533798218,0.9438061009775233
TAP,CDR_Length,cluster,regression,esm2_mean+max,linear,all,178,0,63,,,False,0.9737496171482839,0.9755000605357245,0.9460228681564331,0.8632228364209031
TAP,CDR_Length,cluster,regression,esm2_mean+max,linear,25,25,1,60,,,False,0.7240986917717643,0.7178129786074104,0.47649455070495605,2.323937774463422
TAP,CDR_Length,cluster,regression,esm2_mean+max,linear,50,50,1,60,,,False,0.8539827421632658,0.8471755864539059,0.6780041456222534,1.8225900825080459
TAP,CDR_Length,cluster,regression,esm2_mean+max,linear,100,100,1,60,,,False,0.9428537174902965,0.9323801273550792,0.84373539686203,1.269679517756673
TAP,CDR_Length,cluster,regression,esm2_mean+max,linear,150,150,1,60,,,False,0.9404789822174898,0.9421107585619699,0.8819234371185303,1.1036864858464166
TAP,CDR_Length,cluster,regression,esm2_mean+max,linear,all,181,1,60,,,False,0.9510116316039376,0.9530710128347315,0.9045867919921875,0.9921290119436782
TAP,CDR_Length,cluster,regression,esm2_mean+max,linear,25,25,2,68,,,False,0.6433504753059411,0.6396766937466085,0.384282648563385,2.655833626533792
TAP,CDR_Length,cluster,regression,esm2_mean+max,linear,50,50,2,68,,,False,0.8464044217869635,0.8590977963167614,0.6915773153305054,1.8796775189113504
TAP,CDR_Length,cluster,regression,esm2_mean+max,linear,100,100,2,68,,,False,0.946584628279922,0.9453267979460991,0.8748384714126587,1.1974176119327993
TAP,CDR_Length,cluster,regression,esm2_mean+max,linear,150,150,2,68,,,False,0.957531917985029,0.9585259177569337,0.910050094127655,1.015103859448837
TAP,CDR_Length,cluster,regression,esm2_mean+max,linear,all,173,2,68,,,False,0.9560312350377559,0.9602271760795146,0.9156529903411865,0.9829808168287053
TAP,CDR_Length,cluster,regression,esm2_mean+max,linear,25,25,3,63,,,False,0.5330664459678822,0.59377822693571,0.32184654474258423,3.1785916308796693
TAP,CDR_Length,cluster,regression,esm2_mean+max,linear,50,50,3,63,,,False,0.826606087214111,0.8402071727086522,0.673412024974823,2.2058240800589974
TAP,CDR_Length,cluster,regression,esm2_mean+max,linear,100,100,3,63,,,False,0.918627956848572,0.9141159343338315,0.8054836988449097,1.7023495691710497
TAP,CDR_Length,cluster,regression,esm2_mean+max,linear,150,150,3,63,,,False,0.9531180813763125,0.945904531037759,0.8774354457855225,1.3513042621954028
TAP,CDR_Length,cluster,regression,esm2_mean+max,linear,all,178,3,63,,,False,0.9674829410678104,0.9558933911657025,0.8963661789894104,1.2425718839351767
TAP,CDR_Length,cluster,regression,esm2_mean+max,linear,25,25,4,57,,,False,0.7394138505186212,0.7677404747872318,0.46951746940612793,2.6323787215776053
TAP,CDR_Length,cluster,regression,esm2_mean+max,linear,50,50,4,57,,,False,0.8955734712455272,0.8979040340507332,0.7755805253982544,1.7121551972938434
TAP,CDR_Length,cluster,regression,esm2_mean+max,linear,100,100,4,57,,,False,0.9363065166019406,0.9470854059685208,0.8707963228225708,1.2991229513033284
TAP,CDR_Length,cluster,regression,esm2_mean+max,linear,150,150,4,57,,,False,0.9601732809874332,0.9679619509341215,0.9335191249847412,0.9318826902213068
TAP,CDR_Length,cluster,regression,esm2_mean+max,linear,all,184,4,57,,,False,0.9619315419380698,0.97063309360155,0.932727038860321,0.937417604008895
TAP,CDR_Length,cluster,regression,esm2_mean+max,linear,25,25,5,68,,,False,0.5440645104338511,0.5958030183968549,0.32023054361343384,2.9064969574265773
TAP,CDR_Length,cluster,regression,esm2_mean+max,linear,50,50,5,68,,,False,0.7875077244802617,0.7979308634297284,0.5993627309799194,2.231334525067501
TAP,CDR_Length,cluster,regression,esm2_mean+max,linear,100,100,5,68,,,False,0.9119530107025366,0.9304914701843382,0.8396258354187012,1.4117450441962474
TAP,CDR_Length,cluster,regression,esm2_mean+max,linear,150,150,5,68,,,False,0.9406475464899169,0.9597719053672888,0.9103696346282959,1.0553988749020073
TAP,CDR_Length,cluster,regression,esm2_mean+max,linear,all,173,5,68,,,False,0.948703499050545,0.957466073807501,0.9093480706214905,1.0613962583531946
TAP,CDR_Length,cluster,regression,esm2_mean+max,linear,25,25,6,56,,,False,0.641956541601147,0.6806559794877378,0.4376643896102905,2.8067274994467164
TAP,CDR_Length,cluster,regression,esm2_mean+max,linear,50,50,6,56,,,False,0.7561431461147022,0.7895002791408826,0.5680985450744629,2.459771814912689
TAP,CDR_Length,cluster,regression,esm2_mean+max,linear,100,100,6,56,,,False,0.8886517598861415,0.8862651340430664,0.7751320600509644,1.7748687157600433
TAP,CDR_Length,cluster,regression,esm2_mean+max,linear,150,150,6,56,,,False,0.9342166068795312,0.9363313687250883,0.865884006023407,1.3707010554992989
TAP,CDR_Length,cluster,regression,esm2_mean+max,linear,all,185,6,56,,,False,0.9442696943562355,0.9440573923316271,0.8810088634490967,1.291099835056615
TAP,CDR_Length,cluster,regression,esm2_mean+max,linear,25,25,7,59,,,False,0.6130355804904453,0.6927727974177751,0.4488598704338074,2.778730800783459
TAP,CDR_Length,cluster,regression,esm2_mean+max,linear,50,50,7,59,,,False,0.8387919970750565,0.8738490978844584,0.7179118394851685,1.9879613146483681
TAP,CDR_Length,cluster,regression,esm2_mean+max,linear,100,100,7,59,,,False,0.9393074238173539,0.9397980148044558,0.8578504920005798,1.4111985690649111
TAP,CDR_Length,cluster,regression,esm2_mean+max,linear,150,150,7,59,,,False,0.947607939069198,0.9478227129707654,0.8894379138946533,1.244567888137917
TAP,CDR_Length,cluster,regression,esm2_mean+max,linear,all,182,7,59,,,False,0.9518021923589992,0.9536881834958703,0.9032112956047058,1.1644688341481917
TAP,CDR_Length,cluster,regression,esm2_mean+max,linear,25,25,8,63,,,False,0.5976263532212381,0.6198670642825882,0.361697256565094,2.9326510691720262
TAP,CDR_Length,cluster,regression,esm2_mean+max,linear,50,50,8,63,,,False,0.8391251360115792,0.8433085588933485,0.69627845287323,2.0229483565501747
TAP,CDR_Length,cluster,regression,esm2_mean+max,linear,100,100,8,63,,,False,0.9310546766566751,0.935995480469668,0.8679012060165405,1.3341249225148313
TAP,CDR_Length,cluster,regression,esm2_mean+max,linear,150,150,8,63,,,False,0.9553443167537279,0.9506667913123077,0.9023988246917725,1.1467652521274498
TAP,CDR_Length,cluster,regression,esm2_mean+max,linear,all,178,8,63,,,False,0.9659951311613643,0.9622587882059952,0.9255149960517883,1.0018007784745793
TAP,CDR_Length,cluster,regression,esm2_mean+max,linear,25,25,9,64,,,False,0.5487301966132,0.5789345171911273,0.3013926148414612,3.2219354938293145
TAP,CDR_Length,cluster,regression,esm2_mean+max,linear,50,50,9,64,,,False,0.7236114146727382,0.7589797832543757,0.5219467282295227,2.6652529073178526
TAP,CDR_Length,cluster,regression,esm2_mean+max,linear,100,100,9,64,,,False,0.8892871438133111,0.8986627764378979,0.7402409315109253,1.9646521211460624
TAP,CDR_Length,cluster,regression,esm2_mean+max,linear,150,150,9,64,,,False,0.930446522839461,0.9375687223389224,0.8344975113868713,1.5682039249115005
TAP,CDR_Length,cluster,regression,esm2_mean+max,linear,all,177,9,64,,,False,0.930054309025871,0.9424861447398329,0.8450316786766052,1.5174756870726989
TAP,CDR_Length,cluster,regression,esm2_mean+max,linear,25,25,10,62,,,False,0.6331623704314732,0.7054896648535014,0.407284140586853,3.0249881913862477
TAP,CDR_Length,cluster,regression,esm2_mean+max,linear,50,50,10,62,,,False,0.7052218207840688,0.7734850237345532,0.5415772199630737,2.6603176027068405
TAP,CDR_Length,cluster,regression,esm2_mean+max,linear,100,100,10,62,,,False,0.907797370336699,0.9103588103106716,0.7942985892295837,1.7820465104914383
TAP,CDR_Length,cluster,regression,esm2_mean+max,linear,150,150,10,62,,,False,0.9553566075694121,0.9559742842054899,0.9041601419448853,1.216391665801378
TAP,CDR_Length,cluster,regression,esm2_mean+max,linear,all,179,10,62,,,False,0.952777637767319,0.9606017068004155,0.9127198457717896,1.1608018294401024
TAP,CDR_Length,cluster,regression,esm2_mean+max,linear,25,25,11,62,,,False,0.5922706938748086,0.5847415015467959,0.30290406942367554,3.2195907395375962
TAP,CDR_Length,cluster,regression,esm2_mean+max,linear,50,50,11,62,,,False,0.9045193248302471,0.8440464415303303,0.6030656099319458,2.4294824597606532
TAP,CDR_Length,cluster,regression,esm2_mean+max,linear,100,100,11,62,,,False,0.9507849393812433,0.9301124299869418,0.8283330202102661,1.5977092545734486
TAP,CDR_Length,cluster,regression,esm2_mean+max,linear,150,150,11,62,,,False,0.9717802702053694,0.9690001380871935,0.9248582124710083,1.0570493090673854
TAP,CDR_Length,cluster,regression,esm2_mean+max,linear,all,179,11,62,,,False,0.9673029526681761,0.9643077401068846,0.9178835153579712,1.1050187712627089
TAP,CDR_Length,cluster,regression,esm2_mean+max,linear,25,25,12,62,,,False,0.5710969995700571,0.5725271647491861,0.32080334424972534,2.8495869398189413
TAP,CDR_Length,cluster,regression,esm2_mean+max,linear,50,50,12,62,,,False,0.8080581992054607,0.8024010693256295,0.582718551158905,2.233565365935628
TAP,CDR_Length,cluster,regression,esm2_mean+max,linear,100,100,12,62,,,False,0.9316659112067472,0.9213773800567799,0.8433529734611511,1.368501271912929
TAP,CDR_Length,cluster,regression,esm2_mean+max,linear,150,150,12,62,,,False,0.9456167201606,0.9439555787824564,0.8888455033302307,1.1527833689752038
TAP,CDR_Length,cluster,regression,esm2_mean+max,linear,all,179,12,62,,,False,0.9596181672594756,0.9592182981921041,0.9162959456443787,1.0003624721873192
TAP,CDR_Length,cluster,regression,esm2_mean+max,linear,25,25,13,61,,,False,0.8499587896794966,0.8312614534229913,0.600427508354187,2.3912654313709316
TAP,CDR_Length,cluster,regression,esm2_mean+max,linear,50,50,13,61,,,False,0.8781022413104049,0.8734188609582876,0.7139031887054443,2.0234221200239615
TAP,CDR_Length,cluster,regression,esm2_mean+max,linear,100,100,13,61,,,False,0.9338846864769506,0.929223581588536,0.8599874377250671,1.4155116653903161
TAP,CDR_Length,cluster,regression,esm2_mean+max,linear,150,150,13,61,,,False,0.9511159129943649,0.9571843262043732,0.9136567115783691,1.1115889395342116
TAP,CDR_Length,cluster,regression,esm2_mean+max,linear,all,180,13,61,,,False,0.9550188256261987,0.9624973969349278,0.9260085225105286,1.0290128943372383
TAP,CDR_Length,cluster,regression,esm2_mean+max,linear,25,25,14,59,,,False,0.13600326041293223,0.13023913799413184,-0.4180039167404175,4.442654707522409
TAP,CDR_Length,cluster,regression,esm2_mean+max,linear,50,50,14,59,,,False,0.8848277679830363,0.8992838537421561,0.7267462611198425,1.9502346266318744
TAP,CDR_Length,cluster,regression,esm2_mean+max,linear,100,100,14,59,,,False,0.9372404974110953,0.9357665092184824,0.864245593547821,1.3746142054119503
TAP,CDR_Length,cluster,regression,esm2_mean+max,linear,150,150,14,59,,,False,0.9587393953801875,0.9626297038901155,0.9208284020423889,1.0497564348281185
TAP,CDR_Length,cluster,regression,esm2_mean+max,linear,all,182,14,59,,,False,0.959824605782447,0.9645891053545207,0.9255613088607788,1.0178953967027138
TAP,CDR_Length,cluster,regression,esm2_mean+max,linear,25,25,15,58,,,False,0.875148582503231,0.8967387237975503,0.7001631259918213,2.1235156922692098
TAP,CDR_Length,cluster,regression,esm2_mean+max,linear,50,50,15,58,,,False,0.9129766278980659,0.934928882576303,0.8205796480178833,1.6426640497631764
TAP,CDR_Length,cluster,regression,esm2_mean+max,linear,100,100,15,58,,,False,0.9568361277916679,0.9694995320992511,0.906979501247406,1.1827753690600686
TAP,CDR_Length,cluster,regression,esm2_mean+max,linear,150,150,15,58,,,False,0.9640738731901889,0.9723257937097003,0.9266509413719177,1.0502920758787735
TAP,CDR_Length,cluster,regression,esm2_mean+max,linear,all,183,15,58,,,False,0.9539905184896853,0.9684957319087277,0.927112340927124,1.0469834701156953
TAP,CDR_Length,cluster,regression,esm2_mean+max,linear,25,25,16,55,,,False,0.6998284690788057,0.718187091772838,0.4877200722694397,2.5556023495638898
TAP,CDR_Length,cluster,regression,esm2_mean+max,linear,50,50,16,55,,,False,0.8279287225165811,0.8640845220785224,0.6660712957382202,2.0633196562211613
TAP,CDR_Length,cluster,regression,esm2_mean+max,linear,100,100,16,55,,,False,0.8891450943380932,0.9298002013377632,0.8330823183059692,1.45878317884717
TAP,CDR_Length,cluster,regression,esm2_mean+max,linear,150,150,16,55,,,False,0.9304888516869839,0.9489197532931241,0.8786212205886841,1.2439729890097115
TAP,CDR_Length,cluster,regression,esm2_mean+max,linear,all,186,16,55,,,False,0.9481453245090936,0.9566614572800097,0.8890631198883057,1.1892621995085166
TAP,CDR_Length,cluster,regression,esm2_mean+max,linear,25,25,17,58,,,False,0.5504477454560035,0.5650533669989302,0.1292787790298462,3.684056915718796
TAP,CDR_Length,cluster,regression,esm2_mean+max,linear,50,50,17,58,,,False,0.7348571630137789,0.7572340775121396,0.43241816759109497,2.9744113704960427
TAP,CDR_Length,cluster,regression,esm2_mean+max,linear,100,100,17,58,,,False,0.9552278072489292,0.9538974598642164,0.8713779449462891,1.4159390806283105
TAP,CDR_Length,cluster,regression,esm2_mean+max,linear,150,150,17,58,,,False,0.9744442015730934,0.9663734146586338,0.9054514765739441,1.2139874730505884
TAP,CDR_Length,cluster,regression,esm2_mean+max,linear,all,183,17,58,,,False,0.9712311710108539,0.9694878972910687,0.9315426349639893,1.0329919571734265
TAP,CDR_Length,cluster,regression,esm2_mean+max,linear,25,25,18,56,,,False,0.7734312320767309,0.7468897163703976,0.5076278448104858,2.439502332960798
TAP,CDR_Length,cluster,regression,esm2_mean+max,linear,50,50,18,56,,,False,0.8144309164622582,0.7835448311450212,0.5987215042114258,2.2023049353041837
TAP,CDR_Length,cluster,regression,esm2_mean+max,linear,100,100,18,56,,,False,0.9143204322725589,0.8944194820465869,0.7930431365966797,1.58159168174483
TAP,CDR_Length,cluster,regression,esm2_mean+max,linear,150,150,18,56,,,False,0.9417909075727446,0.9272567129955017,0.8502434492111206,1.3453874946391884
TAP,CDR_Length,cluster,regression,esm2_mean+max,linear,all,185,18,56,,,False,0.9590629689177365,0.9498059508968666,0.8910478353500366,1.14755229010599
TAP,CDR_Length,cluster,regression,esm2_mean+max,linear,25,25,19,64,,,False,0.6594548166361186,0.7342353825742101,0.504340648651123,2.726499768596861
TAP,CDR_Length,cluster,regression,esm2_mean+max,linear,50,50,19,64,,,False,0.7714902853794737,0.8420040415711119,0.6763177514076233,2.203298190278218
TAP,CDR_Length,cluster,regression,esm2_mean+max,linear,100,100,19,64,,,False,0.85934543712786,0.9089806373758376,0.8000604510307312,1.7316621896929234
TAP,CDR_Length,cluster,regression,esm2_mean+max,linear,150,150,19,64,,,False,0.9293992697932839,0.957702007428858,0.8881996273994446,1.2948974910898787
TAP,CDR_Length,cluster,regression,esm2_mean+max,linear,all,177,19,64,,,False,0.9229742141346207,0.961678453458704,0.9006307721138,1.2207865132430333
TAP,CDR_Length,cluster,regression,esm2_mean+max,mlp,25,25,0,63,,,False,0.4060668130386676,0.39670496435156216,-38.72930145263672,23.419276416850117
TAP,CDR_Length,cluster,regression,esm2_mean+max,mlp,50,50,0,63,,,False,0.3452858811921881,0.3838833658314508,-22.130020141601562,17.869236105625433
TAP,CDR_Length,cluster,regression,esm2_mean+max,mlp,100,100,0,63,,,False,0.4220643349974671,0.46390198828166423,-9.868522644042969,12.24907343098168
TAP,CDR_Length,cluster,regression,esm2_mean+max,mlp,150,150,0,63,,,False,0.34482743033665686,0.42324315653248695,-6.178700923919678,9.954991948368228
TAP,CDR_Length,cluster,regression,esm2_mean+max,mlp,all,178,0,63,,,False,0.4075386815748468,0.4485752013566916,-5.401011943817139,9.400313022683065
TAP,CDR_Length,cluster,regression,esm2_mean+max,mlp,25,25,1,60,,,False,-0.18006080980280195,-0.16531344046311985,-48.166316986083984,22.521519680920157
TAP,CDR_Length,cluster,regression,esm2_mean+max,mlp,50,50,1,60,,,False,-0.011650171867768566,-0.05481337739761545,-36.70793533325195,19.72332919593681
TAP,CDR_Length,cluster,regression,esm2_mean+max,mlp,100,100,1,60,,,False,-0.05056789227976284,-0.047393432011284334,-16.65301513671875,13.49501256206171
TAP,CDR_Length,cluster,regression,esm2_mean+max,mlp,150,150,1,60,,,False,0.06327971050478609,0.08095696527198373,-8.249674797058105,9.768482454162612
TAP,CDR_Length,cluster,regression,esm2_mean+max,mlp,all,181,1,60,,,False,0.21302772300176337,0.2008596072692187,-6.937096118927002,9.048876133478316
TAP,CDR_Length,cluster,regression,esm2_mean+max,mlp,25,25,2,68,,,False,0.05512123902483691,0.017155678413673242,-23.429059982299805,16.728751366681276
TAP,CDR_Length,cluster,regression,esm2_mean+max,mlp,50,50,2,68,,,False,0.1220940254281379,0.13291436696539724,-11.282815933227539,11.862033122034747
TAP,CDR_Length,cluster,regression,esm2_mean+max,mlp,100,100,2,68,,,False,0.41072537895365396,0.3837197894885863,-6.3155012130737305,9.154449197107336
TAP,CDR_Length,cluster,regression,esm2_mean+max,mlp,150,150,2,68,,,False,0.28959332977376795,0.29688377644102504,-5.061708450317383,8.333120883670164
TAP,CDR_Length,cluster,regression,esm2_mean+max,mlp,all,173,2,68,,,False,0.3921399978374262,0.33631190493819896,-3.7222118377685547,7.3550035140790495
TAP,CDR_Length,cluster,regression,esm2_mean+max,mlp,25,25,3,63,,,False,0.25191529109989175,0.28698973750211054,-18.248611450195312,16.934423733377695
TAP,CDR_Length,cluster,regression,esm2_mean+max,mlp,50,50,3,63,,,False,-0.022463169853147637,0.037528388347929924,-10.429277420043945,13.049086069537895
TAP,CDR_Length,cluster,regression,esm2_mean+max,mlp,100,100,3,63,,,False,0.21612365243902884,0.18832486153913222,-6.561633110046387,10.613985959015917
TAP,CDR_Length,cluster,regression,esm2_mean+max,mlp,150,150,3,63,,,False,0.25909772094564065,0.23928143406733507,-3.303394317626953,8.007120111147646
TAP,CDR_Length,cluster,regression,esm2_mean+max,mlp,all,178,3,63,,,False,0.2775840420586924,0.20232695538431586,-3.029041290283203,7.747678006341548
TAP,CDR_Length,cluster,regression,esm2_mean+max,mlp,25,25,4,57,,,False,0.10490957005464782,0.0019968598642850725,-28.1646671295166,19.51827113084692
TAP,CDR_Length,cluster,regression,esm2_mean+max,mlp,50,50,4,57,,,False,-0.2547850359024268,-0.32307656203527196,-29.407136917114258,19.929692077309735
TAP,CDR_Length,cluster,regression,esm2_mean+max,mlp,100,100,4,57,,,False,-0.005242222463934917,-0.015515323364427352,-22.836814880371094,17.645621478169943
TAP,CDR_Length,cluster,regression,esm2_mean+max,mlp,150,150,4,57,,,False,0.32697141604244984,0.3173933654886287,-8.477951049804688,11.12679432426982
TAP,CDR_Length,cluster,regression,esm2_mean+max,mlp,all,184,4,57,,,False,0.4876243703098713,0.5006561049312136,-6.035524368286133,9.586521901455521
TAP,CDR_Length,cluster,regression,esm2_mean+max,mlp,25,25,5,68,,,False,0.2457257339385886,0.17168482445600547,-28.08939552307129,19.0132507802299
TAP,CDR_Length,cluster,regression,esm2_mean+max,mlp,50,50,5,68,,,False,0.18766533298377575,0.1922507949990395,-16.35830307006836,14.68732329011053
TAP,CDR_Length,cluster,regression,esm2_mean+max,mlp,100,100,5,68,,,False,0.3788599404226838,0.3771031441573005,-6.158647060394287,9.432015494387665
TAP,CDR_Length,cluster,regression,esm2_mean+max,mlp,150,150,5,68,,,False,0.4019920327753446,0.38730315289510775,-4.258187770843506,8.083642102173533
TAP,CDR_Length,cluster,regression,esm2_mean+max,mlp,all,173,5,68,,,False,0.4259489012234983,0.3887652282946279,-3.8168749809265137,7.736984178877874
TAP,CDR_Length,cluster,regression,esm2_mean+max,mlp,25,25,6,56,,,False,-0.04072701308821815,-0.023905116840442005,-18.771099090576172,16.642473094072393
TAP,CDR_Length,cluster,regression,esm2_mean+max,mlp,50,50,6,56,,,False,-0.00037741966636090947,0.013825919343466171,-12.050470352172852,13.521209533550381
TAP,CDR_Length,cluster,regression,esm2_mean+max,mlp,100,100,6,56,,,False,0.15563414605573506,0.16209006660247424,-10.928850173950195,12.927119046599378
TAP,CDR_Length,cluster,regression,esm2_mean+max,mlp,150,150,6,56,,,False,0.264742740512798,0.24573274613791712,-7.723566055297852,11.054764264121015
TAP,CDR_Length,cluster,regression,esm2_mean+max,mlp,all,185,6,56,,,False,0.34571641438659306,0.3071137473845692,-5.7230353355407715,9.704767953586915
TAP,CDR_Length,cluster,regression,esm2_mean+max,mlp,25,25,7,59,,,False,-0.18950398954828798,-0.14519532308780508,-26.781356811523438,19.728415815978234
TAP,CDR_Length,cluster,regression,esm2_mean+max,mlp,50,50,7,59,,,False,0.24883947489981048,0.2619182658808809,-9.712202072143555,12.250529715300125
TAP,CDR_Length,cluster,regression,esm2_mean+max,mlp,100,100,7,59,,,False,0.25907579936233216,0.22956394066767577,-5.5297770500183105,9.56455287444838
TAP,CDR_Length,cluster,regression,esm2_mean+max,mlp,150,150,7,59,,,False,0.4988521675030617,0.4742585299369193,-4.77824592590332,8.997327007585472
TAP,CDR_Length,cluster,regression,esm2_mean+max,mlp,all,182,7,59,,,False,0.48849852127019594,0.4579026937843101,-4.129561901092529,8.477262319714223
TAP,CDR_Length,cluster,regression,esm2_mean+max,mlp,25,25,8,63,,,False,-0.10299000176071821,-0.17383040576096861,-20.551246643066406,17.040534324993633
TAP,CDR_Length,cluster,regression,esm2_mean+max,mlp,50,50,8,63,,,False,0.12843629138620216,0.09910112385262873,-15.399648666381836,14.86497948188784
TAP,CDR_Length,cluster,regression,esm2_mean+max,mlp,100,100,8,63,,,False,0.3183195889703059,0.2668141433939445,-7.776585578918457,10.874513536786436
TAP,CDR_Length,cluster,regression,esm2_mean+max,mlp,150,150,8,63,,,False,0.3723688575592836,0.2890384622017087,-5.164735794067383,9.113899900545034
TAP,CDR_Length,cluster,regression,esm2_mean+max,mlp,all,178,8,63,,,False,0.38798362619310334,0.3323325850804753,-4.862999439239502,8.888058667705844
TAP,CDR_Length,cluster,regression,esm2_mean+max,mlp,25,25,9,64,,,False,-0.01077434417332511,-0.05089071445694119,-18.5218505859375,17.031808151433317
TAP,CDR_Length,cluster,regression,esm2_mean+max,mlp,50,50,9,64,,,False,0.04169002124453634,0.013400182365109661,-9.416921615600586,12.441420553732003
TAP,CDR_Length,cluster,regression,esm2_mean+max,mlp,100,100,9,64,,,False,0.0820188298419074,0.0676595062986948,-9.116154670715332,12.26049459279044
TAP,CDR_Length,cluster,regression,esm2_mean+max,mlp,150,150,9,64,,,False,0.09011689152250081,0.046178788883010864,-6.924263954162598,10.851249168979153
TAP,CDR_Length,cluster,regression,esm2_mean+max,mlp,all,177,9,64,,,False,0.1250008495312108,0.08415160292571407,-5.697367191314697,9.975905298013883
TAP,CDR_Length,cluster,regression,esm2_mean+max,mlp,25,25,10,62,,,False,-0.053349277278588306,-0.07867391938122807,-14.153149604797363,15.295082043956983
TAP,CDR_Length,cluster,regression,esm2_mean+max,mlp,50,50,10,62,,,False,0.1012372067409799,0.04960991505583447,-12.291805267333984,14.32492483856465
TAP,CDR_Length,cluster,regression,esm2_mean+max,mlp,100,100,10,62,,,False,0.3579964061552284,0.29710183525586314,-6.65323543548584,10.869833826648593
TAP,CDR_Length,cluster,regression,esm2_mean+max,mlp,150,150,10,62,,,False,0.4675014866735061,0.3737181073042743,-5.063838005065918,9.675517006192322
TAP,CDR_Length,cluster,regression,esm2_mean+max,mlp,all,179,10,62,,,False,0.4539998212390197,0.37013989937857034,-3.667109966278076,8.488371576170232
TAP,CDR_Length,cluster,regression,esm2_mean+max,mlp,25,25,11,62,,,False,0.013836681880478357,0.031386257613998346,-17.75909423828125,16.70168786668556
TAP,CDR_Length,cluster,regression,esm2_mean+max,mlp,50,50,11,62,,,False,0.1857707344245577,0.19895441115453708,-14.278264045715332,15.07271226847882
TAP,CDR_Length,cluster,regression,esm2_mean+max,mlp,100,100,11,62,,,False,0.22669898174195072,0.2767661189771919,-6.020017147064209,10.217001943603945
TAP,CDR_Length,cluster,regression,esm2_mean+max,mlp,150,150,11,62,,,False,0.41811063035178564,0.42913896502123833,-3.217411518096924,7.919128574725613
TAP,CDR_Length,cluster,regression,esm2_mean+max,mlp,all,179,11,62,,,False,0.5230113977344981,0.5182754252704451,-2.9439878463745117,7.658120635157066
TAP,CDR_Length,cluster,regression,esm2_mean+max,mlp,25,25,12,62,,,False,0.027850979762682335,0.03307378766253319,-23.63494110107422,17.16168540387279
TAP,CDR_Length,cluster,regression,esm2_mean+max,mlp,50,50,12,62,,,False,-0.04329561399471527,-0.03550146716620143,-15.284887313842773,13.953287326877398
TAP,CDR_Length,cluster,regression,esm2_mean+max,mlp,100,100,12,62,,,False,0.11720198665586959,0.11057099197763633,-11.095484733581543,12.025297614819245
TAP,CDR_Length,cluster,regression,esm2_mean+max,mlp,150,150,12,62,,,False,0.2208076313730479,0.1853282267269347,-8.353551864624023,10.574806127038757
TAP,CDR_Length,cluster,regression,esm2_mean+max,mlp,all,179,12,62,,,False,0.28321914511396784,0.2498378999148147,-8.541604995727539,10.680580587089368
TAP,CDR_Length,cluster,regression,esm2_mean+max,mlp,25,25,13,61,,,False,0.010381216592155787,-0.02408259053450882,-17.37989616394043,16.218156327945923
TAP,CDR_Length,cluster,regression,esm2_mean+max,mlp,50,50,13,61,,,False,0.037409550328254486,0.028563418632608112,-18.228097915649414,16.58815695860637
TAP,CDR_Length,cluster,regression,esm2_mean+max,mlp,100,100,13,61,,,False,0.2014115321434624,0.08755158002836627,-7.526266098022461,11.046111060613393
TAP,CDR_Length,cluster,regression,esm2_mean+max,mlp,150,150,13,61,,,False,0.10962670923020777,0.059551661246491916,-7.883048057556152,11.274855717046398
TAP,CDR_Length,cluster,regression,esm2_mean+max,mlp,all,180,13,61,,,False,0.20334971324634568,0.16410482018144704,-7.037411689758301,10.724771855754023
TAP,CDR_Length,cluster,regression,esm2_mean+max,mlp,25,25,14,59,,,False,-0.29808090049097047,-0.3128958064977892,-25.06683349609375,19.047939280352512
TAP,CDR_Length,cluster,regression,esm2_mean+max,mlp,50,50,14,59,,,False,-0.09455995505095827,-0.06669936288078625,-15.582761764526367,15.192604903110606
TAP,CDR_Length,cluster,regression,esm2_mean+max,mlp,100,100,14,59,,,False,0.34577149816865604,0.3529179705792448,-11.370443344116211,13.121892102856174
TAP,CDR_Length,cluster,regression,esm2_mean+max,mlp,150,150,14,59,,,False,0.39011847460694665,0.3577360371129733,-7.8372392654418945,11.090781294682493
TAP,CDR_Length,cluster,regression,esm2_mean+max,mlp,all,182,14,59,,,False,0.3599085634089047,0.3084841592001366,-6.904723167419434,10.48931635645966
TAP,CDR_Length,cluster,regression,esm2_mean+max,mlp,25,25,15,58,,,False,0.25168177054600943,0.17086629992211638,-21.32822608947754,18.32483267381738
TAP,CDR_Length,cluster,regression,esm2_mean+max,mlp,50,50,15,58,,,False,0.16318950736152707,0.1635518642252645,-24.081451416015625,19.42178896129304
TAP,CDR_Length,cluster,regression,esm2_mean+max,mlp,100,100,15,58,,,False,0.25004245214378035,0.2330807756023633,-12.965289115905762,14.492318818985595
TAP,CDR_Length,cluster,regression,esm2_mean+max,mlp,150,150,15,58,,,False,0.2461452046214997,0.242542521437492,-6.891363143920898,10.89403882795965
TAP,CDR_Length,cluster,regression,esm2_mean+max,mlp,all,183,15,58,,,False,0.24809382838264,0.22385244978387867,-5.776445388793945,10.095175934286912
TAP,CDR_Length,cluster,regression,esm2_mean+max,mlp,25,25,16,55,,,False,-0.010971717679582585,0.00054228748758476,-23.81261444091797,17.785901951760554
TAP,CDR_Length,cluster,regression,esm2_mean+max,mlp,50,50,16,55,,,False,0.22448425013953904,0.22351026371177576,-13.287620544433594,13.496450116960455
TAP,CDR_Length,cluster,regression,esm2_mean+max,mlp,100,100,16,55,,,False,0.05939986227191234,0.17793330935782672,-10.236985206604004,11.969183093992577
TAP,CDR_Length,cluster,regression,esm2_mean+max,mlp,150,150,16,55,,,False,0.06622993817840746,0.11944083257505682,-7.2422895431518555,10.25093678592824
TAP,CDR_Length,cluster,regression,esm2_mean+max,mlp,all,186,16,55,,,False,0.16254127449818703,0.16391802599835256,-5.4092206954956055,9.039454627633432
TAP,CDR_Length,cluster,regression,esm2_mean+max,mlp,25,25,17,58,,,False,-0.2365284806202594,-0.2864977325284343,-24.344655990600586,19.876044682731244
TAP,CDR_Length,cluster,regression,esm2_mean+max,mlp,50,50,17,58,,,False,-0.12614234409254432,-0.16102784513638058,-8.692793846130371,12.291680550639786
TAP,CDR_Length,cluster,regression,esm2_mean+max,mlp,100,100,17,58,,,False,0.19701438360963877,0.10813306744219074,-4.087092876434326,8.9047483344445
TAP,CDR_Length,cluster,regression,esm2_mean+max,mlp,150,150,17,58,,,False,0.1518774831150987,0.13205477999999268,-3.228299617767334,8.118385841448385
TAP,CDR_Length,cluster,regression,esm2_mean+max,mlp,all,183,17,58,,,False,0.28460036095530694,0.22275639162875624,-2.2799367904663086,7.150221631663471
TAP,CDR_Length,cluster,regression,esm2_mean+max,mlp,25,25,18,56,,,False,0.087974197148845,0.10247855793430388,-25.706768035888672,17.966570223139588
TAP,CDR_Length,cluster,regression,esm2_mean+max,mlp,50,50,18,56,,,False,0.17282362773229387,0.1937375574094965,-20.318416595458984,16.052104253039616
TAP,CDR_Length,cluster,regression,esm2_mean+max,mlp,100,100,18,56,,,False,0.2139950025884473,0.1667137779178021,-10.052794456481934,11.558209599050977
TAP,CDR_Length,cluster,regression,esm2_mean+max,mlp,150,150,18,56,,,False,0.1612860281062158,0.10577714186244108,-10.19457721710205,11.632106107174916
TAP,CDR_Length,cluster,regression,esm2_mean+max,mlp,all,185,18,56,,,False,0.20070616016198245,0.16348193105562187,-7.9818925857543945,10.419297437320704
TAP,CDR_Length,cluster,regression,esm2_mean+max,mlp,25,25,19,64,,,False,0.29136130535270893,0.2118801880796925,-24.49699592590332,19.55502312078428
TAP,CDR_Length,cluster,regression,esm2_mean+max,mlp,50,50,19,64,,,False,0.39234291489836404,0.28107487303984335,-17.073463439941406,16.463967061210298
TAP,CDR_Length,cluster,regression,esm2_mean+max,mlp,100,100,19,64,,,False,0.34787416050095016,0.25130751317259126,-9.76362419128418,12.705538229521704
TAP,CDR_Length,cluster,regression,esm2_mean+max,mlp,150,150,19,64,,,False,0.4149112107603349,0.3393500852542565,-5.883451461791992,10.160543278082525
TAP,CDR_Length,cluster,regression,esm2_mean+max,mlp,all,177,19,64,,,False,0.4146809220270494,0.347262910930213,-5.190080165863037,9.635227158414523
TAP,PSH,cluster,regression,cheap,linear,25,25,0,63,,,False,0.4529089861751153,0.4778995271174426,0.18848568114531428,15.077250529100839
TAP,PSH,cluster,regression,cheap,linear,50,50,0,63,,,False,0.5324500768049155,0.5099344993915499,0.25072598632944443,14.487531492292371
TAP,PSH,cluster,regression,cheap,linear,100,100,0,63,,,False,0.510752688172043,0.5236006603714928,0.22213590128363592,14.761344690907642
TAP,PSH,cluster,regression,cheap,linear,150,150,0,63,,,False,0.5999423963133641,0.6083478764881917,0.3102667209497185,13.89999513058709
TAP,PSH,cluster,regression,cheap,linear,all,178,0,63,,,False,0.5974462365591399,0.6347846986249233,0.35087313218983396,13.484624281329824
TAP,PSH,cluster,regression,cheap,linear,25,25,1,60,,,False,0.2435120866907475,0.3716146065142367,-0.13626591453451642,16.800358082652505
TAP,PSH,cluster,regression,cheap,linear,50,50,1,60,,,False,0.14098360655737707,0.20377422149772673,-0.27266034048270393,17.78012476528142
TAP,PSH,cluster,regression,cheap,linear,100,100,1,60,,,False,0.42839677688246747,0.5306633775576505,0.2615934976246662,13.543356331201323
TAP,PSH,cluster,regression,cheap,linear,150,150,1,60,,,False,0.4669074742984163,0.5559254626425744,0.27035076391555923,13.462806846540573
TAP,PSH,cluster,regression,cheap,linear,all,181,1,60,,,False,0.47991108641289265,0.602432821218577,0.3288005483362013,12.91232193125993
TAP,PSH,cluster,regression,cheap,linear,25,25,2,68,,,False,0.3851586059472459,0.3796081551559405,0.02880792294202661,14.3489661622766
TAP,PSH,cluster,regression,cheap,linear,50,50,2,68,,,False,0.47074092453334343,0.4368226511018638,0.09737639308313017,13.833159672285271
TAP,PSH,cluster,regression,cheap,linear,100,100,2,68,,,False,0.5419322823224033,0.4851744228871583,0.1586713425134907,13.355215098348136
TAP,PSH,cluster,regression,cheap,linear,150,150,2,68,,,False,0.5892277741726151,0.5260848147560986,0.24274339232379838,12.670378300454281
TAP,PSH,cluster,regression,cheap,linear,all,173,2,68,,,False,0.6431270756193457,0.5852826499867358,0.34126583247773346,11.817432794251891
TAP,PSH,cluster,regression,cheap,linear,25,25,3,63,,,False,0.4031298003072197,0.3784643737017493,0.108063546826075,14.747590256446937
TAP,PSH,cluster,regression,cheap,linear,50,50,3,63,,,False,0.6203917050691244,0.5465249773297033,0.2511574112590407,13.512925234179308
TAP,PSH,cluster,regression,cheap,linear,100,100,3,63,,,False,0.5637000768049155,0.5421857911018586,0.2887882305480214,13.169023520603298
TAP,PSH,cluster,regression,cheap,linear,150,150,3,63,,,False,0.5835733486943164,0.5444504218065498,0.29005697446759093,13.1572720441998
TAP,PSH,cluster,regression,cheap,linear,all,178,3,63,,,False,0.5831413210445469,0.5438568475672045,0.2946087045505891,13.115025941449836
TAP,PSH,cluster,regression,cheap,linear,25,25,4,57,,,False,0.021713767176562097,0.04876199155760484,-0.08425201870137289,16.790866532139866
TAP,PSH,cluster,regression,cheap,linear,50,50,4,57,,,False,0.3686155042779362,0.3749477817018685,-0.3355325082755414,18.635249925274458
TAP,PSH,cluster,regression,cheap,linear,100,100,4,57,,,False,0.5147135079077003,0.5884081177533385,0.30793563741474905,13.414708280867714
TAP,PSH,cluster,regression,cheap,linear,150,150,4,57,,,False,0.5946979517759917,0.6287069146612999,0.384935401197375,12.646441964619818
TAP,PSH,cluster,regression,cheap,linear,all,184,4,57,,,False,0.5737619911848587,0.6108303507880894,0.3674067688407775,12.825380546844775
TAP,PSH,cluster,regression,cheap,linear,25,25,5,68,,,False,0.3007596289651487,0.32784521548834655,-0.07833178547564335,16.668551452463316
TAP,PSH,cluster,regression,cheap,linear,50,50,5,68,,,False,0.41596365996106416,0.46216499886556894,0.21054541669424398,14.262157618165492
TAP,PSH,cluster,regression,cheap,linear,100,100,5,68,,,False,0.3818376149940832,0.48169347137829355,0.22807547681069973,14.10292108063849
TAP,PSH,cluster,regression,cheap,linear,150,150,5,68,,,False,0.5422758331106615,0.5670829590389611,0.3206089721780261,13.230661553137148
TAP,PSH,cluster,regression,cheap,linear,all,173,5,68,,,False,0.5282284231018818,0.5610738852121464,0.3144278047838599,13.290712215479804
TAP,PSH,cluster,regression,cheap,linear,25,25,6,56,,,False,0.3161995898838005,0.38074680984349846,-0.04377713220517099,18.238605575789915
TAP,PSH,cluster,regression,cheap,linear,50,50,6,56,,,False,0.302323991797676,0.310316921981721,-0.059936607451506196,18.3792459068018
TAP,PSH,cluster,regression,cheap,linear,100,100,6,56,,,False,0.42590567327409434,0.46234646631746107,0.14610417726540115,16.496438301820756
TAP,PSH,cluster,regression,cheap,linear,150,150,6,56,,,False,0.4850307587149692,0.5225436391959946,0.26623183272835826,15.292101645907904
TAP,PSH,cluster,regression,cheap,linear,all,185,6,56,,,False,0.4425837320574163,0.49886368968142936,0.24117504765071718,15.551007980030866
TAP,PSH,cluster,regression,cheap,linear,25,25,7,59,,,False,0.25528930450029225,0.3069334103419019,0.07492127610840038,14.983300718897988
TAP,PSH,cluster,regression,cheap,linear,50,50,7,59,,,False,0.2866744593804793,0.46745271732373994,0.19364751253077483,13.988804949575599
TAP,PSH,cluster,regression,cheap,linear,100,100,7,59,,,False,0.2823495032144945,0.4846641283333893,0.22785494644204574,13.688869918315165
TAP,PSH,cluster,regression,cheap,linear,150,150,7,59,,,False,0.43524254821741676,0.5327608888662025,0.27570086793456416,13.257973056582541
TAP,PSH,cluster,regression,cheap,linear,all,182,7,59,,,False,0.4573933372296903,0.5634598252484108,0.30984441829039255,12.941709648889505
TAP,PSH,cluster,regression,cheap,linear,25,25,8,63,,,False,0.05069124423963134,0.06289800638240328,-0.6954097358024458,23.020951845935304
TAP,PSH,cluster,regression,cheap,linear,50,50,8,63,,,False,0.3855606758832565,0.3949121470307001,0.0846846117647505,16.91497350736943
TAP,PSH,cluster,regression,cheap,linear,100,100,8,63,,,False,0.462557603686636,0.5252295639591834,0.23304696362609667,15.483542325427738
TAP,PSH,cluster,regression,cheap,linear,150,150,8,63,,,False,0.5792530721966206,0.6205574689031693,0.3144449687333485,14.638854737626009
TAP,PSH,cluster,regression,cheap,linear,all,178,8,63,,,False,0.6129992319508449,0.642832539564551,0.3494898223442905,14.25978534080466
TAP,PSH,cluster,regression,cheap,linear,25,25,9,64,,,False,0.13635531135531134,0.17967953528417657,-0.7216759914907276,22.863903071748748
TAP,PSH,cluster,regression,cheap,linear,50,50,9,64,,,False,0.24436813186813183,0.3695914217635984,-0.07134089440675662,18.035928295883327
TAP,PSH,cluster,regression,cheap,linear,100,100,9,64,,,False,0.4503663003663004,0.5426942942927746,0.2095866307322638,15.491796995645966
TAP,PSH,cluster,regression,cheap,linear,150,150,9,64,,,False,0.4326465201465201,0.5655011541826516,0.30905978552086555,14.484212703256423
TAP,PSH,cluster,regression,cheap,linear,all,177,9,64,,,False,0.4143315018315018,0.5802668823898435,0.3278215138183217,14.286207797628403
TAP,PSH,cluster,regression,cheap,linear,25,25,10,62,,,False,0.4541562791166176,0.5057143821678142,0.20587707888085427,16.644401075678903
TAP,PSH,cluster,regression,cheap,linear,50,50,10,62,,,False,0.41955629422578133,0.4654022684127071,0.21130342010566194,16.5874369611816
TAP,PSH,cluster,regression,cheap,linear,100,100,10,62,,,False,0.47107854246934094,0.5274470213542152,0.19591489251788463,16.748476796132067
TAP,PSH,cluster,regression,cheap,linear,150,150,10,62,,,False,0.6236810959180076,0.679394048485199,0.42189498342699916,14.201286060334606
TAP,PSH,cluster,regression,cheap,linear,all,179,10,62,,,False,0.606960288081388,0.6634125566695597,0.41069155283742764,14.338233206889416
TAP,PSH,cluster,regression,cheap,linear,25,25,11,62,,,False,0.3155548840371686,0.4120369769962976,-0.00026043411483045453,16.939215861710853
TAP,PSH,cluster,regression,cheap,linear,50,50,11,62,,,False,0.45032862431064435,0.48459262250443513,0.08323693453276304,16.216805625188268
TAP,PSH,cluster,regression,cheap,linear,100,100,11,62,,,False,0.5362997658079626,0.5821256015077634,0.26644471611523246,14.506184007247475
TAP,PSH,cluster,regression,cheap,linear,150,150,11,62,,,False,0.5285437284379643,0.5621210238261902,0.31080126484626136,14.060766399525152
TAP,PSH,cluster,regression,cheap,linear,all,179,11,62,,,False,0.5493440104756868,0.5783564628991802,0.32231733034457677,13.942798371028767
TAP,PSH,cluster,regression,cheap,linear,25,25,12,62,,,False,0.29717206819269215,0.3400430438619314,-1.0574859996941748,21.750514379593653
TAP,PSH,cluster,regression,cheap,linear,50,50,12,62,,,False,0.28604165092795447,0.31929268862547794,0.01975009035145925,15.013069434670953
TAP,PSH,cluster,regression,cheap,linear,100,100,12,62,,,False,0.3722142479413765,0.4373005788231857,0.1647412107119539,13.858352853367368
TAP,PSH,cluster,regression,cheap,linear,150,150,12,62,,,False,0.5473294553146483,0.5861035601855547,0.3269632127393225,12.440003115675559
TAP,PSH,cluster,regression,cheap,linear,all,179,12,62,,,False,0.537155951751404,0.582308348097911,0.3044158233991885,12.646662673351582
TAP,PSH,cluster,regression,cheap,linear,25,25,13,61,,,False,0.2695399259650978,0.42235470035875783,-0.008039434627144182,19.62078715456342
TAP,PSH,cluster,regression,cheap,linear,50,50,13,61,,,False,0.48482284505552614,0.5663294270508392,0.10375919386670818,18.50077929842927
TAP,PSH,cluster,regression,cheap,linear,100,100,13,61,,,False,0.6121628767847699,0.5757832908021385,0.31620666644588635,16.15995312812348
TAP,PSH,cluster,regression,cheap,linear,150,150,13,61,,,False,0.5967213114754097,0.624369764051602,0.3352224401457292,15.933670834723952
TAP,PSH,cluster,regression,cheap,linear,all,180,13,61,,,False,0.6291380222104705,0.6466912076428558,0.3986395540514891,15.154621543287062
TAP,PSH,cluster,regression,cheap,linear,25,25,14,59,,,False,0.19380479251899474,0.08578011776056997,-0.1650343974644668,18.023165513572646
TAP,PSH,cluster,regression,cheap,linear,50,50,14,59,,,False,0.4364114552893046,0.22391614419396594,-2.133729039844256,29.559182445980717
TAP,PSH,cluster,regression,cheap,linear,100,100,14,59,,,False,0.4483927527761544,0.39305558006245106,0.09607360465904502,15.875529932357791
TAP,PSH,cluster,regression,cheap,linear,150,150,14,59,,,False,0.5054938632378727,0.48202310247922653,0.17766922069773128,15.142060251958814
TAP,PSH,cluster,regression,cheap,linear,all,182,14,59,,,False,0.5006428988895383,0.4684726124891764,-0.009472292102592705,16.776791163139933
TAP,PSH,cluster,regression,cheap,linear,25,25,15,58,,,False,0.3519948322003138,0.38229714323057085,-0.11930382714506371,18.509584924269394
TAP,PSH,cluster,regression,cheap,linear,50,50,15,58,,,False,0.47706788889230684,0.5990411091086558,0.3250907196014574,14.372932483212098
TAP,PSH,cluster,regression,cheap,linear,100,100,15,58,,,False,0.5134885723953367,0.672894002353065,0.4396246026554542,13.096710131158762
TAP,PSH,cluster,regression,cheap,linear,150,150,15,58,,,False,0.5299147928266019,0.6917044897583801,0.46688090703779306,12.77423212881105
TAP,PSH,cluster,regression,cheap,linear,all,183,15,58,,,False,0.5625826694146236,0.7107384356695746,0.429754064137456,13.211550369471952
TAP,PSH,cluster,regression,cheap,linear,25,25,16,55,,,False,0.3093073593073594,0.3346215336439741,-0.7809749922263658,21.52746119073098
TAP,PSH,cluster,regression,cheap,linear,50,50,16,55,,,False,0.12265512265512268,0.16609461508584852,-0.9387024690205603,22.46050341419916
TAP,PSH,cluster,regression,cheap,linear,100,100,16,55,,,False,0.49494949494949503,0.4874988747923224,0.22091832139791812,14.238210193180967
TAP,PSH,cluster,regression,cheap,linear,150,150,16,55,,,False,0.4704184704184705,0.5012110267103526,0.2230156436336722,14.219032332703648
TAP,PSH,cluster,regression,cheap,linear,all,186,16,55,,,False,0.52994227994228,0.5426327814432604,0.2713001905518777,13.770136086492807
TAP,PSH,cluster,regression,cheap,linear,25,25,17,58,,,False,0.2200313759266665,0.27371815594078486,-0.07796963025063453,18.8480966753714
TAP,PSH,cluster,regression,cheap,linear,50,50,17,58,,,False,0.4474145621212588,0.440042094344789,0.018429469108724894,17.98560261296889
TAP,PSH,cluster,regression,cheap,linear,100,100,17,58,,,False,0.6165984804208066,0.6325359871744781,0.3019912911912209,15.166824396890577
TAP,PSH,cluster,regression,cheap,linear,150,150,17,58,,,False,0.5743947829831739,0.597180007219117,0.29188958462732195,15.27617866375829
TAP,PSH,cluster,regression,cheap,linear,all,183,17,58,,,False,0.6042326740287306,0.5971951699843209,0.3114594063632853,15.06360824937581
TAP,PSH,cluster,regression,cheap,linear,25,25,18,56,,,False,0.36281613123718387,0.3717241274283359,-0.517240054359047,19.64982593465471
TAP,PSH,cluster,regression,cheap,linear,50,50,18,56,,,False,0.5857826384142174,0.6390440894128854,0.35746820751871,12.787300425626245
TAP,PSH,cluster,regression,cheap,linear,100,100,18,56,,,False,0.6131920710868078,0.6663827603388597,0.3247498389342238,13.108829237354737
TAP,PSH,cluster,regression,cheap,linear,150,150,18,56,,,False,0.5825700615174301,0.6345255745025321,0.3440237913890586,12.920389379417946
TAP,PSH,cluster,regression,cheap,linear,all,185,18,56,,,False,0.58879015721121,0.6389814663402065,0.3610376447202446,12.751732510148988
TAP,PSH,cluster,regression,cheap,linear,25,25,19,64,,,False,0.0954212454212454,0.1053943019659718,-0.34420543027795825,18.449293689692897
TAP,PSH,cluster,regression,cheap,linear,50,50,19,64,,,False,0.1319139194139194,0.132779927069185,-0.24136489402906713,17.729506664839622
TAP,PSH,cluster,regression,cheap,linear,100,100,19,64,,,False,0.1973443223443223,0.3001424225666538,-0.053879369316273795,16.33587392524444
TAP,PSH,cluster,regression,cheap,linear,150,150,19,64,,,False,0.3739010989010989,0.46162262154996836,0.15502321499406546,14.627473170601489
TAP,PSH,cluster,regression,cheap,linear,all,177,19,64,,,False,0.3757783882783882,0.44503466800505204,0.14238716156061504,14.736439262881541
TAP,PSH,cluster,regression,cheap,mlp,25,25,0,63,,,False,0.15466589861751154,0.12867412820087104,-8.644157097764785,51.97639997192744
TAP,PSH,cluster,regression,cheap,mlp,50,50,0,63,,,False,0.13143241167434716,0.17880191332625772,-6.109867898448557,44.62773273168657
TAP,PSH,cluster,regression,cheap,mlp,100,100,0,63,,,False,0.059955837173579114,0.07694712711044553,-2.7225662289654653,32.29202457004766
TAP,PSH,cluster,regression,cheap,mlp,150,150,0,63,,,False,0.07070852534562212,0.03876509513752501,-2.799899155031384,32.625719141314846
TAP,PSH,cluster,regression,cheap,mlp,all,178,0,63,,,False,0.11323924731182795,0.049568534224400225,-2.7393263223987305,32.36463705067011
TAP,PSH,cluster,regression,cheap,mlp,25,25,1,60,,,False,0.23178660739094198,0.3616985503214374,-9.207745597837084,50.35510058165885
TAP,PSH,cluster,regression,cheap,mlp,50,50,1,60,,,False,0.16610169491525428,0.3101180634260484,-8.02134816720936,47.338475856356055
TAP,PSH,cluster,regression,cheap,mlp,100,100,1,60,,,False,0.24017782717421512,0.3958679181189655,-3.17373869448124,32.198910484751224
TAP,PSH,cluster,regression,cheap,mlp,150,150,1,60,,,False,0.2489024729091415,0.3953986970751826,-2.837998428950084,30.876704763832326
TAP,PSH,cluster,regression,cheap,mlp,all,181,1,60,,,False,0.14865240344540154,0.3406859704058357,-2.848400763875501,30.91851985185031
TAP,PSH,cluster,regression,cheap,mlp,25,25,2,68,,,False,0.1001641409321678,0.08450738762393573,-11.435158021914875,51.34447296288359
TAP,PSH,cluster,regression,cheap,mlp,50,50,2,68,,,False,0.16471351681490248,0.14524652203033875,-8.135194962369454,44.00752620680853
TAP,PSH,cluster,regression,cheap,mlp,100,100,2,68,,,False,0.2207504676107951,0.14678904011649968,-4.62969347133218,34.547006399690375
TAP,PSH,cluster,regression,cheap,mlp,150,150,2,68,,,False,0.1607054242852235,0.06915808586393694,-3.58443557050194,31.175324509245105
TAP,PSH,cluster,regression,cheap,mlp,all,173,2,68,,,False,0.19777073710730234,0.1275338944270819,-3.648505920881594,31.39241595938357
TAP,PSH,cluster,regression,cheap,mlp,25,25,3,63,,,False,0.14405721966205837,0.19107306924981793,-6.220851032405976,41.961238555638694
TAP,PSH,cluster,regression,cheap,mlp,50,50,3,63,,,False,0.0478110599078341,0.06635307767643532,-6.188120000405201,41.86602854739729
TAP,PSH,cluster,regression,cheap,mlp,100,100,3,63,,,False,0.19412442396313365,0.22636341199374735,-3.2827832013644134,32.31596664144577
TAP,PSH,cluster,regression,cheap,mlp,150,150,3,63,,,False,0.30525153609831035,0.30195915657374833,-2.9448384065006064,31.014780705772775
TAP,PSH,cluster,regression,cheap,mlp,all,178,3,63,,,False,0.30285138248847926,0.25996545688592665,-2.8615638462076376,30.68567745583356
TAP,PSH,cluster,regression,cheap,mlp,25,25,4,57,,,False,0.12645838734767956,0.1112783481639921,-10.29313216741484,54.189506411805574
TAP,PSH,cluster,regression,cheap,mlp,50,50,4,57,,,False,0.050946331345605396,0.0840917548446622,-6.153831427781006,43.1297897387216
TAP,PSH,cluster,regression,cheap,mlp,100,100,4,57,,,False,0.10636505055742806,0.13702145513505867,-4.5424969218410896,37.96301705963911
TAP,PSH,cluster,regression,cheap,mlp,150,150,4,57,,,False,0.2625097225823179,0.2582687727764841,-3.250433353698961,33.24486664753607
TAP,PSH,cluster,regression,cheap,mlp,all,184,4,57,,,False,0.2359994814622764,0.223411133431563,-3.0539934366091,32.467549431872214
TAP,PSH,cluster,regression,cheap,mlp,25,25,5,68,,,False,0.14608542962934687,0.12916769898216937,-6.2784608070234365,43.30533777691489
TAP,PSH,cluster,regression,cheap,mlp,50,50,5,68,,,False,0.18673893957323356,0.18574612438970795,-4.234611273391675,36.72517505536165
TAP,PSH,cluster,regression,cheap,mlp,100,100,5,68,,,False,0.151582242241478,0.13822609483714857,-3.312566011488224,33.33416143983703
TAP,PSH,cluster,regression,cheap,mlp,150,150,5,68,,,False,0.01668129938542581,0.03223891199415029,-2.519435827545428,30.113288291997844
TAP,PSH,cluster,regression,cheap,mlp,all,173,5,68,,,False,0.052830476772149484,0.09880470739233324,-2.3565203209512178,29.408054660719912
TAP,PSH,cluster,regression,cheap,mlp,25,25,6,56,,,False,0.07423103212576898,0.10719277697850041,-5.0223924873452095,43.809900861335855
TAP,PSH,cluster,regression,cheap,mlp,50,50,6,56,,,False,0.0066302118933697874,0.11130650275678541,-4.701449747661903,42.62657048893445
TAP,PSH,cluster,regression,cheap,mlp,100,100,6,56,,,False,0.09104579630895422,0.14854861703223338,-2.440145259703269,33.11129244621985
TAP,PSH,cluster,regression,cheap,mlp,150,150,6,56,,,False,0.07436773752563228,0.12068373306348429,-2.4011507472769287,32.92309712935955
TAP,PSH,cluster,regression,cheap,mlp,all,185,6,56,,,False,-0.004853041695146958,0.055880606913773334,-2.340038897447655,32.625975434572865
TAP,PSH,cluster,regression,cheap,mlp,25,25,7,59,,,False,0.10864991233196962,0.1945132123239902,-8.01364206083041,46.77010055566829
TAP,PSH,cluster,regression,cheap,mlp,50,50,7,59,,,False,0.20584453535943897,0.27324905260878873,-6.48433021722333,42.6181526002105
TAP,PSH,cluster,regression,cheap,mlp,100,100,7,59,,,False,0.10403272939801288,0.23087057625607668,-4.987312758142747,38.11835252344499
TAP,PSH,cluster,regression,cheap,mlp,150,150,7,59,,,False,0.1098188194038574,0.22325553232212883,-3.4331985255306803,32.80021872407023
TAP,PSH,cluster,regression,cheap,mlp,all,182,7,59,,,False,0.20356516656925777,0.31463579955239246,-2.54199651256291,29.318531544205346
TAP,PSH,cluster,regression,cheap,mlp,25,25,8,63,,,False,0.04949116743471583,0.08272600885131227,-5.570740363521914,45.32033312275373
TAP,PSH,cluster,regression,cheap,mlp,50,50,8,63,,,False,0.21798195084485406,0.23649893952800344,-2.7700756363449686,34.32898569278065
TAP,PSH,cluster,regression,cheap,mlp,100,100,8,63,,,False,0.20444508448540707,0.2495275341667777,-2.583506069880966,33.46879005405089
TAP,PSH,cluster,regression,cheap,mlp,150,150,8,63,,,False,0.22163018433179726,0.24799637392786258,-2.1544013171696474,31.40106752144527
TAP,PSH,cluster,regression,cheap,mlp,all,178,8,63,,,False,0.25364823348694315,0.3010211747864563,-1.9995540204471824,30.620641431863802
TAP,PSH,cluster,regression,cheap,mlp,25,25,9,64,,,False,0.11684981684981684,0.0960989153711614,-6.305725846048025,47.09842064005872
TAP,PSH,cluster,regression,cheap,mlp,50,50,9,64,,,False,0.003617216117216117,0.1031766515927659,-4.6815392080041915,41.534373374363554
TAP,PSH,cluster,regression,cheap,mlp,100,100,9,64,,,False,0.047756410256410246,0.06761491780156453,-3.7584642750976958,38.01089234332746
TAP,PSH,cluster,regression,cheap,mlp,150,150,9,64,,,False,-0.00467032967032967,0.0441072368725203,-3.0537109795394786,35.08334944823759
TAP,PSH,cluster,regression,cheap,mlp,all,177,9,64,,,False,0.02298534798534798,0.04586855315406982,-2.818923117623653,34.05219535823408
TAP,PSH,cluster,regression,cheap,mlp,25,25,10,62,,,False,-0.001989373221525522,0.0119531847890934,-6.365817077185211,50.691456670535395
TAP,PSH,cluster,regression,cheap,mlp,50,50,10,62,,,False,0.053561985344111204,0.06309623125336843,-4.456066304205541,43.627881645601605
TAP,PSH,cluster,regression,cheap,mlp,100,100,10,62,,,False,0.1753922087079147,0.168041261792182,-2.483677933936297,34.86127810572084
TAP,PSH,cluster,regression,cheap,mlp,150,150,10,62,,,False,0.391654705245398,0.41138131825409907,-1.8750775022411563,31.670074481555854
TAP,PSH,cluster,regression,cheap,mlp,all,179,10,62,,,False,0.2915816776208104,0.31445823903897685,-1.9534883361097277,32.09903206832449
TAP,PSH,cluster,regression,cheap,mlp,25,25,11,62,,,False,0.06942660723728943,0.09599472402126012,-6.9649137142265385,47.79993377264039
TAP,PSH,cluster,regression,cheap,mlp,50,50,11,62,,,False,0.2526000352547153,0.26436316959877315,-4.592662003139433,40.054013864922815
TAP,PSH,cluster,regression,cheap,mlp,100,100,11,62,,,False,0.165571252297852,0.19034589706272115,-3.12712567163687,34.408093043109176
TAP,PSH,cluster,regression,cheap,mlp,150,150,11,62,,,False,0.24202362065926317,0.27307187456358145,-2.7225878626675812,32.678283466564295
TAP,PSH,cluster,regression,cheap,mlp,all,179,11,62,,,False,0.25970134219737606,0.32898232140347106,-2.4775821480938487,31.584605448432008
TAP,PSH,cluster,regression,cheap,mlp,25,25,12,62,,,False,-0.028027498677948178,-0.0707971084428633,-9.291817805682784,48.64599965650473
TAP,PSH,cluster,regression,cheap,mlp,50,50,12,62,,,False,0.010853415930094937,0.008277228130646408,-5.719629574892162,39.307348946820426
TAP,PSH,cluster,regression,cheap,mlp,100,100,12,62,,,False,-0.033970436403011756,-0.04531048709857063,-3.9377283471254554,33.69493976418614
TAP,PSH,cluster,regression,cheap,mlp,150,150,12,62,,,False,0.11163153786104606,0.09950754430765893,-3.883549268664744,33.50957150899756
TAP,PSH,cluster,regression,cheap,mlp,all,179,12,62,,,False,-0.011054871446198787,-0.023727835554051502,-3.9362361052899777,33.689847868208666
TAP,PSH,cluster,regression,cheap,mlp,25,25,13,61,,,False,0.2489687995769434,0.2644368171871502,-7.4386922973347875,56.76952248988371
TAP,PSH,cluster,regression,cheap,mlp,50,50,13,61,,,False,0.3982020095187731,0.4606882012856797,-2.783136238304272,38.01050645699968
TAP,PSH,cluster,regression,cheap,mlp,100,100,13,61,,,False,0.27403490216816495,0.3027779469083037,-2.445557467561008,36.27499944315145
TAP,PSH,cluster,regression,cheap,mlp,150,150,13,61,,,False,0.501427815970386,0.5096939124998089,-1.4781304629258525,30.763783669113316
TAP,PSH,cluster,regression,cheap,mlp,all,180,13,61,,,False,0.47995769434161806,0.45582419392301476,-1.2949977537306325,29.605254440105433
TAP,PSH,cluster,regression,cheap,mlp,25,25,14,59,,,False,0.12180011689070719,0.07653986914731309,-9.410055321727656,53.87511568630714
TAP,PSH,cluster,regression,cheap,mlp,50,50,14,59,,,False,0.21624780829924023,0.19695683541689546,-3.107835594148045,33.842950899726105
TAP,PSH,cluster,regression,cheap,mlp,100,100,14,59,,,False,0.14061952074810052,0.1055319651205861,-2.874774834760864,32.86888199804663
TAP,PSH,cluster,regression,cheap,mlp,150,150,14,59,,,False,0.20362361192285217,0.2102927061149523,-2.8239241448635384,32.652491967842124
TAP,PSH,cluster,regression,cheap,mlp,all,182,14,59,,,False,0.2149620105201637,0.2194709370794917,-2.5008442700853353,31.24266651106567
TAP,PSH,cluster,regression,cheap,mlp,25,25,15,58,,,False,0.2734934941093236,0.28616953250955174,-4.895418640992046,42.47956009223941
TAP,PSH,cluster,regression,cheap,mlp,50,50,15,58,,,False,0.33027776923313545,0.37119984435776243,-3.4233448975409475,36.795786243977474
TAP,PSH,cluster,regression,cheap,mlp,100,100,15,58,,,False,0.4306807345658126,0.5033867663015443,-1.7764798716316728,29.15210705641681
TAP,PSH,cluster,regression,cheap,mlp,150,150,15,58,,,False,0.275769786828263,0.2856400087305365,-2.394687621871932,32.23462289690118
TAP,PSH,cluster,regression,cheap,mlp,all,183,15,58,,,False,0.36552954566427764,0.41778877598437847,-1.540112468776742,27.883620202546386
TAP,PSH,cluster,regression,cheap,mlp,25,25,16,55,,,False,0.3417027417027418,0.28606092479620226,-7.938414017849624,48.22743204259824
TAP,PSH,cluster,regression,cheap,mlp,50,50,16,55,,,False,0.31464646464646473,0.2072377183728527,-6.4121358107429876,43.91729557260269
TAP,PSH,cluster,regression,cheap,mlp,100,100,16,55,,,False,0.4016594516594517,0.3013039347390348,-3.9474835760666327,35.88030159597012
TAP,PSH,cluster,regression,cheap,mlp,150,150,16,55,,,False,0.42481962481962493,0.38842348152254735,-3.0087240730682536,32.29735717348025
TAP,PSH,cluster,regression,cheap,mlp,all,186,16,55,,,False,0.45555555555555566,0.4622531628864718,-2.434523763594829,29.89490427487339
TAP,PSH,cluster,regression,cheap,mlp,25,25,17,58,,,False,0.06671998523485805,0.023469395271786615,-7.71573227411414,53.59400081836001
TAP,PSH,cluster,regression,cheap,mlp,50,50,17,58,,,False,0.15771017256759667,0.13982825782497632,-4.474870612128541,42.476738991256084
TAP,PSH,cluster,regression,cheap,mlp,100,100,17,58,,,False,0.19271586329939405,0.2005673481932034,-3.4096189894331843,38.12104268687089
TAP,PSH,cluster,regression,cheap,mlp,150,150,17,58,,,False,0.13796179519517673,0.18132089687448566,-2.3955398343584737,33.45173538791085
TAP,PSH,cluster,regression,cheap,mlp,all,183,17,58,,,False,0.15297302285520933,0.1691428542029319,-2.3897320164583413,33.423114793804054
TAP,PSH,cluster,regression,cheap,mlp,25,25,18,56,,,False,-0.01619958988380041,-0.022875337278162777,-12.052713483438096,57.634424434495614
TAP,PSH,cluster,regression,cheap,mlp,50,50,18,56,,,False,-0.036637047163362954,-0.032117155216420966,-5.201418685160448,39.726205483877756
TAP,PSH,cluster,regression,cheap,mlp,100,100,18,56,,,False,0.2381408065618592,0.28688095137668607,-2.9038429798666607,31.51938452680526
TAP,PSH,cluster,regression,cheap,mlp,150,150,18,56,,,False,0.18844839371155162,0.2627299777484514,-3.1490859150861263,32.494343854152454
TAP,PSH,cluster,regression,cheap,mlp,all,185,18,56,,,False,0.2028708133971292,0.29258387860767326,-2.860867638203791,31.345414302337524
TAP,PSH,cluster,regression,cheap,mlp,25,25,19,64,,,False,-0.07673992673992673,0.02888829441547812,-10.601018136171547,54.199461853687325
TAP,PSH,cluster,regression,cheap,mlp,50,50,19,64,,,False,0.07536630036630036,0.07024127901692938,-5.295759902593371,39.9273972018714
TAP,PSH,cluster,regression,cheap,mlp,100,100,19,64,,,False,0.1724358974358974,0.13945597005588767,-3.333201200442118,33.12465387677619
TAP,PSH,cluster,regression,cheap,mlp,150,150,19,64,,,False,0.14830586080586078,0.11924610436613745,-2.5163532860356574,29.83961205284844
TAP,PSH,cluster,regression,cheap,mlp,all,177,19,64,,,False,0.16204212454212452,0.1110649041612289,-2.32230799770181,29.004599124260043
TAP,PSH,cluster,regression,esm2_mean,linear,25,25,0,63,,,False,0.35507872503840243,0.37777490332543007,0.10866046866466272,15.801402718417615
TAP,PSH,cluster,regression,esm2_mean,linear,50,50,0,63,,,False,0.5053763440860215,0.5511383027857664,0.18440968049487472,15.11506742722609
TAP,PSH,cluster,regression,esm2_mean,linear,100,100,0,63,,,False,0.6310003840245776,0.6585625018694198,0.3580308715867424,13.410072616964907
TAP,PSH,cluster,regression,esm2_mean,linear,150,150,0,63,,,False,0.653465821812596,0.6928782880850324,0.4737811885227933,12.14107780823723
TAP,PSH,cluster,regression,esm2_mean,linear,all,178,0,63,,,False,0.6718509984639017,0.7113963040102625,0.501085475311605,11.821895919237102
TAP,PSH,cluster,regression,esm2_mean,linear,25,25,1,60,,,False,0.25190330647402065,0.3045594164920734,-0.03630059336876457,16.04432395268902
TAP,PSH,cluster,regression,esm2_mean,linear,50,50,1,60,,,False,0.1851069741594888,0.20285714122486742,0.0060239073071217675,15.71326801893662
TAP,PSH,cluster,regression,esm2_mean,linear,100,100,1,60,,,False,0.42845234787440967,0.4962532538114603,0.23943950892976507,13.745021690672916
TAP,PSH,cluster,regression,esm2_mean,linear,150,150,1,60,,,False,0.4338983050847458,0.505418207953072,0.2459246748645294,13.686295540964004
TAP,PSH,cluster,regression,esm2_mean,linear,all,181,1,60,,,False,0.4242845234787442,0.5295726061724503,0.27517526076601684,13.418224471792996
TAP,PSH,cluster,regression,esm2_mean,linear,25,25,2,68,,,False,0.2536931709737756,0.2465145066064867,0.037295282737344726,14.286129941024367
TAP,PSH,cluster,regression,esm2_mean,linear,50,50,2,68,,,False,0.45165476963011025,0.4264100436428103,0.1410309959662639,13.494499834440138
TAP,PSH,cluster,regression,esm2_mean,linear,100,100,2,68,,,False,0.4436004122609459,0.43597216788308013,0.11370859919316212,13.707438746194613
TAP,PSH,cluster,regression,esm2_mean,linear,150,150,2,68,,,False,0.5836927892506775,0.549473345786873,0.2477054091017329,12.628797969711282
TAP,PSH,cluster,regression,esm2_mean,linear,all,173,2,68,,,False,0.5649501851357025,0.5520011847738491,0.2738851527287357,12.407112055459239
TAP,PSH,cluster,regression,esm2_mean,linear,25,25,3,63,,,False,0.14746543778801846,0.11508564783307287,-0.04061222072064119,15.929368783426208
TAP,PSH,cluster,regression,esm2_mean,linear,50,50,3,63,,,False,0.4522369431643625,0.4649033435353251,0.14909191882528494,14.404408526491698
TAP,PSH,cluster,regression,esm2_mean,linear,100,100,3,63,,,False,0.526065668202765,0.5517906470803396,0.2851482179952042,13.202680326886764
TAP,PSH,cluster,regression,esm2_mean,linear,150,150,3,63,,,False,0.5104166666666667,0.5307981444592857,0.2815243440001317,13.236102896481409
TAP,PSH,cluster,regression,esm2_mean,linear,all,178,3,63,,,False,0.5161770353302612,0.5349769516687641,0.267895070407168,13.361055606571945
TAP,PSH,cluster,regression,esm2_mean,linear,25,25,4,57,,,False,0.20210007778065855,0.20718661832169025,-0.0734796760514016,16.707247375374234
TAP,PSH,cluster,regression,esm2_mean,linear,50,50,4,57,,,False,0.4519704433497538,0.5253399711457646,0.22022953297763836,14.239389874282306
TAP,PSH,cluster,regression,esm2_mean,linear,100,100,4,57,,,False,0.5266398755509463,0.6078959457062871,0.32290505284900406,13.268834469318918
TAP,PSH,cluster,regression,esm2_mean,linear,150,150,4,57,,,False,0.6569872958257714,0.6965434397652148,0.4814374955249494,11.612040593988212
TAP,PSH,cluster,regression,esm2_mean,linear,all,184,4,57,,,False,0.6208192896033188,0.6675142190130215,0.43653593397414125,12.10433966848614
TAP,PSH,cluster,regression,esm2_mean,linear,25,25,5,68,,,False,0.309959155628507,0.32527697404436173,-0.12673842142838487,17.03857257482064
TAP,PSH,cluster,regression,esm2_mean,linear,50,50,5,68,,,False,0.24953238920487078,0.3390784338479712,0.10200797757948366,15.211004533361708
TAP,PSH,cluster,regression,esm2_mean,linear,100,100,5,68,,,False,0.3690117188991105,0.4361509579615465,0.18591854647501693,14.482901829440065
TAP,PSH,cluster,regression,esm2_mean,linear,150,150,5,68,,,False,0.4717715768981181,0.5257679870238332,0.26360493719263434,13.774539557236936
TAP,PSH,cluster,regression,esm2_mean,linear,all,173,5,68,,,False,0.4920410734053517,0.5473750295852089,0.2903979599456301,13.521631130068828
TAP,PSH,cluster,regression,esm2_mean,linear,25,25,6,56,,,False,0.08961038961038963,0.18028866254977322,-0.17770815511277238,19.373432938358242
TAP,PSH,cluster,regression,esm2_mean,linear,50,50,6,56,,,False,0.2516062884483937,0.31323981294838665,-0.046071581726028876,18.258640785540585
TAP,PSH,cluster,regression,esm2_mean,linear,100,100,6,56,,,False,0.4144907723855093,0.5208336571878168,0.26433949467681483,15.311807592535095
TAP,PSH,cluster,regression,esm2_mean,linear,150,150,6,56,,,False,0.465892002734108,0.57651121933404,0.32898628218542836,14.623571131735376
TAP,PSH,cluster,regression,esm2_mean,linear,all,185,6,56,,,False,0.39261790840738214,0.5354815769376098,0.2856078542647844,15.088847809560809
TAP,PSH,cluster,regression,esm2_mean,linear,25,25,7,59,,,False,0.1843366452367037,0.2962733675250838,0.010803262071894637,15.493855006280077
TAP,PSH,cluster,regression,esm2_mean,linear,50,50,7,59,,,False,0.29070718877849216,0.46125379682930145,0.1926568552265696,13.997395397442283
TAP,PSH,cluster,regression,esm2_mean,linear,100,100,7,59,,,False,0.36797194623027474,0.5511414587195986,0.28726991061151674,13.151663747927653
TAP,PSH,cluster,regression,esm2_mean,linear,150,150,7,59,,,False,0.388135593220339,0.5559216408404717,0.3017065323542848,13.01778634460686
TAP,PSH,cluster,regression,esm2_mean,linear,all,182,7,59,,,False,0.44827586206896564,0.5809372504325886,0.3304187011294005,12.74734698214938
TAP,PSH,cluster,regression,esm2_mean,linear,25,25,8,63,,,False,0.26089669738863286,0.2549680204144602,0.01896420369013352,17.51170236517109
TAP,PSH,cluster,regression,esm2_mean,linear,50,50,8,63,,,False,0.4881432411674347,0.5013668953395333,0.09737211341186258,16.79733228346507
TAP,PSH,cluster,regression,esm2_mean,linear,100,100,8,63,,,False,0.5981182795698926,0.6520289283966011,0.3603154089661963,14.140634101083087
TAP,PSH,cluster,regression,esm2_mean,linear,150,150,8,63,,,False,0.6470814132104454,0.7106524433879576,0.43434833138539686,13.297208432543664
TAP,PSH,cluster,regression,esm2_mean,linear,all,178,8,63,,,False,0.6304243471582182,0.6899110259837561,0.4280137853659183,13.37145666137176
TAP,PSH,cluster,regression,esm2_mean,linear,25,25,9,64,,,False,0.19725274725274722,0.302994777358927,-0.012632642494460056,17.53479206064163
TAP,PSH,cluster,regression,esm2_mean,linear,50,50,9,64,,,False,0.03988095238095237,0.2088410988278998,-0.26824139211071873,19.623461622355894
TAP,PSH,cluster,regression,esm2_mean,linear,100,100,9,64,,,False,0.3069139194139194,0.4882148985893928,0.18572714814508817,15.723876946047824
TAP,PSH,cluster,regression,esm2_mean,linear,150,150,9,64,,,False,0.2876831501831501,0.4615049637097588,0.1815011512017889,15.764626838868066
TAP,PSH,cluster,regression,esm2_mean,linear,all,177,9,64,,,False,0.3699175824175824,0.5436721389278223,0.28843765708001434,14.698774825033832
TAP,PSH,cluster,regression,esm2_mean,linear,25,25,10,62,,,False,0.23592959129712174,0.273282245930501,-0.03618152588691537,19.012631423092483
TAP,PSH,cluster,regression,esm2_mean,linear,50,50,10,62,,,False,0.26106116693107706,0.28180797863074786,0.07019877651390671,18.01023432304851
TAP,PSH,cluster,regression,esm2_mean,linear,100,100,10,62,,,False,0.4204124801692226,0.429983024043828,0.16868039226394305,17.029751808923052
TAP,PSH,cluster,regression,esm2_mean,linear,150,150,10,62,,,False,0.5409332426783511,0.5822169388392794,0.3076171118956781,15.541662354218387
TAP,PSH,cluster,regression,esm2_mean,linear,all,179,10,62,,,False,0.5469769081614666,0.5953897518721394,0.3206733833706199,15.394430315817239
TAP,PSH,cluster,regression,esm2_mean,linear,25,25,11,62,,,False,0.432096900103246,0.5248452320230576,0.016395264808332866,16.797593324267506
TAP,PSH,cluster,regression,esm2_mean,linear,50,50,11,62,,,False,0.505980710634333,0.535882144160556,0.0235147904460129,16.7366907663434
TAP,PSH,cluster,regression,esm2_mean,linear,100,100,11,62,,,False,0.5309611946312105,0.6146360995921334,0.3589995000960504,13.560195201550886
TAP,PSH,cluster,regression,esm2_mean,linear,150,150,11,62,,,False,0.5670217320137997,0.6276137573958175,0.38733516087840136,13.257090946507333
TAP,PSH,cluster,regression,esm2_mean,linear,all,179,11,62,,,False,0.6004129838080129,0.6593945795215211,0.4231712452742311,12.863531313969277
TAP,PSH,cluster,regression,esm2_mean,linear,25,25,12,62,,,False,0.1836015209891466,0.27258090432310134,-0.0035880675520445493,15.190736560745954
TAP,PSH,cluster,regression,esm2_mean,linear,50,50,12,62,,,False,0.21653949787212615,0.2539597899435515,-0.6179593028583177,19.28789727795078
TAP,PSH,cluster,regression,esm2_mean,linear,100,100,12,62,,,False,0.3420462844048249,0.38900642228561017,0.02316034850687354,14.986931687022631
TAP,PSH,cluster,regression,esm2_mean,linear,150,150,12,62,,,False,0.532975749792249,0.5509081440388719,0.2830092462021795,12.839788360610024
TAP,PSH,cluster,regression,esm2_mean,linear,all,179,12,62,,,False,0.47515801667044394,0.5382776676541834,0.27752471373615906,12.888802996175603
TAP,PSH,cluster,regression,esm2_mean,linear,25,25,13,61,,,False,0.3128503437334743,0.44079280493570916,0.008541918658959369,19.458745772291675
TAP,PSH,cluster,regression,esm2_mean,linear,50,50,13,61,,,False,0.5078794288736118,0.5552251432274337,0.1585784443740097,17.926045002213137
TAP,PSH,cluster,regression,esm2_mean,linear,100,100,13,61,,,False,0.6039661554732945,0.6116906542176292,0.35954937665968323,15.639414562659523
TAP,PSH,cluster,regression,esm2_mean,linear,150,150,13,61,,,False,0.597778952934955,0.6307774189452519,0.3788805605010265,15.40157824128709
TAP,PSH,cluster,regression,esm2_mean,linear,all,180,13,61,,,False,0.5962982548915916,0.6365976495731247,0.3975401195304291,15.168468401531081
TAP,PSH,cluster,regression,esm2_mean,linear,25,25,14,59,,,False,0.20905902980713034,0.24205210508757635,-0.14736140582721213,17.88594189865203
TAP,PSH,cluster,regression,esm2_mean,linear,50,50,14,59,,,False,0.43769725306838114,0.48208584823323214,-0.01600778754963139,16.831011447715074
TAP,PSH,cluster,regression,esm2_mean,linear,100,100,14,59,,,False,0.4271770894213911,0.5061271620138833,0.12318720119495863,15.635621089457674
TAP,PSH,cluster,regression,esm2_mean,linear,150,150,14,59,,,False,0.45634132086499135,0.5182777407339684,0.08030187783657128,16.013429306390226
TAP,PSH,cluster,regression,esm2_mean,linear,all,182,14,59,,,False,0.5274108708357687,0.5339281708732277,0.23630699374203334,14.592211097136312
TAP,PSH,cluster,regression,esm2_mean,linear,25,25,15,58,,,False,0.2199083330769941,0.2571925703881624,0.014697970517467795,17.36630300069366
TAP,PSH,cluster,regression,esm2_mean,linear,50,50,15,58,,,False,0.47479159617336747,0.5766970483557752,0.3146195203090594,14.484001164482885
TAP,PSH,cluster,regression,esm2_mean,linear,100,100,15,58,,,False,0.5337291211664463,0.6821129563615046,0.4159904695315144,13.370038341879885
TAP,PSH,cluster,regression,esm2_mean,linear,150,150,15,58,,,False,0.5446799347872898,0.7359362687508555,0.5334138384849527,11.950569789569732
TAP,PSH,cluster,regression,esm2_mean,linear,all,183,15,58,,,False,0.5680580762250453,0.748424910145191,0.5066309562740839,12.288776161189036
TAP,PSH,cluster,regression,esm2_mean,linear,25,25,16,55,,,False,0.38744588744588754,0.4722325026128418,0.19987406144248,14.429227443931271
TAP,PSH,cluster,regression,esm2_mean,linear,50,50,16,55,,,False,0.3776334776334777,0.43670109351599007,0.14198519607858862,14.942088173535396
TAP,PSH,cluster,regression,esm2_mean,linear,100,100,16,55,,,False,0.3393939393939394,0.4347204096408085,0.14726318638358993,14.896059916283916
TAP,PSH,cluster,regression,esm2_mean,linear,150,150,16,55,,,False,0.49725829725829734,0.5639217030058945,0.2913050372981034,13.57980636131778
TAP,PSH,cluster,regression,esm2_mean,linear,all,186,16,55,,,False,0.5450216450216452,0.6005150959134121,0.32838919701671576,13.219734740197763
TAP,PSH,cluster,regression,esm2_mean,linear,25,25,17,58,,,False,0.0945276692608201,0.16810984740826987,-0.06361933739526116,18.722220255839595
TAP,PSH,cluster,regression,esm2_mean,linear,50,50,17,58,,,False,0.2724476298871082,0.30627716689350754,-0.021660416111443315,18.349216354799868
TAP,PSH,cluster,regression,esm2_mean,linear,100,100,17,58,,,False,0.586145375126888,0.5680678491319751,0.29602773717606834,15.231476747575787
TAP,PSH,cluster,regression,esm2_mean,linear,150,150,17,58,,,False,0.5777784613491649,0.6087699196777279,0.3091075188808774,15.089313131761564
TAP,PSH,cluster,regression,esm2_mean,linear,all,183,17,58,,,False,0.537051278107601,0.563746235638674,0.29886313172223455,15.200771830222495
TAP,PSH,cluster,regression,esm2_mean,linear,25,25,18,56,,,False,0.40717703349282297,0.4139519899055054,0.13084601851268207,14.872361044073001
TAP,PSH,cluster,regression,esm2_mean,linear,50,50,18,56,,,False,0.5369788106630212,0.6339284000973237,0.38424525156576006,12.518014282545767
TAP,PSH,cluster,regression,esm2_mean,linear,100,100,18,56,,,False,0.6197539302802461,0.7106272756808055,0.47378102414919687,11.572170144978235
TAP,PSH,cluster,regression,esm2_mean,linear,150,150,18,56,,,False,0.5203691045796309,0.6344048652170788,0.40100794701904097,12.346449607948005
TAP,PSH,cluster,regression,esm2_mean,linear,all,185,18,56,,,False,0.5915242652084758,0.6358747381963706,0.3909996512534526,12.44916802461568
TAP,PSH,cluster,regression,esm2_mean,linear,25,25,19,64,,,False,0.2167124542124542,0.20221416224223693,-0.04878919733284226,16.296375544947793
TAP,PSH,cluster,regression,esm2_mean,linear,50,50,19,64,,,False,0.20109890109890108,0.2521756091828745,-0.16136768244349664,17.14872318150236
TAP,PSH,cluster,regression,esm2_mean,linear,100,100,19,64,,,False,0.3594322344322344,0.362877714142839,-0.01041395267293277,15.995454653054642
TAP,PSH,cluster,regression,esm2_mean,linear,150,150,19,64,,,False,0.352014652014652,0.3868595834981814,0.042644049167307796,15.569821805821174
TAP,PSH,cluster,regression,esm2_mean,linear,all,177,19,64,,,False,0.3809981684981684,0.4066422119515887,0.06735506687165049,15.367566076563739
TAP,PSH,cluster,regression,esm2_mean,mlp,25,25,0,63,,,False,0.315668202764977,0.34020594826611383,-13.111035881747192,62.87145423022398
TAP,PSH,cluster,regression,esm2_mean,mlp,50,50,0,63,,,False,0.37471198156682034,0.4051414800873152,-5.922722247008236,44.036471320116014
TAP,PSH,cluster,regression,esm2_mean,mlp,100,100,0,63,,,False,0.2401593701996928,0.28968400364563507,-2.917173806256152,33.12535021982511
TAP,PSH,cluster,regression,esm2_mean,mlp,150,150,0,63,,,False,0.22403033794162824,0.2544959422639819,-2.270081238911933,30.26588159412307
TAP,PSH,cluster,regression,esm2_mean,mlp,all,178,0,63,,,False,0.24433563748079878,0.3030880985533294,-2.1692639834996643,29.795677524137112
TAP,PSH,cluster,regression,esm2_mean,mlp,25,25,1,60,,,False,-0.16671297582661854,-0.0962776783910351,-8.989449894152829,49.813761294418796
TAP,PSH,cluster,regression,esm2_mean,mlp,50,50,1,60,,,False,-0.16737982772992502,-0.12878734748929854,-10.571414191743282,53.61320479161891
TAP,PSH,cluster,regression,esm2_mean,mlp,100,100,1,60,,,False,-0.03695470964156711,0.023492259944576287,-5.007200915989367,38.62910336132384
TAP,PSH,cluster,regression,esm2_mean,mlp,150,150,1,60,,,False,0.024284523478744102,0.06009518984706187,-3.802320022066218,34.53854973532623
TAP,PSH,cluster,regression,esm2_mean,mlp,all,181,1,60,,,False,0.07979994442900808,0.09659273756469933,-2.8791114847926873,31.041641542045912
TAP,PSH,cluster,regression,esm2_mean,mlp,25,25,2,68,,,False,-0.0366835897240142,-0.04696764006126798,-8.308450542813294,44.42288335359708
TAP,PSH,cluster,regression,esm2_mean,mlp,50,50,2,68,,,False,0.13658052448753671,0.13191911183136204,-6.26352059399482,39.24114149138265
TAP,PSH,cluster,regression,esm2_mean,mlp,100,100,2,68,,,False,0.16658395999541928,0.1442234491934985,-2.5191440481968446,27.314079433873562
TAP,PSH,cluster,regression,esm2_mean,mlp,150,150,2,68,,,False,0.09817918082223154,0.08051844023941684,-2.7544918735554265,28.212633709966834
TAP,PSH,cluster,regression,esm2_mean,mlp,all,173,2,68,,,False,0.28075733862656027,0.2078312395268313,-2.0883593370488813,25.58774175160039
TAP,PSH,cluster,regression,esm2_mean,mlp,25,25,3,63,,,False,0.12288786482334871,0.25067590783398547,-8.661212715282906,48.53666452828276
TAP,PSH,cluster,regression,esm2_mean,mlp,50,50,3,63,,,False,0.0405625960061444,0.21372730258204076,-4.896596165685978,37.918818665372626
TAP,PSH,cluster,regression,esm2_mean,mlp,100,100,3,63,,,False,0.1323924731182796,0.27693980473384583,-2.7356957752988937,30.181433033884378
TAP,PSH,cluster,regression,esm2_mean,mlp,150,150,3,63,,,False,0.110071044546851,0.2343913255144162,-1.4430403485146401,24.407282379303602
TAP,PSH,cluster,regression,esm2_mean,mlp,all,178,3,63,,,False,0.11232718894009217,0.14467337765595475,-2.009847209270901,27.09108075008194
TAP,PSH,cluster,regression,esm2_mean,mlp,25,25,4,57,,,False,-0.08393829401088931,-0.1256401349714278,-9.015655350098246,51.0325976883253
TAP,PSH,cluster,regression,esm2_mean,mlp,50,50,4,57,,,False,-0.3117708063261603,-0.34291234670763815,-9.389153422824974,51.975427451351756
TAP,PSH,cluster,regression,esm2_mean,mlp,100,100,4,57,,,False,-0.14331086336530982,-0.14245008890058922,-5.37199938882276,40.704821306479296
TAP,PSH,cluster,regression,esm2_mean,mlp,150,150,4,57,,,False,0.09502203785325383,0.08972969204228838,-3.8136039830236363,35.37880574850808
TAP,PSH,cluster,regression,esm2_mean,mlp,all,184,4,57,,,False,0.22530464091262642,0.24313086442416315,-3.0360581887502853,32.395650076751075
TAP,PSH,cluster,regression,esm2_mean,mlp,25,25,5,68,,,False,-0.03901210062220864,0.10850824137724413,-10.216838688607215,53.7597070710562
TAP,PSH,cluster,regression,esm2_mean,mlp,50,50,5,68,,,False,-0.08554414627629117,0.03352798726300629,-5.626441297776542,41.32014472872207
TAP,PSH,cluster,regression,esm2_mean,mlp,100,100,5,68,,,False,0.14578005115089512,0.1861686534498036,-1.9165686948493152,27.413075455720026
TAP,PSH,cluster,regression,esm2_mean,mlp,150,150,5,68,,,False,0.18662442264381415,0.24508225423828367,-1.3748002681870943,24.736326303332206
TAP,PSH,cluster,regression,esm2_mean,mlp,all,173,5,68,,,False,0.2501431461617742,0.28412523438727044,-1.1037702025622216,23.2820279512788
TAP,PSH,cluster,regression,esm2_mean,mlp,25,25,6,56,,,False,0.030416951469583047,0.03453568536945281,-4.374753920895916,41.38729429106319
TAP,PSH,cluster,regression,esm2_mean,mlp,50,50,6,56,,,False,-0.058988380041011625,-0.030023254108163325,-3.222965574685035,36.685674900305116
TAP,PSH,cluster,regression,esm2_mean,mlp,100,100,6,56,,,False,0.12241968557758033,0.14873785576295173,-2.699704040107735,34.33770257007851
TAP,PSH,cluster,regression,esm2_mean,mlp,150,150,6,56,,,False,0.2193438140806562,0.19570273554142348,-2.2342228255004986,32.10500275252627
TAP,PSH,cluster,regression,esm2_mean,mlp,all,185,6,56,,,False,0.22631578947368422,0.20496170291411397,-1.6678825669236765,29.158897360115297
TAP,PSH,cluster,regression,esm2_mean,mlp,25,25,7,59,,,False,-0.044593804792519,0.09722352670703102,-12.331080209867022,56.878851751239345
TAP,PSH,cluster,regression,esm2_mean,mlp,50,50,7,59,,,False,0.03635300993571011,0.16696662760338013,-7.012621869944839,44.096637424926904
TAP,PSH,cluster,regression,esm2_mean,mlp,100,100,7,59,,,False,0.124021040327294,0.1739276168586801,-4.1143774037580965,35.230153547480164
TAP,PSH,cluster,regression,esm2_mean,mlp,150,150,7,59,,,False,0.14891876095850382,0.2480100269575833,-3.191421474351004,31.893252908028018
TAP,PSH,cluster,regression,esm2_mean,mlp,all,182,7,59,,,False,0.23962594973699594,0.30294073419258094,-2.6390422883491245,29.717460965125575
TAP,PSH,cluster,regression,esm2_mean,mlp,25,25,8,63,,,False,0.06269201228878649,0.057366882709090565,-5.167272501985177,43.906873094295804
TAP,PSH,cluster,regression,esm2_mean,mlp,50,50,8,63,,,False,0.12432795698924733,0.12789515784054045,-4.680993955071339,42.14034662997473
TAP,PSH,cluster,regression,esm2_mean,mlp,100,100,8,63,,,False,0.20842933947772657,0.22840361306505258,-2.379683564885732,32.50303832499756
TAP,PSH,cluster,regression,esm2_mean,mlp,150,150,8,63,,,False,0.3977534562211982,0.38468449356474077,-1.6714829131590019,28.897624296680874
TAP,PSH,cluster,regression,esm2_mean,mlp,all,178,8,63,,,False,0.3593990015360983,0.35422107485767773,-1.4155901680899934,27.478787569082687
TAP,PSH,cluster,regression,esm2_mean,mlp,25,25,9,64,,,False,-0.08145604395604394,-0.01782105818039776,-7.046690774705157,49.429169632794164
TAP,PSH,cluster,regression,esm2_mean,mlp,50,50,9,64,,,False,-0.03978937728937728,-0.01078321419009554,-5.0687261241819,42.92629718923446
TAP,PSH,cluster,regression,esm2_mean,mlp,100,100,9,64,,,False,-0.05549450549450549,-0.025223648342125125,-4.790227596989857,41.929769610158665
TAP,PSH,cluster,regression,esm2_mean,mlp,150,150,9,64,,,False,0.032188644688644685,0.06089678509901902,-3.1105983555765064,35.3286612673821
TAP,PSH,cluster,regression,esm2_mean,mlp,all,177,9,64,,,False,0.021520146520146517,0.08119142615448018,-2.5200152654674928,32.69240964480299
TAP,PSH,cluster,regression,esm2_mean,mlp,25,25,10,62,,,False,-0.054367807408526606,-0.05291965299221001,-4.292313455324362,42.9681925985712
TAP,PSH,cluster,regression,esm2_mean,mlp,50,50,10,62,,,False,-0.18883936440784668,-0.17505075500673944,-4.639678916742888,44.3559102582205
TAP,PSH,cluster,regression,esm2_mean,mlp,100,100,10,62,,,False,0.11571101206214904,0.13983787872826217,-2.665021381059803,35.75712254562751
TAP,PSH,cluster,regression,esm2_mean,mlp,150,150,10,62,,,False,0.24328271763491222,0.2310998146282296,-2.371473143162862,34.29526467143932
TAP,PSH,cluster,regression,esm2_mean,mlp,all,179,10,62,,,False,0.28709929238749965,0.27062306343336795,-1.8221180603933838,31.37703452889395
TAP,PSH,cluster,regression,esm2_mean,mlp,25,25,11,62,,,False,-0.09873838483039964,-0.037827648300220444,-9.815760999883715,55.701295766195074
TAP,PSH,cluster,regression,esm2_mean,mlp,50,50,11,62,,,False,0.12794943466545794,0.20659751874692323,-6.4751317061511156,46.30695048213586
TAP,PSH,cluster,regression,esm2_mean,mlp,100,100,11,62,,,False,0.1772556722318753,0.16317818162956946,-2.7242702716694684,32.68566704351423
TAP,PSH,cluster,regression,esm2_mean,mlp,150,150,11,62,,,False,0.25773715091536353,0.2906330884105534,-1.8897214353861322,28.791530184216114
TAP,PSH,cluster,regression,esm2_mean,mlp,all,179,11,62,,,False,0.32557729596333507,0.35734769225346447,-1.6845014846193629,27.75035744056429
TAP,PSH,cluster,regression,esm2_mean,mlp,25,25,12,62,,,False,-0.04963360278008613,0.0015835575787441455,-7.394264722187046,43.93315758818399
TAP,PSH,cluster,regression,esm2_mean,mlp,50,50,12,62,,,False,-0.12613633502052327,-0.11939458010741479,-7.434000963354771,44.03701882627782
TAP,PSH,cluster,regression,esm2_mean,mlp,100,100,12,62,,,False,-0.11394827629624034,-0.048819618405190376,-5.399090812964994,38.35837710960452
TAP,PSH,cluster,regression,esm2_mean,mlp,150,150,12,62,,,False,-0.005011205963083277,0.04553930180744794,-3.865430843306582,33.447351920230744
TAP,PSH,cluster,regression,esm2_mean,mlp,all,179,12,62,,,False,-0.042028657047165775,0.01952958147428196,-3.719388111526409,32.94154276565006
TAP,PSH,cluster,regression,esm2_mean,mlp,25,25,13,61,,,False,-0.17080909571655206,-0.16836040544175868,-5.5115094419383945,49.867604090623786
TAP,PSH,cluster,regression,esm2_mean,mlp,50,50,13,61,,,False,-0.13109465891062927,-0.04267421463867347,-4.699574169799976,46.65507268315446
TAP,PSH,cluster,regression,esm2_mean,mlp,100,100,13,61,,,False,0.11845584346906399,0.148266454439715,-1.8605912153722666,33.05259528172713
TAP,PSH,cluster,regression,esm2_mean,mlp,150,150,13,61,,,False,0.2248545742993125,0.23679987169741779,-1.6182563108092038,31.62159303303978
TAP,PSH,cluster,regression,esm2_mean,mlp,all,180,13,61,,,False,0.2610787942887361,0.28398050834179894,-1.3713121938697697,30.09345370404841
TAP,PSH,cluster,regression,esm2_mean,mlp,25,25,14,59,,,False,-0.29146697837521923,-0.2890788503941473,-12.432649021584192,61.19874704049791
TAP,PSH,cluster,regression,esm2_mean,mlp,50,50,14,59,,,False,-0.08638223261250731,-0.04840580305698412,-6.843846659483576,46.76557133540597
TAP,PSH,cluster,regression,esm2_mean,mlp,100,100,14,59,,,False,0.1320864991233197,0.21194545076740706,-5.671700748965208,43.130051443769894
TAP,PSH,cluster,regression,esm2_mean,mlp,150,150,14,59,,,False,0.15961426066627707,0.2423013252572487,-4.4354964994062565,38.929722429223204
TAP,PSH,cluster,regression,esm2_mean,mlp,all,182,14,59,,,False,0.14061952074810052,0.22048730004750708,-3.1026038145220243,33.8213926765638
TAP,PSH,cluster,regression,esm2_mean,mlp,25,25,15,58,,,False,0.04186532960103356,0.02600368726542147,-7.412365784442638,50.74365663173407
TAP,PSH,cluster,regression,esm2_mean,mlp,50,50,15,58,,,False,0.22433787566520044,0.2185366104231373,-6.592414177780287,48.20728036276783
TAP,PSH,cluster,regression,esm2_mean,mlp,100,100,15,58,,,False,0.2620505090897905,0.24311128862185297,-2.9845076854357226,34.92287744735942
TAP,PSH,cluster,regression,esm2_mean,mlp,150,150,15,58,,,False,0.25417576671075703,0.25581499843681677,-2.1028037951165577,30.81767298826077
TAP,PSH,cluster,regression,esm2_mean,mlp,all,183,15,58,,,False,0.24494755298532714,0.2170826195690405,-2.119966437889175,30.90278686672932
TAP,PSH,cluster,regression,esm2_mean,mlp,25,25,16,55,,,False,0.05562770562770564,0.07743424847228028,-10.335311461459671,54.31010384557338
TAP,PSH,cluster,regression,esm2_mean,mlp,50,50,16,55,,,False,0.08369408369408371,0.1275759459309338,-6.700185537737068,44.762517022380806
TAP,PSH,cluster,regression,esm2_mean,mlp,100,100,16,55,,,False,0.0007936507936507938,0.0620973778536806,-4.299643572292182,37.13532553384029
TAP,PSH,cluster,regression,esm2_mean,mlp,150,150,16,55,,,False,0.09992784992784993,0.12047755097091238,-3.1615468714053225,32.9072279456609
TAP,PSH,cluster,regression,esm2_mean,mlp,all,186,16,55,,,False,0.19949494949494953,0.19801890868997873,-2.50850157870495,30.21514915494508
TAP,PSH,cluster,regression,esm2_mean,mlp,25,25,17,58,,,False,0.03276015872527608,0.07710819483138032,-5.933972504621751,47.80301571384668
TAP,PSH,cluster,regression,esm2_mean,mlp,50,50,17,58,,,False,0.13636223814943554,0.12979945918276725,-2.6812845510126744,34.83083869639302
TAP,PSH,cluster,regression,esm2_mean,mlp,100,100,17,58,,,False,0.3182810913900766,0.29044601484997046,-1.3118913757356903,27.602470241545543
TAP,PSH,cluster,regression,esm2_mean,mlp,150,150,17,58,,,False,0.2733704512596512,0.2478434136091392,-1.23993277658828,27.169505261111585
TAP,PSH,cluster,regression,esm2_mean,mlp,all,183,17,58,,,False,0.26697222307668644,0.25907575150444095,-0.8851536896680705,24.925140732113483
TAP,PSH,cluster,regression,esm2_mean,mlp,25,25,18,56,,,False,-0.06876281613123719,-0.06949442950955534,-10.132480705539102,53.22645393517967
TAP,PSH,cluster,regression,esm2_mean,mlp,50,50,18,56,,,False,0.012781954887218047,0.06885006346747786,-7.285420054477843,45.91861956179191
TAP,PSH,cluster,regression,esm2_mean,mlp,100,100,18,56,,,False,0.059740259740259746,0.09274930941201594,-4.169421341959715,36.27041491042634
TAP,PSH,cluster,regression,esm2_mean,mlp,150,150,18,56,,,False,-0.04442925495557075,-0.035050057390501765,-5.167907599519413,39.61872430199773
TAP,PSH,cluster,regression,esm2_mean,mlp,all,185,18,56,,,False,0.03588516746411484,-0.01014498655025118,-5.117264060239082,39.455738070893105
TAP,PSH,cluster,regression,esm2_mean,mlp,25,25,19,64,,,False,0.0037087912087912078,0.03276383700888556,-11.665053776241594,56.63050581064233
TAP,PSH,cluster,regression,esm2_mean,mlp,50,50,19,64,,,False,0.016346153846153844,0.025423246481097398,-6.863393210187997,44.622296556342015
TAP,PSH,cluster,regression,esm2_mean,mlp,100,100,19,64,,,False,0.08626373626373625,0.06988687015602553,-4.259217034320431,36.492823638979665
TAP,PSH,cluster,regression,esm2_mean,mlp,150,150,19,64,,,False,0.23846153846153845,0.21495341333220885,-1.939939097283295,27.28450558697306
TAP,PSH,cluster,regression,esm2_mean,mlp,all,177,19,64,,,False,0.2909340659340659,0.26809040766624204,-1.5815335927273586,25.567355609267373
TAP,PSH,cluster,regression,esm2_max,linear,25,25,0,63,,,False,0.35815092165898615,0.38556744261972453,0.12565819286146618,15.650012189718774
TAP,PSH,cluster,regression,esm2_max,linear,50,50,0,63,,,False,0.5265937019969279,0.5587240992897924,0.17762412494356394,15.17781442261798
TAP,PSH,cluster,regression,esm2_max,linear,100,100,0,63,,,False,0.5234735023041475,0.5899344065125404,0.2877723360801192,14.124838042350103
TAP,PSH,cluster,regression,esm2_max,linear,150,150,0,63,,,False,0.6083429339477727,0.6386814046481033,0.36996789706788413,13.28481152423446
TAP,PSH,cluster,regression,esm2_max,linear,all,178,0,63,,,False,0.6085829493087558,0.6525335994271907,0.3829639444428482,13.14708070002496
TAP,PSH,cluster,regression,esm2_max,linear,25,25,1,60,,,False,0.2906362878577383,0.32625306995734726,0.09830290898384553,14.966108284943267
TAP,PSH,cluster,regression,esm2_max,linear,50,50,1,60,,,False,0.22628507918866353,0.2874860596724323,0.08198126773489323,15.100951767553065
TAP,PSH,cluster,regression,esm2_max,linear,100,100,1,60,,,False,0.38644067796610176,0.5145672562053063,0.2200368323600137,13.919242337262038
TAP,PSH,cluster,regression,esm2_max,linear,150,150,1,60,,,False,0.3709919422061685,0.4814221478411338,0.22475734895519972,13.877057182791876
TAP,PSH,cluster,regression,esm2_max,linear,all,181,1,60,,,False,0.36604612392331215,0.4572047260003825,0.20624173203191032,14.041796666059657
TAP,PSH,cluster,regression,esm2_max,linear,25,25,2,68,,,False,0.21162728556704963,0.18541959087908907,0.034337767338699754,14.308057250726716
TAP,PSH,cluster,regression,esm2_max,linear,50,50,2,68,,,False,0.28487994808565864,0.2641884291871766,-0.04224084648968107,14.86456111235258
TAP,PSH,cluster,regression,esm2_max,linear,100,100,2,68,,,False,0.3669885864793678,0.34454585138875876,0.07264787296324937,14.021367821105565
TAP,PSH,cluster,regression,esm2_max,linear,150,150,2,68,,,False,0.47658128793373283,0.430412901099564,0.16349898626003767,13.31684306823971
TAP,PSH,cluster,regression,esm2_max,linear,all,173,2,68,,,False,0.524640225980074,0.44956953714942993,0.14043808366262156,13.499156390566842
TAP,PSH,cluster,regression,esm2_max,linear,25,25,3,63,,,False,0.16561059907834103,0.14300841007335235,-0.040438724257303216,15.928040813075688
TAP,PSH,cluster,regression,esm2_max,linear,50,50,3,63,,,False,0.40164170506912444,0.4488551613578287,0.16417988796261285,14.276130672180917
TAP,PSH,cluster,regression,esm2_max,linear,100,100,3,63,,,False,0.4377880184331797,0.486243738988757,0.21942954897106082,13.796221527509847
TAP,PSH,cluster,regression,esm2_max,linear,150,150,3,63,,,False,0.46702188940092165,0.48450278839474875,0.23414631448064016,13.665546654990203
TAP,PSH,cluster,regression,esm2_max,linear,all,178,3,63,,,False,0.43255568356374813,0.47265401363598225,0.21796450464426798,13.809162448464413
TAP,PSH,cluster,regression,esm2_max,linear,25,25,4,57,,,False,0.22361939331086336,0.2076153799554757,-0.07543061860042233,16.72242236399419
TAP,PSH,cluster,regression,esm2_max,linear,50,50,4,57,,,False,0.44937775473165675,0.5104101286453182,0.240517722169168,14.05292770115753
TAP,PSH,cluster,regression,esm2_max,linear,100,100,4,57,,,False,0.523204563131968,0.5927527098686189,0.32816855737528905,13.21716015843253
TAP,PSH,cluster,regression,esm2_max,linear,150,150,4,57,,,False,0.6241249675913922,0.657667630824123,0.42542244001285046,12.223126887038053
TAP,PSH,cluster,regression,esm2_max,linear,all,184,4,57,,,False,0.6203007518796994,0.6585640789392345,0.4271501434536137,12.204736125979371
TAP,PSH,cluster,regression,esm2_max,linear,25,25,5,68,,,False,0.2107493224415009,0.24506197358045415,-0.08727422457215606,16.737523616330954
TAP,PSH,cluster,regression,esm2_max,linear,50,50,5,68,,,False,0.21265793793182422,0.3105017681471951,0.07833728677984331,15.410178366698077
TAP,PSH,cluster,regression,esm2_max,linear,100,100,5,68,,,False,0.40477917318776946,0.49427249359783343,0.22496072233921427,14.131345435805635
TAP,PSH,cluster,regression,esm2_max,linear,150,150,5,68,,,False,0.42966751918158563,0.517007527111073,0.2641971903932494,13.76899928646148
TAP,PSH,cluster,regression,esm2_max,linear,all,173,5,68,,,False,0.4090162995762873,0.5181522472692172,0.2527552139825323,13.875642541793347
TAP,PSH,cluster,regression,esm2_max,linear,25,25,6,56,,,False,0.15871496924128506,0.3289050842988443,-0.07013252259584513,18.467432659681528
TAP,PSH,cluster,regression,esm2_max,linear,50,50,6,56,,,False,0.27053998632946,0.39771351246600567,0.07079932781542819,17.208479556373195
TAP,PSH,cluster,regression,esm2_max,linear,100,100,6,56,,,False,0.4181134654818866,0.5721484592925021,0.31655820564835646,14.758373915934314
TAP,PSH,cluster,regression,esm2_max,linear,150,150,6,56,,,False,0.4358168147641832,0.6027840166537589,0.3596329856366315,14.28572280977045
TAP,PSH,cluster,regression,esm2_max,linear,all,185,6,56,,,False,0.39999999999999997,0.6055732451698752,0.31861227774566414,14.736179212430104
TAP,PSH,cluster,regression,esm2_max,linear,25,25,7,59,,,False,0.1087668030391584,0.28761324778133196,0.03434905796040655,15.308344743148215
TAP,PSH,cluster,regression,esm2_max,linear,50,50,7,59,,,False,0.20058445353594392,0.4002922208310595,0.10299166406185167,14.754224561180783
TAP,PSH,cluster,regression,esm2_max,linear,100,100,7,59,,,False,0.3433080070134425,0.5162762580893107,0.2656553347749512,13.349595969192801
TAP,PSH,cluster,regression,esm2_max,linear,150,150,7,59,,,False,0.4360023378141438,0.5783963359409534,0.31972782291237833,12.848709321469284
TAP,PSH,cluster,regression,esm2_max,linear,all,182,7,59,,,False,0.45394506136762136,0.6022449948043788,0.3511233524519646,12.548714019307626
TAP,PSH,cluster,regression,esm2_max,linear,25,25,8,63,,,False,0.2690572196620584,0.2278868717565705,-0.01127482454032358,17.779540711291958
TAP,PSH,cluster,regression,esm2_max,linear,50,50,8,63,,,False,0.3878648233486943,0.4000668326815514,0.10160235429989384,16.75792500837801
TAP,PSH,cluster,regression,esm2_max,linear,100,100,8,63,,,False,0.5745967741935484,0.6293552796745387,0.24054047636148446,15.407715698923838
TAP,PSH,cluster,regression,esm2_max,linear,150,150,8,63,,,False,0.6199596774193549,0.6737609798977858,0.3239443358541103,14.537079580957187
TAP,PSH,cluster,regression,esm2_max,linear,all,178,8,63,,,False,0.6009504608294931,0.6501294357363485,0.32631687369352,14.511549076685975
TAP,PSH,cluster,regression,esm2_max,linear,25,25,9,64,,,False,0.14958791208791206,0.31990455061196066,0.07488043334666283,16.759983700442632
TAP,PSH,cluster,regression,esm2_max,linear,50,50,9,64,,,False,0.17266483516483513,0.27698074341028517,0.06814597743714612,16.82087567051046
TAP,PSH,cluster,regression,esm2_max,linear,100,100,9,64,,,False,0.2922619047619047,0.42258720939066385,0.1585518123082027,15.984105903933614
TAP,PSH,cluster,regression,esm2_max,linear,150,150,9,64,,,False,0.2715201465201465,0.4290848521082168,0.18281159218495724,15.752001965593266
TAP,PSH,cluster,regression,esm2_max,linear,all,177,9,64,,,False,0.302518315018315,0.49153641286396,0.2263255762828339,15.326880760359414
TAP,PSH,cluster,regression,esm2_max,linear,25,25,10,62,,,False,0.36083201128150894,0.40667180673178294,-0.010156685204535831,18.772351512127468
TAP,PSH,cluster,regression,esm2_max,linear,50,50,10,62,,,False,0.2136183928886203,0.2440603994902073,0.013424964098045944,18.55194156075389
TAP,PSH,cluster,regression,esm2_max,linear,100,100,10,62,,,False,0.4156279116617562,0.4099797662465467,0.14813143142760887,17.238941813252758
TAP,PSH,cluster,regression,esm2_max,linear,150,150,10,62,,,False,0.47415073908992467,0.5283017133505052,0.27600089806357353,15.892540262413462
TAP,PSH,cluster,regression,esm2_max,linear,all,179,10,62,,,False,0.5061821661504369,0.559249906445119,0.30675569254870727,15.551327329596557
TAP,PSH,cluster,regression,esm2_max,linear,25,25,11,62,,,False,0.42187303266097553,0.5279349706689018,0.09767766063797256,16.088576208476447
TAP,PSH,cluster,regression,esm2_max,linear,50,50,11,62,,,False,0.4707763591951852,0.49619608929258646,0.05114211133399316,16.498229610997384
TAP,PSH,cluster,regression,esm2_max,linear,100,100,11,62,,,False,0.47898567147641713,0.5406283509345919,0.27649124418039783,14.406505615534247
TAP,PSH,cluster,regression,esm2_max,linear,150,150,11,62,,,False,0.5218453325275112,0.5904788486755708,0.3385952660492261,13.774327567190642
TAP,PSH,cluster,regression,esm2_max,linear,all,179,11,62,,,False,0.5240613432046536,0.5913432433048396,0.33297950770496976,13.832680485902856
TAP,PSH,cluster,regression,esm2_max,linear,25,25,12,62,,,False,0.1519730049608421,0.18624347472235642,-0.15885612915762937,16.323596416333114
TAP,PSH,cluster,regression,esm2_max,linear,50,50,12,62,,,False,0.22852610108030522,0.2457536694101229,-0.29064600629741877,17.22680186421452
TAP,PSH,cluster,regression,esm2_max,linear,100,100,12,62,,,False,0.2826169071541891,0.3096314373890077,-0.3424557348035424,17.569163116958507
TAP,PSH,cluster,regression,esm2_max,linear,150,150,12,62,,,False,0.3263831180277505,0.37202711048990994,-0.18063200333084528,16.4762496359674
TAP,PSH,cluster,regression,esm2_max,linear,all,179,12,62,,,False,0.3185263528997003,0.3824708404932489,0.061697088222800955,14.688336715686818
TAP,PSH,cluster,regression,esm2_max,linear,25,25,13,61,,,False,0.38725542041248007,0.5147229391543008,0.005470626250157817,19.488861663072175
TAP,PSH,cluster,regression,esm2_max,linear,50,50,13,61,,,False,0.519672131147541,0.5629321465094262,0.2195139870966908,17.26474736815249
TAP,PSH,cluster,regression,esm2_max,linear,100,100,13,61,,,False,0.5242728714965625,0.5671333830560084,0.30863056968768854,16.249228727774412
TAP,PSH,cluster,regression,esm2_max,linear,150,150,13,61,,,False,0.583183500793231,0.6289357757043321,0.37266662226212244,15.478428419364512
TAP,PSH,cluster,regression,esm2_max,linear,all,180,13,61,,,False,0.6011634056054996,0.6424946284348717,0.3950823123790399,15.199377699755694
TAP,PSH,cluster,regression,esm2_max,linear,25,25,14,59,,,False,0.4063705435417885,0.436842341000966,-0.14528690009299594,17.86976509687556
TAP,PSH,cluster,regression,esm2_max,linear,50,50,14,59,,,False,0.43775569842197554,0.501513819210153,0.032737213136011634,16.422298310913718
TAP,PSH,cluster,regression,esm2_max,linear,100,100,14,59,,,False,0.2944476914085331,0.36722632873056865,0.011929240451561851,16.597998484499776
TAP,PSH,cluster,regression,esm2_max,linear,150,150,14,59,,,False,0.32741087083576864,0.3718692459984267,0.04322510386627654,16.333023347814276
TAP,PSH,cluster,regression,esm2_max,linear,all,182,14,59,,,False,0.33962594973699595,0.37848407431415443,0.035320934011701444,16.40035029001962
TAP,PSH,cluster,regression,esm2_max,linear,25,25,15,58,,,False,0.12922575286843646,0.12594083044084622,-0.013984661312105073,17.61726058355334
TAP,PSH,cluster,regression,esm2_max,linear,50,50,15,58,,,False,0.34978006090621067,0.45642652122112115,0.20798912862422625,15.569987250132044
TAP,PSH,cluster,regression,esm2_max,linear,100,100,15,58,,,False,0.47645267464394475,0.6574755101148791,0.35824634998437066,14.01544395904689
TAP,PSH,cluster,regression,esm2_max,linear,150,150,15,58,,,False,0.5134270509705006,0.696996786416607,0.4162880056702801,13.366632082064692
TAP,PSH,cluster,regression,esm2_max,linear,all,183,15,58,,,False,0.5492325202251686,0.7427146154892244,0.46780988360195863,12.763097528141003
TAP,PSH,cluster,regression,esm2_max,linear,25,25,16,55,,,False,0.4691919191919193,0.45440583138321333,0.17133400803195953,14.684313989765153
TAP,PSH,cluster,regression,esm2_max,linear,50,50,16,55,,,False,0.4239538239538241,0.4157955860345821,0.1241340089568792,15.096724721195203
TAP,PSH,cluster,regression,esm2_max,linear,100,100,16,55,,,False,0.2372294372294373,0.29084989650627274,-0.00672469241509277,16.18524451355372
TAP,PSH,cluster,regression,esm2_max,linear,150,150,16,55,,,False,0.4196969696969698,0.48177960276278375,0.21092811838730785,14.329208042717669
TAP,PSH,cluster,regression,esm2_max,linear,all,186,16,55,,,False,0.4841991341991343,0.5311399292942983,0.2605439920750928,13.87139296909237
TAP,PSH,cluster,regression,esm2_max,linear,25,25,17,58,,,False,0.16939924328647452,0.2876792639802602,-0.03441480447577838,18.463396730169176
TAP,PSH,cluster,regression,esm2_max,linear,50,50,17,58,,,False,0.31637392722015445,0.3496535721921984,-0.013573967577762858,18.276455011492526
TAP,PSH,cluster,regression,esm2_max,linear,100,100,17,58,,,False,0.6474207142637424,0.6084245341460349,0.319668170881524,14.973545022647823
TAP,PSH,cluster,regression,esm2_max,linear,150,150,17,58,,,False,0.591067089113784,0.5989380337439092,0.30519773582507204,15.131948355593156
TAP,PSH,cluster,regression,esm2_max,linear,all,183,17,58,,,False,0.5588298624996155,0.5812864220901476,0.3053442014063227,15.130353350410765
TAP,PSH,cluster,regression,esm2_max,linear,25,25,18,56,,,False,0.383526999316473,0.3738595025303214,0.10148411219862397,15.121484837817558
TAP,PSH,cluster,regression,esm2_max,linear,50,50,18,56,,,False,0.43465481886534524,0.5110904584908866,0.2581885814388597,13.73973368511694
TAP,PSH,cluster,regression,esm2_max,linear,100,100,18,56,,,False,0.5651401230348599,0.6291109346855869,0.39061601498173004,12.4530885482309
TAP,PSH,cluster,regression,esm2_max,linear,150,150,18,56,,,False,0.46226930963773066,0.5154264556091042,0.26446818242671,13.68145511522909
TAP,PSH,cluster,regression,esm2_max,linear,all,185,18,56,,,False,0.43417634996582366,0.511114925472996,0.2526370028889955,13.791050656868704
TAP,PSH,cluster,regression,esm2_max,linear,25,25,19,64,,,False,0.08891941391941391,0.061701599419172144,-0.12547619363368634,16.88165723623866
TAP,PSH,cluster,regression,esm2_max,linear,50,50,19,64,,,False,0.3082417582417582,0.271131608897662,-0.08405928157162501,16.568127868233635
TAP,PSH,cluster,regression,esm2_max,linear,100,100,19,64,,,False,0.3446428571428571,0.3428808856351804,0.03840124286606861,15.604284802015988
TAP,PSH,cluster,regression,esm2_max,linear,150,150,19,64,,,False,0.35769230769230764,0.3761343235757223,0.08663373099172345,15.207905528518001
TAP,PSH,cluster,regression,esm2_max,linear,all,177,19,64,,,False,0.3447802197802197,0.3679620162449575,0.06945011105335963,15.350295929167126
TAP,PSH,cluster,regression,esm2_max,mlp,25,25,0,63,,,False,0.23987135176651306,0.30682816919403916,-11.402639102780466,58.94284728560952
TAP,PSH,cluster,regression,esm2_max,mlp,50,50,0,63,,,False,0.3857046850998464,0.4068073541705737,-5.0796781264798705,41.26808831851237
TAP,PSH,cluster,regression,esm2_max,mlp,100,100,0,63,,,False,0.3110119047619048,0.3408846593537974,-2.7672362758764675,32.485195698296785
TAP,PSH,cluster,regression,esm2_max,mlp,150,150,0,63,,,False,0.3038594470046083,0.3805249033581221,-2.068653907437048,29.3189229882154
TAP,PSH,cluster,regression,esm2_max,mlp,all,178,0,63,,,False,0.2806259600614439,0.3727927174451134,-1.7428411622373337,27.7187975728267
TAP,PSH,cluster,regression,esm2_max,mlp,25,25,1,60,,,False,-0.03656571269797167,-0.004176961320460585,-15.89697014261963,64.78626859477029
TAP,PSH,cluster,regression,esm2_max,mlp,50,50,1,60,,,False,0.12342317310363991,0.1526998994452479,-10.5803903407976,53.63399511245158
TAP,PSH,cluster,regression,esm2_max,mlp,100,100,1,60,,,False,0.12620172270075025,0.17050553218585718,-5.903585617037701,41.411017969831875
TAP,PSH,cluster,regression,esm2_max,mlp,150,150,1,60,,,False,0.1783273131425396,0.18878447163141368,-3.6707712125516156,34.06221189586453
TAP,PSH,cluster,regression,esm2_max,mlp,all,181,1,60,,,False,0.13437065851625454,0.14520531872889225,-2.7892938972810124,30.680165221476763
TAP,PSH,cluster,regression,esm2_max,mlp,25,25,2,68,,,False,0.09772111310455395,0.08207729501942934,-11.840354152899698,52.17428992643436
TAP,PSH,cluster,regression,esm2_max,mlp,50,50,2,68,,,False,0.27419170133984805,0.20949048790763,-7.561454510432419,42.60316094248276
TAP,PSH,cluster,regression,esm2_max,mlp,100,100,2,68,,,False,0.19219757987555824,0.08740535863929308,-3.4252452748245705,30.629275172782208
TAP,PSH,cluster,regression,esm2_max,mlp,150,150,2,68,,,False,0.025117379852654883,-0.0027806332511608536,-2.5714053711630718,27.51614692659553
TAP,PSH,cluster,regression,esm2_max,mlp,all,173,2,68,,,False,0.10237813490094286,0.06223236487171058,-2.008872725125204,25.256313215698356
TAP,PSH,cluster,regression,esm2_max,mlp,25,25,3,63,,,False,0.17737135176651306,0.23182868897959252,-10.98134198656646,54.0513864251767
TAP,PSH,cluster,regression,esm2_max,mlp,50,50,3,63,,,False,0.2724654377880184,0.3681145655760964,-4.0821015029630505,35.202683685023004
TAP,PSH,cluster,regression,esm2_max,mlp,100,100,3,63,,,False,0.2529281874039939,0.36537608878353867,-2.3723957259913813,28.676316893072343
TAP,PSH,cluster,regression,esm2_max,mlp,150,150,3,63,,,False,0.22446236559139784,0.2990202452076842,-1.7529029867576047,25.908934875492303
TAP,PSH,cluster,regression,esm2_max,mlp,all,178,3,63,,,False,0.2906586021505377,0.3284763819731371,-1.0560773583969225,22.39101759387009
TAP,PSH,cluster,regression,esm2_max,mlp,25,25,4,57,,,False,-0.07700285195747991,-0.053709802551627994,-14.303439339025864,63.08157280327596
TAP,PSH,cluster,regression,esm2_max,mlp,50,50,4,57,,,False,-0.024371273010111483,0.02374460072108168,-9.158544607540717,51.395339096116324
TAP,PSH,cluster,regression,esm2_max,mlp,100,100,4,57,,,False,0.12192118226600987,0.08217169179866693,-6.020766476090901,42.7267887766854
TAP,PSH,cluster,regression,esm2_max,mlp,150,150,4,57,,,False,0.21292455276121341,0.214509904870392,-3.2633290924010483,33.295260618006104
TAP,PSH,cluster,regression,esm2_max,mlp,all,184,4,57,,,False,0.22517500648172156,0.27286428152523434,-2.9147529618460406,31.905104430976888
TAP,PSH,cluster,regression,esm2_max,mlp,25,25,5,68,,,False,0.07718441042867503,0.13916186020803345,-9.007579243506887,50.779237515409505
TAP,PSH,cluster,regression,esm2_max,mlp,50,50,5,68,,,False,0.08401725388403251,0.20395842234847983,-4.61214328104696,38.02647174762581
TAP,PSH,cluster,regression,esm2_max,mlp,100,100,5,68,,,False,0.14822307897850898,0.17192912612475209,-2.241361502585128,28.899171438896662
TAP,PSH,cluster,regression,esm2_max,mlp,150,150,5,68,,,False,0.15230751612780088,0.23266059071462702,-1.245434874691394,24.053146049116915
TAP,PSH,cluster,regression,esm2_max,mlp,all,173,5,68,,,False,0.1551322670534794,0.1756144933024806,-1.3074745643858252,24.383167257563922
TAP,PSH,cluster,regression,esm2_max,mlp,25,25,6,56,,,False,0.06732740943267258,0.04499960679955777,-7.742509697714034,52.784426088085176
TAP,PSH,cluster,regression,esm2_max,mlp,50,50,6,56,,,False,0.013055365686944636,0.04642587177021565,-4.440502670052372,41.63966783847547
TAP,PSH,cluster,regression,esm2_max,mlp,100,100,6,56,,,False,0.17245386192754614,0.2036794782758817,-3.076828926190598,36.04532838620605
TAP,PSH,cluster,regression,esm2_max,mlp,150,150,6,56,,,False,0.15816814764183185,0.1592394643710085,-2.9471839864335863,35.46756944042322
TAP,PSH,cluster,regression,esm2_max,mlp,all,185,6,56,,,False,0.20512645249487357,0.23354122776594086,-1.951128914379506,30.667744274086303
TAP,PSH,cluster,regression,esm2_max,mlp,25,25,7,59,,,False,0.041320864991233205,0.12403055943262031,-12.571054043199762,57.38850875038497
TAP,PSH,cluster,regression,esm2_max,mlp,50,50,7,59,,,False,0.07159555815312683,0.09582637409787272,-7.121430943403121,44.39503754671773
TAP,PSH,cluster,regression,esm2_max,mlp,100,100,7,59,,,False,0.1570426651081239,0.24363394376744726,-4.353959212040979,36.045883841109564
TAP,PSH,cluster,regression,esm2_max,mlp,150,150,7,59,,,False,0.178375219170076,0.28126251319364814,-2.818619312070839,30.441870350628307
TAP,PSH,cluster,regression,esm2_max,mlp,all,182,7,59,,,False,0.17819988310929286,0.2620544994812829,-2.4463649928828475,28.920033041184723
TAP,PSH,cluster,regression,esm2_max,mlp,25,25,8,63,,,False,0.13244047619047622,0.11345605598279905,-7.923517485851704,52.814598127236465
TAP,PSH,cluster,regression,esm2_max,mlp,50,50,8,63,,,False,0.32138056835637485,0.294978248999778,-3.8154238116528996,38.79745142180346
TAP,PSH,cluster,regression,esm2_max,mlp,100,100,8,63,,,False,0.4561731950844855,0.5060504096357286,-0.9953004840924664,24.97411424043904
TAP,PSH,cluster,regression,esm2_max,mlp,150,150,8,63,,,False,0.4610215053763442,0.5090970527925008,-0.5433800179405799,21.964553366525518
TAP,PSH,cluster,regression,esm2_max,mlp,all,178,8,63,,,False,0.4684139784946237,0.5005820342248741,-0.5578661535308658,22.067392060366235
TAP,PSH,cluster,regression,esm2_max,mlp,25,25,9,64,,,False,0.06593406593406592,0.1457844116767315,-9.099922402137937,55.377542262563225
TAP,PSH,cluster,regression,esm2_max,mlp,50,50,9,64,,,False,0.1617216117216117,0.2894822234405838,-5.155431359425673,43.231858415864956
TAP,PSH,cluster,regression,esm2_max,mlp,100,100,9,64,,,False,0.11680402930402928,0.2684321639654313,-3.049470371750415,35.064994210955945
TAP,PSH,cluster,regression,esm2_max,mlp,150,150,9,64,,,False,0.08910256410256408,0.2725106527008909,-1.6950480715939142,28.606051535061486
TAP,PSH,cluster,regression,esm2_max,mlp,all,177,9,64,,,False,0.07216117216117215,0.25392548001797977,-1.2603180657573438,26.197475129902994
TAP,PSH,cluster,regression,esm2_max,mlp,25,25,10,62,,,False,-0.1756440281030445,-0.15521500823669007,-8.013316237504036,56.07465509711402
TAP,PSH,cluster,regression,esm2_max,mlp,50,50,10,62,,,False,-0.142655687341039,-0.09032504228825503,-5.455488609070501,47.45575270032334
TAP,PSH,cluster,regression,esm2_max,mlp,100,100,10,62,,,False,0.05774218730326609,0.09359990321105184,-2.4355709834983705,34.61973742659688
TAP,PSH,cluster,regression,esm2_max,mlp,150,150,10,62,,,False,0.10820679408728061,0.1338867500393309,-1.9425435382783856,32.03950187014687
TAP,PSH,cluster,regression,esm2_max,mlp,all,179,10,62,,,False,0.1927173830928458,0.20265988076572272,-1.0615488936607456,26.817675184990822
TAP,PSH,cluster,regression,esm2_max,mlp,25,25,11,62,,,False,0.1852131651179774,0.2512544665000093,-8.697109926371269,52.74216057306757
TAP,PSH,cluster,regression,esm2_max,mlp,50,50,11,62,,,False,0.2682128377527637,0.34514967216803766,-4.9508454406971385,41.31674431103959
TAP,PSH,cluster,regression,esm2_max,mlp,100,100,11,62,,,False,0.385006673213971,0.41979588124569733,-1.7576643996199732,28.12596704115206
TAP,PSH,cluster,regression,esm2_max,mlp,150,150,11,62,,,False,0.4497242577623329,0.4511141062172511,-1.4544839984508204,26.534863616440962
TAP,PSH,cluster,regression,esm2_max,mlp,all,179,11,62,,,False,0.47616529425096327,0.48738917054807385,-0.7969721375975012,22.70426404540755
TAP,PSH,cluster,regression,esm2_max,mlp,25,25,12,62,,,False,-0.035884263805998344,-0.056070531247824455,-14.369097214404826,59.44635991209103
TAP,PSH,cluster,regression,esm2_max,mlp,50,50,12,62,,,False,-0.0849386819772859,-0.0317472457496477,-7.157811418985171,43.309973556025106
TAP,PSH,cluster,regression,esm2_max,mlp,100,100,12,62,,,False,0.0611165671980056,0.10356783713015469,-3.6047926374030936,32.53914420911915
TAP,PSH,cluster,regression,esm2_max,mlp,150,150,12,62,,,False,0.042532295837425405,0.11108214160884443,-2.502034744025611,28.376662372056437
TAP,PSH,cluster,regression,esm2_max,mlp,all,179,12,62,,,False,0.03548135277379064,0.05117142153952663,-2.7392476315550685,29.321973799102565
TAP,PSH,cluster,regression,esm2_max,mlp,25,25,13,61,,,False,0.09328397673188787,0.13178929370206596,-7.026243203516827,55.364811183176855
TAP,PSH,cluster,regression,esm2_max,mlp,50,50,13,61,,,False,0.21041776837652032,0.2655493705113087,-3.234341914518045,40.21338458333993
TAP,PSH,cluster,regression,esm2_max,mlp,100,100,13,61,,,False,0.2627710206240084,0.3143996312543347,-1.121793235794152,28.466180303195472
TAP,PSH,cluster,regression,esm2_max,mlp,150,150,13,61,,,False,0.3443680592279217,0.3760264221959981,-0.7643583507190737,25.957990203865112
TAP,PSH,cluster,regression,esm2_max,mlp,all,180,13,61,,,False,0.35029085140137484,0.38894164632629485,-0.6830718904293962,25.352979129716353
TAP,PSH,cluster,regression,esm2_max,mlp,25,25,14,59,,,False,0.07323202805376973,0.10984689364115183,-11.339296840707172,58.655251729810345
TAP,PSH,cluster,regression,esm2_max,mlp,50,50,14,59,,,False,0.26037405026300414,0.2895312991141524,-5.708914297451545,43.25017001695889
TAP,PSH,cluster,regression,esm2_max,mlp,100,100,14,59,,,False,0.19655172413793107,0.26949835256903654,-4.22092295264241,38.15358390719233
TAP,PSH,cluster,regression,esm2_max,mlp,150,150,14,59,,,False,0.19888953828170663,0.25668869075176154,-3.187919236484751,34.17124843441183
TAP,PSH,cluster,regression,esm2_max,mlp,all,182,14,59,,,False,0.19269433080070136,0.2529996177792029,-2.3330026218630016,30.484531476679063
TAP,PSH,cluster,regression,esm2_max,mlp,25,25,15,58,,,False,0.24470146728598238,0.2796764390649842,-9.755785717975257,57.377782011221285
TAP,PSH,cluster,regression,esm2_max,mlp,50,50,15,58,,,False,0.22427635424036424,0.23259510032955605,-8.226434535452132,53.142213249827876
TAP,PSH,cluster,regression,esm2_max,mlp,100,100,15,58,,,False,0.259712694946015,0.3307531375794767,-3.3806139482348874,36.61762529971708
TAP,PSH,cluster,regression,esm2_max,mlp,150,150,15,58,,,False,0.21517118336460675,0.3257379254628389,-2.2968812827540015,31.76686372417805
TAP,PSH,cluster,regression,esm2_max,mlp,all,183,15,58,,,False,0.2931188286320711,0.37741067509646,-1.3854512103336898,27.02140673599588
TAP,PSH,cluster,regression,esm2_max,mlp,25,25,16,55,,,False,0.19191919191919196,0.190035887659218,-10.86368889992848,55.561476620037716
TAP,PSH,cluster,regression,esm2_max,mlp,50,50,16,55,,,False,0.19040404040404044,0.17549222322471808,-6.990675557826305,45.59903512363804
TAP,PSH,cluster,regression,esm2_max,mlp,100,100,16,55,,,False,0.07943722943722946,0.11224304925272548,-4.746321566763158,38.66863725787551
TAP,PSH,cluster,regression,esm2_max,mlp,150,150,16,55,,,False,0.04372294372294373,0.1102662319850926,-3.1471580109302977,32.850289080910564
TAP,PSH,cluster,regression,esm2_max,mlp,all,186,16,55,,,False,0.129004329004329,0.19000313399888002,-2.578761411919989,30.516187683187663
TAP,PSH,cluster,regression,esm2_max,mlp,25,25,17,58,,,False,-0.008090067365960197,0.07648432843602397,-9.95165667396102,60.0764342943155
TAP,PSH,cluster,regression,esm2_max,mlp,50,50,17,58,,,False,0.1724137931034483,0.23541485898446066,-4.633830780300447,43.088972398825916
TAP,PSH,cluster,regression,esm2_max,mlp,100,100,17,58,,,False,0.47085422498385066,0.4265902148307023,-1.4591779230087911,28.4681479078044
TAP,PSH,cluster,regression,esm2_max,mlp,150,150,17,58,,,False,0.37469623796487134,0.37007361701333863,-0.8036873823997626,24.380627070421628
TAP,PSH,cluster,regression,esm2_max,mlp,all,183,17,58,,,False,0.3739579808668369,0.3913881229889104,-0.43468357960331705,21.74414331098905
TAP,PSH,cluster,regression,esm2_max,mlp,25,25,18,56,,,False,0.05406698564593301,0.12073773034621556,-15.332516926694893,64.47006623579465
TAP,PSH,cluster,regression,esm2_max,mlp,50,50,18,56,,,False,0.09343814080656185,0.15828906104515533,-10.341655213750098,53.72417786100317
TAP,PSH,cluster,regression,esm2_max,mlp,100,100,18,56,,,False,-0.027751196172248808,0.10343053229544538,-6.216989921726915,42.855800072476455
TAP,PSH,cluster,regression,esm2_max,mlp,150,150,18,56,,,False,-0.059466848940533154,0.0378543382781398,-4.683501971369896,38.03115940846927
TAP,PSH,cluster,regression,esm2_max,mlp,all,185,18,56,,,False,0.04456596035543404,0.11624075312818395,-3.361962686785814,33.31750956139208
TAP,PSH,cluster,regression,esm2_max,mlp,25,25,19,64,,,False,0.008379120879120879,-0.0329362205603336,-11.255010284362614,55.70622918697844
TAP,PSH,cluster,regression,esm2_max,mlp,50,50,19,64,,,False,0.10755494505494505,0.0873823968909691,-5.357652223429168,40.12317622809185
TAP,PSH,cluster,regression,esm2_max,mlp,100,100,19,64,,,False,0.10293040293040293,0.14878884762996514,-2.640678657617295,30.36253968971265
TAP,PSH,cluster,regression,esm2_max,mlp,150,150,19,64,,,False,0.19757326007326007,0.25233071330760826,-1.4623279510071372,24.97007628101112
TAP,PSH,cluster,regression,esm2_max,mlp,all,177,19,64,,,False,0.2797619047619047,0.3081804545241752,-1.1509252542548745,23.337782117313324
TAP,PSH,cluster,regression,esm2_cls,linear,25,25,0,63,,,False,0.4279473886328725,0.4150872049949121,0.11381715389446634,15.755628324707946
TAP,PSH,cluster,regression,esm2_cls,linear,50,50,0,63,,,False,0.514928955453149,0.550162147871826,0.10102381478059108,15.868948517372418
TAP,PSH,cluster,regression,esm2_cls,linear,100,100,0,63,,,False,0.4855510752688172,0.5089912545034947,0.1961202001543133,15.00616148009147
TAP,PSH,cluster,regression,esm2_cls,linear,150,150,0,63,,,False,0.5943740399385561,0.580343744416972,0.3193568856071064,13.808095606099757
TAP,PSH,cluster,regression,esm2_cls,linear,all,178,0,63,,,False,0.5963421658986175,0.6176520928106626,0.3800393764444545,13.178200501653693
TAP,PSH,cluster,regression,esm2_cls,linear,25,25,1,60,,,False,0.22389552653514866,0.2596388586984865,-0.06120874019444145,16.23599683467536
TAP,PSH,cluster,regression,esm2_cls,linear,50,50,1,60,,,False,0.16999166435120872,0.17630531946776615,0.023873444559460277,15.57154168881332
TAP,PSH,cluster,regression,esm2_cls,linear,100,100,1,60,,,False,0.33036954709641575,0.40939490777025445,0.14063177889059786,14.610604799324559
TAP,PSH,cluster,regression,esm2_cls,linear,150,150,1,60,,,False,0.40122256182272864,0.4700299919047173,0.21280311899141913,13.983639884733542
TAP,PSH,cluster,regression,esm2_cls,linear,all,181,1,60,,,False,0.4177271464295639,0.46922073134591286,0.21612495734137005,13.954104389678553
TAP,PSH,cluster,regression,esm2_cls,linear,25,25,2,68,,,False,0.1764705882352941,0.18341307439461874,0.010806458107701089,14.481337731795755
TAP,PSH,cluster,regression,esm2_cls,linear,50,50,2,68,,,False,0.3254189411001259,0.3120090661678339,0.023663483979684763,14.386919460630784
TAP,PSH,cluster,regression,esm2_cls,linear,100,100,2,68,,,False,0.30866129709508716,0.3105614182376798,0.04249502225209245,14.247496739005234
TAP,PSH,cluster,regression,esm2_cls,linear,150,150,2,68,,,False,0.4666564873840516,0.44073378485752496,-0.08464431927105287,15.16392818755574
TAP,PSH,cluster,regression,esm2_cls,linear,all,173,2,68,,,False,0.46261022254456613,0.4289911685066487,0.08445257883114798,13.931839670290868
TAP,PSH,cluster,regression,esm2_cls,linear,25,25,3,63,,,False,0.1341685867895545,0.07042729286734316,-0.049974176547998184,16.000863298405722
TAP,PSH,cluster,regression,esm2_cls,linear,50,50,3,63,,,False,0.4020737327188941,0.4033821388525291,0.11351173743069143,14.702480117189808
TAP,PSH,cluster,regression,esm2_cls,linear,100,100,3,63,,,False,0.3884888632872504,0.3822146153368889,0.13547250405795552,14.519227529026162
TAP,PSH,cluster,regression,esm2_cls,linear,150,150,3,63,,,False,0.45914938556067597,0.42491889917844616,0.11288632872555093,14.707665429988985
TAP,PSH,cluster,regression,esm2_cls,linear,all,178,3,63,,,False,0.5155529953917051,0.46636728954142964,0.16771342115204957,14.245921653737055
TAP,PSH,cluster,regression,esm2_cls,linear,25,25,4,57,,,False,0.20592429349235158,0.24316741106746126,-0.05266341391394924,16.5444660052787
TAP,PSH,cluster,regression,esm2_cls,linear,50,50,4,57,,,False,0.41230230749287017,0.5217688097476607,0.17208990338164165,14.672346655679918
TAP,PSH,cluster,regression,esm2_cls,linear,100,100,4,57,,,False,0.5472517500648172,0.595370401572051,0.3004081431776515,13.48746599222172
TAP,PSH,cluster,regression,esm2_cls,linear,150,150,4,57,,,False,0.5845216489499612,0.610379868342598,0.35437019926258984,12.956860229321626
TAP,PSH,cluster,regression,esm2_cls,linear,all,184,4,57,,,False,0.6044205340938553,0.6446583766072922,0.3709060766385248,12.789858358440233
TAP,PSH,cluster,regression,esm2_cls,linear,25,25,5,68,,,False,0.1905561705538802,0.1540317463802914,-0.30378126490019985,18.328377639975965
TAP,PSH,cluster,regression,esm2_cls,linear,50,50,5,68,,,False,0.11989922510211092,0.1937052291259166,-0.04857628831240035,16.43696660747016
TAP,PSH,cluster,regression,esm2_cls,linear,100,100,5,68,,,False,0.275909455281139,0.3595132497044088,0.10275666668940331,15.20466222303763
TAP,PSH,cluster,regression,esm2_cls,linear,150,150,5,68,,,False,0.40745123487422225,0.4655177767302835,0.20364706922138176,14.324334296423878
TAP,PSH,cluster,regression,esm2_cls,linear,all,173,5,68,,,False,0.42627018360881014,0.4886660393695398,0.23557604182237124,14.03423684578293
TAP,PSH,cluster,regression,esm2_cls,linear,25,25,6,56,,,False,0.050102529049897475,0.11662940855560136,-0.15540474249014835,19.189109251884588
TAP,PSH,cluster,regression,esm2_cls,linear,50,50,6,56,,,False,0.23588516746411484,0.22923441090099037,-0.11175197191268582,18.823123721242997
TAP,PSH,cluster,regression,esm2_cls,linear,100,100,6,56,,,False,0.4107997265892003,0.46700179973359646,0.055872408806399654,17.346149592135106
TAP,PSH,cluster,regression,esm2_cls,linear,150,150,6,56,,,False,0.4555707450444293,0.5534776394072946,0.3024097826782841,14.910353273601793
TAP,PSH,cluster,regression,esm2_cls,linear,all,185,6,56,,,False,0.4252904989747095,0.5281944852524182,0.2746346426253279,15.204290111609152
TAP,PSH,cluster,regression,esm2_cls,linear,25,25,7,59,,,False,0.14693161893629458,0.22727419168585963,0.009717211291933592,15.502358116193031
TAP,PSH,cluster,regression,esm2_cls,linear,50,50,7,59,,,False,0.2527761542957336,0.36664708966401777,0.0012922422599931371,15.568162689833942
TAP,PSH,cluster,regression,esm2_cls,linear,100,100,7,59,,,False,0.31338398597311523,0.459464114858387,0.20043793247028618,13.92977946807957
TAP,PSH,cluster,regression,esm2_cls,linear,150,150,7,59,,,False,0.36680303915838697,0.5071819627640421,0.24779417239227475,13.51096897022284
TAP,PSH,cluster,regression,esm2_cls,linear,all,182,7,59,,,False,0.4286966686148452,0.5259079795761288,0.2723587974454672,13.288525409359243
TAP,PSH,cluster,regression,esm2_cls,linear,25,25,8,63,,,False,0.25643241167434716,0.24372398105054982,0.01945805186723759,17.507294161641607
TAP,PSH,cluster,regression,esm2_cls,linear,50,50,8,63,,,False,0.38272849462365593,0.40850554575226733,0.009028106854535478,17.60015969666508
TAP,PSH,cluster,regression,esm2_cls,linear,100,100,8,63,,,False,0.5878456221198157,0.5886815249755697,0.1740501325833076,16.06803555068887
TAP,PSH,cluster,regression,esm2_cls,linear,150,150,8,63,,,False,0.5648041474654378,0.626509229426075,0.2858862193163324,14.94065533113385
TAP,PSH,cluster,regression,esm2_cls,linear,all,178,8,63,,,False,0.5419066820276498,0.5937396132599603,0.2813482632090495,14.988051606863742
TAP,PSH,cluster,regression,esm2_cls,linear,25,25,9,64,,,False,-0.017078754578754577,0.12003185524646764,-0.009305697229401666,17.50596359620896
TAP,PSH,cluster,regression,esm2_cls,linear,50,50,9,64,,,False,-0.10792124542124541,0.025168909906398404,-0.2101419992923288,19.168707286111495
TAP,PSH,cluster,regression,esm2_cls,linear,100,100,9,64,,,False,0.09459706959706958,0.20902161442940825,-0.07938189991160094,18.103486572147105
TAP,PSH,cluster,regression,esm2_cls,linear,150,150,9,64,,,False,0.18818681318681318,0.3489840595460436,0.116094385620225,16.382402988505227
TAP,PSH,cluster,regression,esm2_cls,linear,all,177,9,64,,,False,0.24358974358974358,0.4265966651008076,0.18021570218644611,15.777001122559367
TAP,PSH,cluster,regression,esm2_cls,linear,25,25,10,62,,,False,0.25189494094835185,0.2995089304885817,-0.0328135803826215,18.98170748632251
TAP,PSH,cluster,regression,esm2_cls,linear,50,50,10,62,,,False,0.2033441615673239,0.24529146829445742,0.05962116757725,18.112388667581467
TAP,PSH,cluster,regression,esm2_cls,linear,100,100,10,62,,,False,0.2686157487849714,0.33488664633075294,0.09706635509179129,17.748114610532326
TAP,PSH,cluster,regression,esm2_cls,linear,150,150,10,62,,,False,0.3317216892045025,0.46458850824668474,0.2096432941229197,16.604885217107796
TAP,PSH,cluster,regression,esm2_cls,linear,all,179,10,62,,,False,0.38354612072221805,0.4910306637758283,0.22703804311257803,16.421142370628782
TAP,PSH,cluster,regression,esm2_cls,linear,25,25,11,62,,,False,0.4162322782100677,0.5472452495431138,0.017886001828738007,16.784859403624182
TAP,PSH,cluster,regression,esm2_cls,linear,50,50,11,62,,,False,0.4842235148951172,0.5187920981749384,0.025540818471838755,16.719318966322945
TAP,PSH,cluster,regression,esm2_cls,linear,100,100,11,62,,,False,0.47445292236408043,0.5093495368488339,0.19227194707991824,15.221916681206567
TAP,PSH,cluster,regression,esm2_cls,linear,150,150,11,62,,,False,0.46634433784090057,0.5211756095449044,0.2644203098896759,14.52618670984524
TAP,PSH,cluster,regression,esm2_cls,linear,all,179,11,62,,,False,0.5010954143688148,0.5526653274196563,0.2859574595546214,14.311949674891494
TAP,PSH,cluster,regression,esm2_cls,linear,25,25,12,62,,,False,0.08488831809825993,0.12162695671580788,-0.5554761965156076,18.911795910027365
TAP,PSH,cluster,regression,esm2_cls,linear,50,50,12,62,,,False,0.23970688222406894,0.2795905594550136,-0.13932975195399067,16.185488330058533
TAP,PSH,cluster,regression,esm2_cls,linear,100,100,12,62,,,False,0.2969202487975624,0.3696815977339787,0.07439647132999783,14.588599054389345
TAP,PSH,cluster,regression,esm2_cls,linear,150,150,12,62,,,False,0.45445846239077337,0.49174968470385944,0.22568275555269157,13.343217135191082
TAP,PSH,cluster,regression,esm2_cls,linear,all,179,12,62,,,False,0.4032383974213694,0.47868747303824066,0.11746039891586313,14.24518811664172
TAP,PSH,cluster,regression,esm2_cls,linear,25,25,13,61,,,False,0.3577472236911687,0.4828985830687586,0.011956962266613136,19.4252043706467
TAP,PSH,cluster,regression,esm2_cls,linear,50,50,13,61,,,False,0.40655737704918027,0.4825687777695853,0.0717698550116791,18.828056796515188
TAP,PSH,cluster,regression,esm2_cls,linear,100,100,13,61,,,False,0.5492860920148069,0.5968003928259636,0.3284179526375498,16.015009646954766
TAP,PSH,cluster,regression,esm2_cls,linear,150,150,13,61,,,False,0.5600211528291908,0.6125151835466589,0.3103495480443491,16.22901561519394
TAP,PSH,cluster,regression,esm2_cls,linear,all,180,13,61,,,False,0.6191433104177683,0.6404780388432896,0.3830543463091741,15.349743408342038
TAP,PSH,cluster,regression,esm2_cls,linear,25,25,14,59,,,False,0.23308007013442436,0.2236671069524028,-0.1427375512579112,17.849865434812386
TAP,PSH,cluster,regression,esm2_cls,linear,50,50,14,59,,,False,0.41940385739333724,0.45310571180325804,0.0455084808526145,16.31352203799672
TAP,PSH,cluster,regression,esm2_cls,linear,100,100,14,59,,,False,0.3403272939801287,0.35178751465578884,0.1012897354716118,15.829658581633836
TAP,PSH,cluster,regression,esm2_cls,linear,150,150,14,59,,,False,0.4028638223261251,0.377065936448868,0.00322003454687414,16.67098831877435
TAP,PSH,cluster,regression,esm2_cls,linear,all,182,14,59,,,False,0.40689655172413797,0.3790516700826983,-0.022106530830594107,16.88145123749642
TAP,PSH,cluster,regression,esm2_cls,linear,25,25,15,58,,,False,0.16823033621458675,0.17878005279023818,-0.022687455111240595,17.69270147536633
TAP,PSH,cluster,regression,esm2_cls,linear,50,50,15,58,,,False,0.4863576240425729,0.5014686555318536,0.2189384731420626,15.461987168603239
TAP,PSH,cluster,regression,esm2_cls,linear,100,100,15,58,,,False,0.5342828139899721,0.6227417740172017,0.3616745121500038,13.977959519247872
TAP,PSH,cluster,regression,esm2_cls,linear,150,150,15,58,,,False,0.5667046048786492,0.6604643798651507,0.40925640785352924,13.44690062087147
TAP,PSH,cluster,regression,esm2_cls,linear,all,183,15,58,,,False,0.5782091113230183,0.6898144385529825,0.4436192806759226,13.049946202171457
TAP,PSH,cluster,regression,esm2_cls,linear,25,25,16,55,,,False,0.41875901875901883,0.3994435025864884,0.15564177446181116,14.8226984526825
TAP,PSH,cluster,regression,esm2_cls,linear,50,50,16,55,,,False,0.34473304473304484,0.3310497859784865,0.07243377070301282,15.535898262342208
TAP,PSH,cluster,regression,esm2_cls,linear,100,100,16,55,,,False,0.30375180375180383,0.3564258929778352,0.0824879401821198,15.451469714242888
TAP,PSH,cluster,regression,esm2_cls,linear,150,150,16,55,,,False,0.47012987012987023,0.5009048799977435,0.22583594688633046,14.1932027007303
TAP,PSH,cluster,regression,esm2_cls,linear,all,186,16,55,,,False,0.5936507936507937,0.5913150665619911,0.31530153693188145,13.347919561982941
TAP,PSH,cluster,regression,esm2_cls,linear,25,25,17,58,,,False,0.13574702390107357,0.19145884277910644,-0.06085774268569155,18.697899153857392
TAP,PSH,cluster,regression,esm2_cls,linear,50,50,17,58,,,False,0.31711218431818883,0.3453920256906805,0.00042642712690565965,18.149790677793064
TAP,PSH,cluster,regression,esm2_cls,linear,100,100,17,58,,,False,0.5478790488787721,0.526021919487396,0.23413615873929283,15.886931416866584
TAP,PSH,cluster,regression,esm2_cls,linear,150,150,17,58,,,False,0.4367713556245963,0.47855688284802217,0.16291575451990514,16.609204104860016
TAP,PSH,cluster,regression,esm2_cls,linear,all,183,17,58,,,False,0.5139807437940264,0.5205935914029475,0.23449274454629188,15.883232512753398
TAP,PSH,cluster,regression,esm2_cls,linear,25,25,18,56,,,False,0.3831852358168148,0.3830979065263772,0.14086643854644498,14.786381267598061
TAP,PSH,cluster,regression,esm2_cls,linear,50,50,18,56,,,False,0.48072453861927544,0.5120868436602386,0.24351943321101976,13.874918662524264
TAP,PSH,cluster,regression,esm2_cls,linear,100,100,18,56,,,False,0.5765550239234449,0.6312627837442273,0.368819309824138,12.673845538751213
TAP,PSH,cluster,regression,esm2_cls,linear,150,150,18,56,,,False,0.5569377990430622,0.5414326205046486,0.2831906101089047,13.506206976534234
TAP,PSH,cluster,regression,esm2_cls,linear,all,185,18,56,,,False,0.45058099794941897,0.5348098498122584,0.27297013291703165,13.602153894953624
TAP,PSH,cluster,regression,esm2_cls,linear,25,25,19,64,,,False,0.08122710622710622,0.051093250036510246,-0.1373638393601635,16.97057782899744
TAP,PSH,cluster,regression,esm2_cls,linear,50,50,19,64,,,False,0.18438644688644687,0.17324709478511663,-0.18645996812083943,17.332989195586894
TAP,PSH,cluster,regression,esm2_cls,linear,100,100,19,64,,,False,0.164514652014652,0.18990259376825355,-0.12830423140094993,16.9028536023859
TAP,PSH,cluster,regression,esm2_cls,linear,150,150,19,64,,,False,0.18507326007326005,0.2165692635271031,-0.09342005531915887,16.639506407184022
TAP,PSH,cluster,regression,esm2_cls,linear,all,177,19,64,,,False,0.2706043956043956,0.2584502711815839,-0.1283495245678552,16.90319286198676
TAP,PSH,cluster,regression,esm2_cls,mlp,25,25,0,63,,,False,0.35824692780337947,0.40389694984899915,-7.704276578400821,49.37878491255988
TAP,PSH,cluster,regression,esm2_cls,mlp,50,50,0,63,,,False,0.4050979262672811,0.42498104432580175,-3.162743537773002,34.14789090982349
TAP,PSH,cluster,regression,esm2_cls,mlp,100,100,0,63,,,False,0.38997695852534564,0.39506672771076107,-1.2335394616910933,25.013293131314228
TAP,PSH,cluster,regression,esm2_cls,mlp,150,150,0,63,,,False,0.27337749615975426,0.3374342081369968,-1.030448452831139,23.848992771048433
TAP,PSH,cluster,regression,esm2_cls,mlp,all,178,0,63,,,False,0.2590725806451613,0.3536106249995022,-1.1152915274107555,24.342163359401102
TAP,PSH,cluster,regression,esm2_cls,mlp,25,25,1,60,,,False,-0.18544040011114202,-0.16189514582588616,-10.716322625560693,53.94785852432208
TAP,PSH,cluster,regression,esm2_cls,mlp,50,50,1,60,,,False,0.030675187552097815,-0.026752415483092915,-9.3465684046474,50.696352699249054
TAP,PSH,cluster,regression,esm2_cls,mlp,100,100,1,60,,,False,0.015282022784106699,-0.01096841072825272,-4.576578674575572,37.21880849166033
TAP,PSH,cluster,regression,esm2_cls,mlp,150,150,1,60,,,False,0.02200611280911365,0.017742844883909634,-2.528579302971436,29.60591514716046
TAP,PSH,cluster,regression,esm2_cls,mlp,all,181,1,60,,,False,0.04556821339260907,0.07692297810863245,-1.9654357587101208,27.140810263373368
TAP,PSH,cluster,regression,esm2_cls,mlp,25,25,2,68,,,False,-0.15620109172806043,-0.13996393100583127,-8.66708125186713,45.270545791218375
TAP,PSH,cluster,regression,esm2_cls,mlp,50,50,2,68,,,False,-0.070962323930221,-0.03724577646089955,-6.188665306489286,39.03841513367091
TAP,PSH,cluster,regression,esm2_cls,mlp,100,100,2,68,,,False,-0.25598350956216354,-0.25859760369989854,-4.400446900123591,33.836302283430925
TAP,PSH,cluster,regression,esm2_cls,mlp,150,150,2,68,,,False,-0.1753635912509066,-0.17284049540587396,-3.2999647584265333,30.192598662534888
TAP,PSH,cluster,regression,esm2_cls,mlp,all,173,2,68,,,False,0.028476543115623927,-0.002980198764730005,-2.854808098757194,28.587055670622533
TAP,PSH,cluster,regression,esm2_cls,mlp,25,25,3,63,,,False,0.16215437788018433,0.23663469500631698,-4.446256812473396,36.442080569981734
TAP,PSH,cluster,regression,esm2_cls,mlp,50,50,3,63,,,False,0.14669738863287252,0.2931515893545849,-2.8559037516076993,30.663180413803
TAP,PSH,cluster,regression,esm2_cls,mlp,100,100,3,63,,,False,0.19287634408602147,0.293873790461229,-1.9661767124531386,26.89382758698596
TAP,PSH,cluster,regression,esm2_cls,mlp,150,150,3,63,,,False,0.23588709677419353,0.34266846583425,-1.0406823606593636,22.3070330712961
TAP,PSH,cluster,regression,esm2_cls,mlp,all,178,3,63,,,False,0.24889592933947774,0.3342446314821337,-0.9443537004534097,21.77417662066923
TAP,PSH,cluster,regression,esm2_cls,mlp,25,25,4,57,,,False,-0.11083743842364532,-0.13193379738393987,-9.133457672554103,51.331838437745816
TAP,PSH,cluster,regression,esm2_cls,mlp,50,50,4,57,,,False,-0.3406792844179414,-0.37214396625054164,-6.747914006198728,44.884912792982206
TAP,PSH,cluster,regression,esm2_cls,mlp,100,100,4,57,,,False,-0.06060409644801659,-0.06377004772297001,-4.236942631469416,36.90174453764836
TAP,PSH,cluster,regression,esm2_cls,mlp,150,150,4,57,,,False,0.047899922219341466,0.09655826101935978,-2.668692976151919,30.886142720145706
TAP,PSH,cluster,regression,esm2_cls,mlp,all,184,4,57,,,False,0.1016333938294011,0.14671863988334055,-2.422882495699579,29.833484765243544
TAP,PSH,cluster,regression,esm2_cls,mlp,25,25,5,68,,,False,0.030194297056914912,0.10470148612428112,-7.19418178966265,45.94882962568578
TAP,PSH,cluster,regression,esm2_cls,mlp,50,50,5,68,,,False,-0.007939840439745008,0.0929991802059824,-3.875781841134434,35.44408662612971
TAP,PSH,cluster,regression,esm2_cls,mlp,100,100,5,68,,,False,0.04630301179524372,0.10236885189570816,-1.493321794264495,25.346081274359925
TAP,PSH,cluster,regression,esm2_cls,mlp,150,150,5,68,,,False,0.10432492270107263,0.152685507332024,-1.1825363544511092,23.713868090452454
TAP,PSH,cluster,regression,esm2_cls,mlp,all,173,5,68,,,False,0.21216169790434017,0.24071695140334115,-0.7502858998067632,21.236168058419143
TAP,PSH,cluster,regression,esm2_cls,mlp,25,25,6,56,,,False,-0.09760765550239235,-0.10848682330722681,-5.5679775373224905,45.751314026748766
TAP,PSH,cluster,regression,esm2_cls,mlp,50,50,6,56,,,False,-0.1063568010936432,-0.09002222797775901,-4.272188173263535,40.990497924349285
TAP,PSH,cluster,regression,esm2_cls,mlp,100,100,6,56,,,False,0.09419002050580999,0.08869934326261583,-2.489253773668151,33.346788957790054
TAP,PSH,cluster,regression,esm2_cls,mlp,150,150,6,56,,,False,0.1167464114832536,0.08639852930524743,-2.057574476831098,31.215929038927776
TAP,PSH,cluster,regression,esm2_cls,mlp,all,185,6,56,,,False,0.15365686944634313,0.12917865175268628,-1.353612692352952,27.38767977257
TAP,PSH,cluster,regression,esm2_cls,mlp,25,25,7,59,,,False,-0.10561075394506139,0.030557429188435785,-7.963442355087503,46.639680278830696
TAP,PSH,cluster,regression,esm2_cls,mlp,50,50,7,59,,,False,0.009000584453535944,0.11905078485456931,-4.850648380286735,37.68080295371563
TAP,PSH,cluster,regression,esm2_cls,mlp,100,100,7,59,,,False,0.044418468731735834,0.1737314266601778,-2.864023209142825,30.62231452508305
TAP,PSH,cluster,regression,esm2_cls,mlp,150,150,7,59,,,False,0.06674459380479253,0.23831699695805408,-0.9845577192632284,21.945729253522753
TAP,PSH,cluster,regression,esm2_cls,mlp,all,182,7,59,,,False,0.06645236703682059,0.21302099390231824,-0.9086254462406034,21.521795703538398
TAP,PSH,cluster,regression,esm2_cls,mlp,25,25,8,63,,,False,-0.077428955453149,-0.06687728067729114,-6.4611256786791635,48.29343732844056
TAP,PSH,cluster,regression,esm2_cls,mlp,50,50,8,63,,,False,-0.04776305683563748,-0.02167080564800571,-5.215137314843336,44.07692657742885
TAP,PSH,cluster,regression,esm2_cls,mlp,100,100,8,63,,,False,0.10507872503840246,0.11990154718988541,-2.666534525391582,33.85429930351438
TAP,PSH,cluster,regression,esm2_cls,mlp,150,150,8,63,,,False,0.19422043010752688,0.2290544954281333,-1.9404314025991467,30.317365960389537
TAP,PSH,cluster,regression,esm2_cls,mlp,all,178,8,63,,,False,0.2972350230414747,0.3138156242024791,-1.3576072362168317,27.146989062468307
TAP,PSH,cluster,regression,esm2_cls,mlp,25,25,9,64,,,False,-0.18823260073260073,-0.14023545583817473,-5.561462812788649,44.634944032608516
TAP,PSH,cluster,regression,esm2_cls,mlp,50,50,9,64,,,False,-0.1334249084249084,-0.08642558322486989,-4.547719692783523,41.04232106371382
TAP,PSH,cluster,regression,esm2_cls,mlp,100,100,9,64,,,False,-0.044963369963369956,-0.0055670856706888094,-3.2614931927692243,35.971252349967614
TAP,PSH,cluster,regression,esm2_cls,mlp,150,150,9,64,,,False,0.08356227106227106,0.11069332266813424,-1.818433194678407,29.25354695440863
TAP,PSH,cluster,regression,esm2_cls,mlp,all,177,9,64,,,False,0.08576007326007325,0.1143314309801875,-1.3868869213919233,26.920962375186907
TAP,PSH,cluster,regression,esm2_cls,mlp,25,25,10,62,,,False,-0.36093273903956086,-0.37967278514848557,-6.410771515338832,50.84590929577486
TAP,PSH,cluster,regression,esm2_cls,mlp,50,50,10,62,,,False,-0.3037697363450933,-0.3311161175003243,-4.8146567811861765,45.038752118001575
TAP,PSH,cluster,regression,esm2_cls,mlp,100,100,10,62,,,False,-0.04525194530482738,-0.05183741595111629,-1.8341310473989356,31.443745351651472
TAP,PSH,cluster,regression,esm2_cls,mlp,150,150,10,62,,,False,0.07622573090579436,0.07367869561505644,-1.6299560906996433,30.28994992964172
TAP,PSH,cluster,regression,esm2_cls,mlp,all,179,10,62,,,False,0.2062149026718038,0.2294560117059431,-0.900944713894763,25.751886510650042
TAP,PSH,cluster,regression,esm2_cls,mlp,25,25,11,62,,,False,0.003399561834252474,0.0027084794028594717,-7.924527441455652,50.597536440290064
TAP,PSH,cluster,regression,esm2_cls,mlp,50,50,11,62,,,False,0.17554330034499258,0.20201172883556626,-3.957008078493045,37.70913501789588
TAP,PSH,cluster,regression,esm2_cls,mlp,100,100,11,62,,,False,0.19926468736622094,0.19890132099977054,-2.565721592490972,31.98235743814435
TAP,PSH,cluster,regression,esm2_cls,mlp,150,150,11,62,,,False,0.3397799098486565,0.34924258974410727,-1.8314864072176675,28.499943416712814
TAP,PSH,cluster,regression,esm2_cls,mlp,all,179,11,62,,,False,0.359421822668782,0.3789821273765558,-1.220200066359653,25.236714398057906
TAP,PSH,cluster,regression,esm2_cls,mlp,25,25,12,62,,,False,0.17634912240940798,0.1501839954010398,-4.86426134866931,36.72042898709327
TAP,PSH,cluster,regression,esm2_cls,mlp,50,50,12,62,,,False,0.04555412857898316,0.09249023660762194,-3.9041606739174304,33.58021194768591
TAP,PSH,cluster,regression,esm2_cls,mlp,100,100,12,62,,,False,-0.033920072523985795,0.08509465032781621,-3.6684402510612264,32.763251089000356
TAP,PSH,cluster,regression,esm2_cls,mlp,150,150,12,62,,,False,-0.008738133011004508,0.08753352159461054,-2.736664109286229,29.311842474668552
TAP,PSH,cluster,regression,esm2_cls,mlp,all,179,12,62,,,False,0.04414393996625621,0.09575297684006383,-1.9401820088899413,26.000888902377415
TAP,PSH,cluster,regression,esm2_cls,mlp,25,25,13,61,,,False,-0.12506610259122156,-0.06034949258622392,-3.622156068309234,42.01457437061099
TAP,PSH,cluster,regression,esm2_cls,mlp,50,50,13,61,,,False,-0.03231094658910629,0.022189829952191716,-3.145382385566135,39.7887196549124
TAP,PSH,cluster,regression,esm2_cls,mlp,100,100,13,61,,,False,0.13749338974087782,0.12887235708037748,-1.4317937967903833,30.47481225041616
TAP,PSH,cluster,regression,esm2_cls,mlp,150,150,13,61,,,False,0.2051295610787943,0.18585253315638625,-1.1526464650742643,28.672398281686228
TAP,PSH,cluster,regression,esm2_cls,mlp,all,180,13,61,,,False,0.19095716552088837,0.2258702307879134,-0.9126664862654579,27.026965649254645
TAP,PSH,cluster,regression,esm2_cls,mlp,25,25,14,59,,,False,-0.142489772063121,-0.17333613516121457,-8.939338229791018,52.642975889141375
TAP,PSH,cluster,regression,esm2_cls,mlp,50,50,14,59,,,False,0.11542957334891878,0.11228115984798155,-5.045599003424673,41.05644725782862
TAP,PSH,cluster,regression,esm2_cls,mlp,100,100,14,59,,,False,0.17638807714786678,0.2331124046982316,-2.3841974622727933,30.717760129494966
TAP,PSH,cluster,regression,esm2_cls,mlp,150,150,14,59,,,False,0.04552893045002923,0.15741548043080164,-1.9737419417118653,28.794751578975646
TAP,PSH,cluster,regression,esm2_cls,mlp,all,182,14,59,,,False,0.03804792518994741,0.14940087439496172,-1.9675195340094112,28.764610007647505
TAP,PSH,cluster,regression,esm2_cls,mlp,25,25,15,58,,,False,-0.09631179058106987,-0.09006376860559431,-6.873586244992642,49.09180268491799
TAP,PSH,cluster,regression,esm2_cls,mlp,50,50,15,58,,,False,0.055830693038850784,0.05005880735537577,-6.668275165058013,48.447517665832386
TAP,PSH,cluster,regression,esm2_cls,mlp,100,100,15,58,,,False,0.08265403426743363,0.07105808491499177,-3.3636660051544567,36.54672258533738
TAP,PSH,cluster,regression,esm2_cls,mlp,150,150,15,58,,,False,0.1565412654957089,0.18823259924163224,-2.225612477936316,31.421635090969037
TAP,PSH,cluster,regression,esm2_cls,mlp,all,183,15,58,,,False,0.16066320095973424,0.22734134973841136,-1.6599610735338532,28.53384685860391
TAP,PSH,cluster,regression,esm2_cls,mlp,25,25,16,55,,,False,0.10382395382395383,0.08887548833303127,-7.378946876476341,46.693735919078186
TAP,PSH,cluster,regression,esm2_cls,mlp,50,50,16,55,,,False,0.058513708513708525,0.07008335464168117,-5.388969968450738,40.77362531281306
TAP,PSH,cluster,regression,esm2_cls,mlp,100,100,16,55,,,False,-0.12222222222222226,-0.015308692666105888,-4.77224970071802,38.75577797636785
TAP,PSH,cluster,regression,esm2_cls,mlp,150,150,16,55,,,False,-0.03556998556998558,0.021318028943035874,-3.800938272643841,35.34491693699692
TAP,PSH,cluster,regression,esm2_cls,mlp,all,186,16,55,,,False,0.02734487734487735,0.08063615824397384,-3.207408509829645,33.088055445013914
TAP,PSH,cluster,regression,esm2_cls,mlp,25,25,17,58,,,False,-0.2022516841490049,-0.0595607495728823,-5.112823828691187,44.883341050603136
TAP,PSH,cluster,regression,esm2_cls,mlp,50,50,17,58,,,False,-0.1100925897443785,-0.063788449872604,-3.8700815101947033,40.061974751067794
TAP,PSH,cluster,regression,esm2_cls,mlp,100,100,17,58,,,False,0.21455596911624475,0.23326370896287418,-1.7824224829837911,30.28138778583133
TAP,PSH,cluster,regression,esm2_cls,mlp,150,150,17,58,,,False,0.22630656125995882,0.19210653501625047,-0.9042511861262221,25.051074312903356
TAP,PSH,cluster,regression,esm2_cls,mlp,all,183,17,58,,,False,0.07410255621520195,0.0718303173943604,-0.8368648424695195,24.60383686677561
TAP,PSH,cluster,regression,esm2_cls,mlp,25,25,18,56,,,False,-0.07436773752563228,-0.08327473297014049,-10.155355577790958,53.281110375088794
TAP,PSH,cluster,regression,esm2_cls,mlp,50,50,18,56,,,False,0.14381408065618592,0.17742675459931084,-8.310656546551252,48.67676538105583
TAP,PSH,cluster,regression,esm2_cls,mlp,100,100,18,56,,,False,0.10731373889268626,0.1841891302616062,-2.692545316761926,30.65451680251167
TAP,PSH,cluster,regression,esm2_cls,mlp,150,150,18,56,,,False,0.01066302118933698,0.04022043165349755,-3.2963320406173446,33.06590982777567
TAP,PSH,cluster,regression,esm2_cls,mlp,all,185,18,56,,,False,0.0023239917976760087,0.03481412196122909,-2.803883105451489,31.113232844222903
TAP,PSH,cluster,regression,esm2_cls,mlp,25,25,19,64,,,False,0.035576923076923075,0.01614455484318736,-9.656373276937575,51.94594292087073
TAP,PSH,cluster,regression,esm2_cls,mlp,50,50,19,64,,,False,0.03003663003663003,0.10515213839369358,-6.295641311585758,42.98121207827847
TAP,PSH,cluster,regression,esm2_cls,mlp,100,100,19,64,,,False,0.15897435897435896,0.16374708455470152,-2.3571357129385127,29.15623020744956
TAP,PSH,cluster,regression,esm2_cls,mlp,150,150,19,64,,,False,0.22733516483516483,0.23878210522024118,-1.329793867134062,24.288778279789152
TAP,PSH,cluster,regression,esm2_cls,mlp,all,177,19,64,,,False,0.2573717948717948,0.2564313184576276,-1.24024508798438,23.817418536400343
TAP,PSH,cluster,regression,esm2_mean+max,linear,25,25,0,63,,,False,0.3534466205837174,0.3864784805916407,0.12888239082664088,15.621130269305988
TAP,PSH,cluster,regression,esm2_mean+max,linear,50,50,0,63,,,False,0.5261616743471582,0.5710781556436892,0.24391409715849077,14.553237876824491
TAP,PSH,cluster,regression,esm2_mean+max,linear,100,100,0,63,,,False,0.5877976190476191,0.6415884877072876,0.2992184887587308,14.010878770439769
TAP,PSH,cluster,regression,esm2_mean+max,linear,150,150,0,63,,,False,0.658410138248848,0.6970387566460848,0.459687215739367,12.302593642951642
TAP,PSH,cluster,regression,esm2_mean+max,linear,all,178,0,63,,,False,0.6658986175115208,0.7157514645681611,0.48450941214187526,12.016678105132538
TAP,PSH,cluster,regression,esm2_mean+max,linear,25,25,1,60,,,False,0.2886357321478189,0.33415446208260446,0.07279398160686723,15.176326798485714
TAP,PSH,cluster,regression,esm2_mean+max,linear,50,50,1,60,,,False,0.2148930258405113,0.2650057216385584,0.050852064346201487,15.354847327324869
TAP,PSH,cluster,regression,esm2_mean+max,linear,100,100,1,60,,,False,0.4271742150597389,0.5461562252598886,0.2686640888661793,13.478358341486143
TAP,PSH,cluster,regression,esm2_mean+max,linear,150,150,1,60,,,False,0.3848291191997778,0.4815213982280756,0.22212810226655344,13.900569384468985
TAP,PSH,cluster,regression,esm2_mean+max,linear,all,181,1,60,,,False,0.4133926090580718,0.5265281577654678,0.27133427830095713,13.453730342045095
TAP,PSH,cluster,regression,esm2_mean+max,linear,25,25,2,68,,,False,0.23995113944344768,0.23585382915770434,0.04698649200150273,14.214041340669787
TAP,PSH,cluster,regression,esm2_mean+max,linear,50,50,2,68,,,False,0.4168034507768064,0.39196478587506656,0.06993970560130003,14.041826354184096
TAP,PSH,cluster,regression,esm2_mean+max,linear,100,100,2,68,,,False,0.4477230217200442,0.4225725366660815,0.13268159535944912,13.559926240673317
TAP,PSH,cluster,regression,esm2_mean+max,linear,150,150,2,68,,,False,0.5934267282513265,0.5281993951113184,0.25359169968850837,12.57929425250777
TAP,PSH,cluster,regression,esm2_mean+max,linear,all,173,2,68,,,False,0.5921288697179066,0.5275053611585021,0.266958400752333,12.466150238038125
TAP,PSH,cluster,regression,esm2_mean+max,linear,25,25,3,63,,,False,0.164602534562212,0.1408538286282547,-0.03782106736694035,15.907991384599057
TAP,PSH,cluster,regression,esm2_mean+max,linear,50,50,3,63,,,False,0.4516609062980031,0.4808649523587658,0.18414935452635706,14.104556556911579
TAP,PSH,cluster,regression,esm2_mean+max,linear,100,100,3,63,,,False,0.49433563748079884,0.5337657990197335,0.27279278982244304,13.316288448710004
TAP,PSH,cluster,regression,esm2_mean+max,linear,150,150,3,63,,,False,0.5468509984639017,0.5378990187705464,0.2879322028218362,13.176946378232602
TAP,PSH,cluster,regression,esm2_mean+max,linear,all,178,3,63,,,False,0.5169450844854071,0.5268348742609631,0.2718400775356796,13.325008411186698
TAP,PSH,cluster,regression,esm2_mean+max,linear,25,25,4,57,,,False,0.1987295825771325,0.2109176247537077,-0.0829061700614071,16.780442303551258
TAP,PSH,cluster,regression,esm2_mean+max,linear,50,50,4,57,,,False,0.45145190562613435,0.5240046083700257,0.22974145408373736,14.15227478978404
TAP,PSH,cluster,regression,esm2_mean+max,linear,100,100,4,57,,,False,0.4934534612393052,0.6078757577776415,0.3360043936046482,13.139855601760141
TAP,PSH,cluster,regression,esm2_mean+max,linear,150,150,4,57,,,False,0.6622374902774177,0.6874276999561678,0.4707993885667121,11.730544151427237
TAP,PSH,cluster,regression,esm2_mean+max,linear,all,184,4,57,,,False,0.6366995073891627,0.6744292743014872,0.4533796606463367,11.92204848012361
TAP,PSH,cluster,regression,esm2_mean+max,linear,25,25,5,68,,,False,0.2630072145665534,0.2823377588254252,-0.07888437490147893,16.672821791926356
TAP,PSH,cluster,regression,esm2_mean+max,linear,50,50,5,68,,,False,0.23651563156086572,0.3532295920418843,0.12058104007866366,15.052878936745957
TAP,PSH,cluster,regression,esm2_mean+max,linear,100,100,5,68,,,False,0.36431652479291515,0.4513698049571051,0.20064282976418268,14.351328119668018
TAP,PSH,cluster,regression,esm2_mean+max,linear,150,150,5,68,,,False,0.46978661678818184,0.5392121298963269,0.2866536940758875,13.557258121240938
TAP,PSH,cluster,regression,esm2_mean+max,linear,all,173,5,68,,,False,0.48669695003244645,0.5549240097857823,0.29672517664312625,13.461212858163636
TAP,PSH,cluster,regression,esm2_mean+max,linear,25,25,6,56,,,False,0.1166097060833903,0.2457294657802388,-0.11995912048869051,18.892473772842973
TAP,PSH,cluster,regression,esm2_mean+max,linear,50,50,6,56,,,False,0.27464114832535885,0.33645947314182556,-0.004250970314020552,17.889939529283172
TAP,PSH,cluster,regression,esm2_mean+max,linear,100,100,6,56,,,False,0.43055365686944636,0.5485651534432844,0.29707142346054893,14.967295816417062
TAP,PSH,cluster,regression,esm2_mean+max,linear,150,150,6,56,,,False,0.46712235133287766,0.5949185508106063,0.35133228001219907,14.378013458389695
TAP,PSH,cluster,regression,esm2_mean+max,linear,all,185,6,56,,,False,0.40943267259056737,0.5731671514832005,0.3173371642423186,14.749961027031414
TAP,PSH,cluster,regression,esm2_mean+max,linear,25,25,7,59,,,False,0.16107539450613678,0.29885383820814554,0.022748363796806448,15.400022410025214
TAP,PSH,cluster,regression,esm2_mean+max,linear,50,50,7,59,,,False,0.20701344243132674,0.4324855761073213,0.11617985647183071,14.645361546277325
TAP,PSH,cluster,regression,esm2_mean+max,linear,100,100,7,59,,,False,0.39573348918760964,0.5664759565992299,0.31014138940651303,12.938924967007377
TAP,PSH,cluster,regression,esm2_mean+max,linear,150,150,7,59,,,False,0.41659848042080666,0.5714511551963128,0.3202478866998172,12.843797003824955
TAP,PSH,cluster,regression,esm2_mean+max,linear,all,182,7,59,,,False,0.48217416715371136,0.6080794371394355,0.3657313880367121,12.406656543199379
TAP,PSH,cluster,regression,esm2_mean+max,linear,25,25,8,63,,,False,0.2999231950844854,0.2702427081205654,0.049174014226741725,17.239968231983664
TAP,PSH,cluster,regression,esm2_mean+max,linear,50,50,8,63,,,False,0.4856470814132105,0.494804970265195,0.16211065989241724,16.18375416038419
TAP,PSH,cluster,regression,esm2_mean+max,linear,100,100,8,63,,,False,0.6334965437788018,0.6812911810163591,0.3420132328411801,14.341498103618084
TAP,PSH,cluster,regression,esm2_mean+max,linear,150,150,8,63,,,False,0.6681067588325652,0.7416022538054022,0.4307558561513245,13.339367138532712
TAP,PSH,cluster,regression,esm2_mean+max,linear,all,178,8,63,,,False,0.6550019201228878,0.7039401501683644,0.4191176910270361,13.475038511408545
TAP,PSH,cluster,regression,esm2_mean+max,linear,25,25,9,64,,,False,0.21108058608058608,0.3405593175565571,0.032129099193578425,17.142863816915796
TAP,PSH,cluster,regression,esm2_mean+max,linear,50,50,9,64,,,False,0.10018315018315017,0.27517743165895037,0.03353864128872719,17.130376411762196
TAP,PSH,cluster,regression,esm2_mean+max,linear,100,100,9,64,,,False,0.34088827838827834,0.46727360680105834,0.1885142488315671,15.696943963590424
TAP,PSH,cluster,regression,esm2_mean+max,linear,150,150,9,64,,,False,0.295054945054945,0.4735840772151123,0.22039329851811973,15.385529258847335
TAP,PSH,cluster,regression,esm2_mean+max,linear,all,177,9,64,,,False,0.34725274725274724,0.5408391487627064,0.28674538951686235,14.71624306826549
TAP,PSH,cluster,regression,esm2_mean+max,linear,25,25,10,62,,,False,0.3220518244315177,0.3505701420367155,-0.023822836591726126,18.89890808298985
TAP,PSH,cluster,regression,esm2_mean+max,linear,50,50,10,62,,,False,0.23975724610309482,0.26519714269828404,0.04025052347577396,18.29798421309717
TAP,PSH,cluster,regression,esm2_mean+max,linear,100,100,10,62,,,False,0.4167862808793533,0.4344042239463572,0.15471145956859078,17.172233977315923
TAP,PSH,cluster,regression,esm2_mean+max,linear,150,150,10,62,,,False,0.52884591171212,0.5793496147479371,0.31862019806801456,15.41767669740566
TAP,PSH,cluster,regression,esm2_mean+max,linear,all,179,10,62,,,False,0.5919014882526252,0.606606205974302,0.3456594474918532,15.10866962592509
TAP,PSH,cluster,regression,esm2_mean+max,linear,25,25,11,62,,,False,0.4238875878220141,0.5484801367317145,0.03010789115971968,16.680093093466407
TAP,PSH,cluster,regression,esm2_mean+max,linear,50,50,11,62,,,False,0.47772657450076805,0.5357385337964735,0.03965502789843511,16.597794786119334
TAP,PSH,cluster,regression,esm2_mean+max,linear,100,100,11,62,,,False,0.5326735665180933,0.6161096089509179,0.3565672986124713,13.585897131852493
TAP,PSH,cluster,regression,esm2_mean+max,linear,150,150,11,62,,,False,0.6025786306061293,0.6549331784757044,0.4104052867995971,13.005095555121901
TAP,PSH,cluster,regression,esm2_mean+max,linear,all,179,11,62,,,False,0.6082697489360631,0.6618320374898046,0.418834371531958,12.911797843507147
TAP,PSH,cluster,regression,esm2_mean+max,linear,25,25,12,62,,,False,0.1967464934149228,0.2553872270812118,-0.07652348159047162,15.733047047492224
TAP,PSH,cluster,regression,esm2_mean+max,linear,50,50,12,62,,,False,0.2292311953866687,0.2593775018312353,-0.3366284657721308,17.530989946287026
TAP,PSH,cluster,regression,esm2_mean+max,linear,100,100,12,62,,,False,0.3194329027221677,0.3464514859194837,-0.2463126689300228,16.928348554831466
TAP,PSH,cluster,regression,esm2_mean+max,linear,150,150,12,62,,,False,0.3964896376318904,0.44205913102061556,-0.018187463910187107,15.300828963927906
TAP,PSH,cluster,regression,esm2_mean+max,linear,all,179,12,62,,,False,0.4224270353302611,0.48317926767501346,0.21967367759293455,13.394891996816321
TAP,PSH,cluster,regression,esm2_mean+max,linear,25,25,13,61,,,False,0.34093072448439976,0.48535029295571197,0.021132926934552376,19.334792943332392
TAP,PSH,cluster,regression,esm2_mean+max,linear,50,50,13,61,,,False,0.5483870967741935,0.5850720171690275,0.21240354756016255,17.343212332629744
TAP,PSH,cluster,regression,esm2_mean+max,linear,100,100,13,61,,,False,0.6048651507139079,0.6144239248306739,0.3614955920764833,15.615633784339172
TAP,PSH,cluster,regression,esm2_mean+max,linear,150,150,13,61,,,False,0.6248016922263351,0.6616105929695109,0.3902462465841948,15.260013109791245
TAP,PSH,cluster,regression,esm2_mean+max,linear,all,180,13,61,,,False,0.633685880486515,0.6672669497611438,0.41454465436580024,14.952869857308022
TAP,PSH,cluster,regression,esm2_mean+max,linear,25,25,14,59,,,False,0.2786090005844536,0.3289410131793068,-0.13024159277541414,17.752002060039622
TAP,PSH,cluster,regression,esm2_mean+max,linear,50,50,14,59,,,False,0.42548217416715384,0.5102253515157491,0.007952573380237693,16.631365748310056
TAP,PSH,cluster,regression,esm2_mean+max,linear,100,100,14,59,,,False,0.3768556399766219,0.463815006950664,0.11435303678648323,15.714190579662246
TAP,PSH,cluster,regression,esm2_mean+max,linear,150,150,14,59,,,False,0.4444769140853303,0.4648814129895126,0.12600895951801583,15.610441542619734
TAP,PSH,cluster,regression,esm2_mean+max,linear,all,182,14,59,,,False,0.4493278784336647,0.4629904644841133,0.15873175796803785,15.31542116960187
TAP,PSH,cluster,regression,esm2_mean+max,linear,25,25,15,58,,,False,0.132793995508936,0.21342857179380675,0.01455199513132821,17.36758938741751
TAP,PSH,cluster,regression,esm2_mean+max,linear,50,50,15,58,,,False,0.4196683995201329,0.560671976389325,0.3139396971527253,14.491182663817876
TAP,PSH,cluster,regression,esm2_mean+max,linear,100,100,15,58,,,False,0.517856593558707,0.6899037807142668,0.4406234280013017,13.085032994368591
TAP,PSH,cluster,regression,esm2_mean+max,linear,150,150,15,58,,,False,0.5270848072841368,0.7268367753062893,0.49964421097720824,12.375482772057847
TAP,PSH,cluster,regression,esm2_mean+max,linear,all,183,15,58,,,False,0.5507090344212373,0.7559213329673635,0.5399313934947858,11.866809899962254
TAP,PSH,cluster,regression,esm2_mean+max,linear,25,25,16,55,,,False,0.4365800865800866,0.5002274281628911,0.2169777462373227,14.274173026864256
TAP,PSH,cluster,regression,esm2_mean+max,linear,50,50,16,55,,,False,0.42258297258297267,0.4415386957776662,0.13746990251892155,14.981352871934915
TAP,PSH,cluster,regression,esm2_mean+max,linear,100,100,16,55,,,False,0.2695526695526696,0.3593715199222712,0.037705635717485975,15.824058342629709
TAP,PSH,cluster,regression,esm2_mean+max,linear,150,150,16,55,,,False,0.4544011544011545,0.5292969655737675,0.24786225560070962,13.98983511774789
TAP,PSH,cluster,regression,esm2_mean+max,linear,all,186,16,55,,,False,0.5494949494949497,0.5954603212892711,0.3230719831888661,13.271962590369649
TAP,PSH,cluster,regression,esm2_mean+max,linear,25,25,17,58,,,False,0.11839798209726539,0.23311770454525824,-0.048940331330668885,18.59257876434007
TAP,PSH,cluster,regression,esm2_mean+max,linear,50,50,17,58,,,False,0.3619613030237781,0.3674207286745386,0.014792105449863091,18.01889603464363
TAP,PSH,cluster,regression,esm2_mean+max,linear,100,100,17,58,,,False,0.6324710080285461,0.6056284862302884,0.33469445927845853,14.807263608306013
TAP,PSH,cluster,regression,esm2_mean+max,linear,150,150,17,58,,,False,0.5915592605124734,0.6236728350448059,0.3335057526199483,14.820485832233965
TAP,PSH,cluster,regression,esm2_mean+max,linear,all,183,17,58,,,False,0.5743332615583376,0.5931143626943911,0.32357784668983236,14.930458654752378
TAP,PSH,cluster,regression,esm2_mean+max,linear,25,25,18,56,,,False,0.41114149008885853,0.4229345252766849,0.15668975247284744,14.649582463415465
TAP,PSH,cluster,regression,esm2_mean+max,linear,50,50,18,56,,,False,0.5173615857826385,0.592558372424469,0.3467394371039094,12.89361737997282
TAP,PSH,cluster,regression,esm2_mean+max,linear,100,100,18,56,,,False,0.6285714285714287,0.6945361400193786,0.46408357757558727,11.678312456103987
TAP,PSH,cluster,regression,esm2_mean+max,linear,150,150,18,56,,,False,0.5164046479835954,0.5941226585985615,0.3514527526929784,12.847019049709656
TAP,PSH,cluster,regression,esm2_mean+max,linear,all,185,18,56,,,False,0.5367053998632946,0.5940747103777371,0.3459643966575333,12.901263726087674
TAP,PSH,cluster,regression,esm2_mean+max,linear,25,25,19,64,,,False,0.18630952380952379,0.15605261593834627,-0.09243384236890617,16.632000692167942
TAP,PSH,cluster,regression,esm2_mean+max,linear,50,50,19,64,,,False,0.22614468864468862,0.25719217921976767,-0.11243567986395608,16.783571246456944
TAP,PSH,cluster,regression,esm2_mean+max,linear,100,100,19,64,,,False,0.3444597069597069,0.35218732516824136,0.021936053907846698,15.737311694867715
TAP,PSH,cluster,regression,esm2_mean+max,linear,150,150,19,64,,,False,0.38621794871794873,0.3972059108299708,0.08777251720200618,15.198421953714943
TAP,PSH,cluster,regression,esm2_mean+max,linear,all,177,19,64,,,False,0.3833333333333333,0.4087989685444375,0.09833923698850999,15.110140659059068
TAP,PSH,cluster,regression,esm2_mean+max,mlp,25,25,0,63,,,False,0.3120199692780338,0.3728703037451801,-11.171140030209642,58.39016294717135
TAP,PSH,cluster,regression,esm2_mean+max,mlp,50,50,0,63,,,False,0.40005760368663595,0.49503749894238913,-5.745851002807384,43.47027924148647
TAP,PSH,cluster,regression,esm2_mean+max,mlp,100,100,0,63,,,False,0.37259984639016897,0.4022629922410585,-2.745288313328379,32.3904279022991
TAP,PSH,cluster,regression,esm2_mean+max,mlp,150,150,0,63,,,False,0.38944892473118276,0.43027620985796783,-1.9604742713949435,28.797494449962088
TAP,PSH,cluster,regression,esm2_mean+max,mlp,all,178,0,63,,,False,0.3903609831029186,0.43420354237175834,-1.7294023606605928,27.650808797089816
TAP,PSH,cluster,regression,esm2_mean+max,mlp,25,25,1,60,,,False,-0.19494303973325927,-0.1125845592524923,-12.192040462066457,57.244601470766796
TAP,PSH,cluster,regression,esm2_mean+max,mlp,50,50,1,60,,,False,0.004278966379549876,-0.03936350529937205,-11.56978708995184,55.87821310851233
TAP,PSH,cluster,regression,esm2_mean+max,mlp,100,100,1,60,,,False,0.014448457904973606,0.07079755509665998,-5.290128444339944,39.5283153649239
TAP,PSH,cluster,regression,esm2_mean+max,mlp,150,150,1,60,,,False,0.011392053348152267,0.08101920653062597,-2.914010687120219,31.180965049111858
TAP,PSH,cluster,regression,esm2_mean+max,mlp,all,181,1,60,,,False,0.09274798555154212,0.13057290491075688,-1.9724114625942808,27.172713676893075
TAP,PSH,cluster,regression,esm2_mean+max,mlp,25,25,2,68,,,False,0.05897621865099057,0.008502668446628892,-8.117414929257349,43.964678934536344
TAP,PSH,cluster,regression,esm2_mean+max,mlp,50,50,2,68,,,False,0.173187769591938,0.14337531797710423,-5.469279988442406,37.03360754162411
TAP,PSH,cluster,regression,esm2_mean+max,mlp,100,100,2,68,,,False,0.15093331297476809,0.10392266612222582,-2.644818564225975,27.797516919669544
TAP,PSH,cluster,regression,esm2_mean+max,mlp,150,150,2,68,,,False,0.11902126197656221,0.10126524490475633,-1.8100300580189996,24.407512970096402
TAP,PSH,cluster,regression,esm2_mean+max,mlp,all,173,2,68,,,False,0.22529297247776459,0.17575925435448211,-1.5086031545387169,23.061312881846522
TAP,PSH,cluster,regression,esm2_mean+max,mlp,25,25,3,63,,,False,0.11597542242703535,0.22258033897238827,-7.595626007070841,45.78179975624187
TAP,PSH,cluster,regression,esm2_mean+max,mlp,50,50,3,63,,,False,0.045170890937019974,0.21454401698467315,-3.7625229481621263,34.07788606265983
TAP,PSH,cluster,regression,esm2_mean+max,mlp,100,100,3,63,,,False,0.20526113671274962,0.2894916147538889,-1.885558344356756,26.52583329030362
TAP,PSH,cluster,regression,esm2_mean+max,mlp,150,150,3,63,,,False,0.1947484639016897,0.26206388612777765,-1.089629549767285,22.572972703775907
TAP,PSH,cluster,regression,esm2_mean+max,mlp,all,178,3,63,,,False,0.240255376344086,0.2708349118164551,-1.1619205986535261,22.960110593174864
TAP,PSH,cluster,regression,esm2_mean+max,mlp,25,25,4,57,,,False,-0.041871921182266014,-0.11586354583245745,-9.972410438251543,53.414480897905804
TAP,PSH,cluster,regression,esm2_mean+max,mlp,50,50,4,57,,,False,-0.24779621467461763,-0.26397683646287645,-8.897705992801471,50.731215079343315
TAP,PSH,cluster,regression,esm2_mean+max,mlp,100,100,4,57,,,False,-0.04433497536945813,-0.018342507281372725,-5.505741490417616,41.12978042233886
TAP,PSH,cluster,regression,esm2_mean+max,mlp,150,150,4,57,,,False,0.1887477313974592,0.1848602565788005,-3.4257104995278933,33.92340917471957
TAP,PSH,cluster,regression,esm2_mean+max,mlp,all,184,4,57,,,False,0.2993259009592948,0.3314884050479108,-2.3723583936509884,29.612484818862203
TAP,PSH,cluster,regression,esm2_mean+max,mlp,25,25,5,68,,,False,0.039699202198725046,0.10171607364975158,-8.984934261694617,50.72175377685023
TAP,PSH,cluster,regression,esm2_mean+max,mlp,50,50,5,68,,,False,-0.009695766690842463,0.100557819218321,-4.867369800006913,38.88153366049134
TAP,PSH,cluster,regression,esm2_mean+max,mlp,100,100,5,68,,,False,0.19548039851891436,0.2310002438286439,-1.8636462083409224,27.163225395880414
TAP,PSH,cluster,regression,esm2_mean+max,mlp,150,150,5,68,,,False,0.23674466541970451,0.25352677686680336,-1.0899222370017037,23.205275025931616
TAP,PSH,cluster,regression,esm2_mean+max,mlp,all,173,5,68,,,False,0.2926670992861778,0.28243956115447477,-0.8784102793240762,21.999706384061987
TAP,PSH,cluster,regression,esm2_mean+max,mlp,25,25,6,56,,,False,-0.06992481203007518,-0.0738305945209286,-5.288151648284745,44.76609850274239
TAP,PSH,cluster,regression,esm2_mean+max,mlp,50,50,6,56,,,False,-0.07641831852358169,-0.03890079257237,-3.5547356678165603,38.09950485241646
TAP,PSH,cluster,regression,esm2_mean+max,mlp,100,100,6,56,,,False,0.13663704716336295,0.1283042359215427,-3.2526762668088027,36.8144998206768
TAP,PSH,cluster,regression,esm2_mean+max,mlp,150,150,6,56,,,False,0.1595352016404648,0.13145720090683513,-2.9515616418337682,35.487231783484845
TAP,PSH,cluster,regression,esm2_mean+max,mlp,all,185,6,56,,,False,0.2032809295967191,0.20606775996474352,-2.274008783204089,32.301869828213405
TAP,PSH,cluster,regression,esm2_mean+max,mlp,25,25,7,59,,,False,-0.054354178842782014,0.12248427013202917,-10.69320637734303,53.270277245513064
TAP,PSH,cluster,regression,esm2_mean+max,mlp,50,50,7,59,,,False,0.12343658679135013,0.25292174837655507,-5.6948867713407685,40.307862448978184
TAP,PSH,cluster,regression,esm2_mean+max,mlp,100,100,7,59,,,False,0.12530683810637055,0.219709051331541,-3.4906009023240037,33.011889242256565
TAP,PSH,cluster,regression,esm2_mean+max,mlp,150,150,7,59,,,False,0.19292811221507894,0.31893453610690586,-2.135298998418857,27.58402460656377
TAP,PSH,cluster,regression,esm2_mean+max,mlp,all,182,7,59,,,False,0.19222676797194624,0.2799740687136454,-2.020103123949095,27.07254198965658
TAP,PSH,cluster,regression,esm2_mean+max,mlp,25,25,8,63,,,False,-0.026017665130568357,0.005571066318916371,-5.660025774233288,45.627208058573004
TAP,PSH,cluster,regression,esm2_mean+max,mlp,50,50,8,63,,,False,0.17545122887864825,0.19886304978811645,-3.711375314778575,38.37600756811144
TAP,PSH,cluster,regression,esm2_mean+max,mlp,100,100,8,63,,,False,0.3186923963133641,0.33271312889958604,-1.4626503816718404,27.745165525292215
TAP,PSH,cluster,regression,esm2_mean+max,mlp,150,150,8,63,,,False,0.4586213517665131,0.4664979814646968,-0.846313749419561,24.02363340333888
TAP,PSH,cluster,regression,esm2_mean+max,mlp,all,178,8,63,,,False,0.43788402457757303,0.45040642992231583,-0.934094056512202,24.588086665859674
TAP,PSH,cluster,regression,esm2_mean+max,mlp,25,25,9,64,,,False,-0.06488095238095237,-0.012262776577555708,-6.75177210692052,48.514901826563595
TAP,PSH,cluster,regression,esm2_mean+max,mlp,50,50,9,64,,,False,0.03603479853479853,0.11778581983794446,-4.099457594221997,39.34926738659311
TAP,PSH,cluster,regression,esm2_mean+max,mlp,100,100,9,64,,,False,0.003205128205128205,0.10596683412899924,-3.6554003528977947,37.596998601790936
TAP,PSH,cluster,regression,esm2_mean+max,mlp,150,150,9,64,,,False,0.08397435897435897,0.13064093093009066,-2.3034516211995317,31.67077086031511
TAP,PSH,cluster,regression,esm2_mean+max,mlp,all,177,9,64,,,False,0.1036172161172161,0.15055112131876203,-1.8343380911695708,29.335972196359613
TAP,PSH,cluster,regression,esm2_mean+max,mlp,25,25,10,62,,,False,-0.12245977185162801,-0.16408265921941528,-4.769888679784767,44.86503632751349
TAP,PSH,cluster,regression,esm2_mean+max,mlp,50,50,10,62,,,False,-0.16531943290272216,-0.16484071977205506,-4.647959141050714,44.388460176473956
TAP,PSH,cluster,regression,esm2_mean+max,mlp,100,100,10,62,,,False,0.07129007076125003,0.09719977913903632,-2.39822648624305,34.431065842725246
TAP,PSH,cluster,regression,esm2_mean+max,mlp,150,150,10,62,,,False,0.22585681549192918,0.18770830032963073,-1.7198735148625341,30.80340036739967
TAP,PSH,cluster,regression,esm2_mean+max,mlp,all,179,10,62,,,False,0.2832212737025006,0.2531791938574718,-1.1138155649353632,27.155503045456985
TAP,PSH,cluster,regression,esm2_mean+max,mlp,25,25,11,62,,,False,0.07280098713202891,0.1054453645757274,-6.24793120301737,45.5977894017094
TAP,PSH,cluster,regression,esm2_mean+max,mlp,50,50,11,62,,,False,0.16949963486187705,0.25585783948373353,-5.099371211708844,41.82917413121296
TAP,PSH,cluster,regression,esm2_mean+max,mlp,100,100,11,62,,,False,0.2411674347158218,0.30518986721261054,-2.0356543977905917,29.50957267189879
TAP,PSH,cluster,regression,esm2_mean+max,mlp,150,150,11,62,,,False,0.3251743849311274,0.34449453721044243,-1.5150515699940335,26.860259521311406
TAP,PSH,cluster,regression,esm2_mean+max,mlp,all,179,11,62,,,False,0.42157084938681977,0.4326697148781635,-1.1876511411124246,25.051041759327248
TAP,PSH,cluster,regression,esm2_mean+max,mlp,25,25,12,62,,,False,-0.006018483543602528,-0.037412064836743544,-8.713144703671713,47.258617983969046
TAP,PSH,cluster,regression,esm2_mean+max,mlp,50,50,12,62,,,False,-0.14144695424441592,-0.1117043593355898,-6.7019304337547885,42.08243715527177
TAP,PSH,cluster,regression,esm2_mean+max,mlp,100,100,12,62,,,False,-0.004759386567953464,0.03699459046371497,-4.118538226054267,34.306314387606214
TAP,PSH,cluster,regression,esm2_mean+max,mlp,150,150,12,62,,,False,0.020825463977235528,0.05135193188878499,-3.1527827671608106,30.90086911772459
TAP,PSH,cluster,regression,esm2_mean+max,mlp,all,179,12,62,,,False,0.009090680164186246,0.0509253726545753,-3.350158797747449,31.626682816211286
TAP,PSH,cluster,regression,esm2_mean+max,mlp,25,25,13,61,,,False,0.04859862506610259,0.08827811654864111,-4.22798797754258,44.68327078222546
TAP,PSH,cluster,regression,esm2_mean+max,mlp,50,50,13,61,,,False,0.04775251189846641,0.13561067411869546,-4.218486316450306,44.64264727845649
TAP,PSH,cluster,regression,esm2_mean+max,mlp,100,100,13,61,,,False,0.23114754098360651,0.26056018703368594,-1.6649158487369453,31.902110529511255
TAP,PSH,cluster,regression,esm2_mean+max,mlp,150,150,13,61,,,False,0.2345848757271285,0.2809187158219606,-1.7099155350992783,32.17033199913115
TAP,PSH,cluster,regression,esm2_mean+max,mlp,all,180,13,61,,,False,0.30026441036488627,0.3237810301632088,-1.1478741144031965,28.64059773636156
TAP,PSH,cluster,regression,esm2_mean+max,mlp,25,25,14,59,,,False,-0.08895382817066043,-0.06780112348245598,-9.967996150921122,55.300026788127006
TAP,PSH,cluster,regression,esm2_mean+max,mlp,50,50,14,59,,,False,0.043892460549386336,0.08712834135307718,-5.426306302866125,42.32942878661607
TAP,PSH,cluster,regression,esm2_mean+max,mlp,100,100,14,59,,,False,0.2410286382232613,0.27486896762933694,-4.391089871379692,38.770373321231475
TAP,PSH,cluster,regression,esm2_mean+max,mlp,150,150,14,59,,,False,0.20946814728229107,0.2511254065881324,-3.998177683211426,37.33082110763855
TAP,PSH,cluster,regression,esm2_mean+max,mlp,all,182,14,59,,,False,0.18053769725306842,0.2399118950189508,-2.7434663355524602,32.30715110677855
TAP,PSH,cluster,regression,esm2_mean+max,mlp,25,25,15,58,,,False,0.11083084684241289,0.1097486524312537,-7.274705353858936,50.326758021691774
TAP,PSH,cluster,regression,esm2_mean+max,mlp,50,50,15,58,,,False,0.19665323448891078,0.22377754551166734,-7.642188948852249,51.43213635493734
TAP,PSH,cluster,regression,esm2_mean+max,mlp,100,100,15,58,,,False,0.23079762527300135,0.2298419745485731,-3.7903884032218915,38.29199990341691
TAP,PSH,cluster,regression,esm2_mean+max,mlp,150,150,15,58,,,False,0.31729674859269746,0.3689528998675135,-2.0658976714069035,30.633845189227873
TAP,PSH,cluster,regression,esm2_mean+max,mlp,all,183,15,58,,,False,0.27552370112891816,0.3358709004382305,-1.7010577941394116,28.753427666141693
TAP,PSH,cluster,regression,esm2_mean+max,mlp,25,25,16,55,,,False,0.08369408369408371,0.0771166169439342,-8.622207089762885,50.038151086433366
TAP,PSH,cluster,regression,esm2_mean+max,mlp,50,50,16,55,,,False,0.12741702741702743,0.2116310517526282,-5.701734458576061,41.75971367342153
TAP,PSH,cluster,regression,esm2_mean+max,mlp,100,100,16,55,,,False,0.00894660894660895,0.07379963547984007,-3.9013743738449644,35.71271288224881
TAP,PSH,cluster,regression,esm2_mean+max,mlp,150,150,16,55,,,False,0.04733044733044734,0.1054712379334902,-2.5335613981270226,30.32286450045404
TAP,PSH,cluster,regression,esm2_mean+max,mlp,all,186,16,55,,,False,0.1783549783549784,0.2157212454641978,-2.072336373036722,28.274718220557165
TAP,PSH,cluster,regression,esm2_mean+max,mlp,25,25,17,58,,,False,-0.09151311944384632,-0.01020742563425938,-7.167431262798242,51.8808379510834
TAP,PSH,cluster,regression,esm2_mean+max,mlp,50,50,17,58,,,False,0.10061829031960381,0.09962863037419901,-3.1000806426861143,36.758724836893045
TAP,PSH,cluster,regression,esm2_mean+max,mlp,100,100,17,58,,,False,0.3768494878341383,0.3251519146284164,-1.1822033913716297,26.81710244583255
TAP,PSH,cluster,regression,esm2_mean+max,mlp,150,150,17,58,,,False,0.24648558860623215,0.23209747627504193,-0.9525687423029785,25.366900429084883
TAP,PSH,cluster,regression,esm2_mean+max,mlp,all,183,17,58,,,False,0.22919806822726016,0.2076037341655346,-0.868483432681084,24.814690543218394
TAP,PSH,cluster,regression,esm2_mean+max,mlp,25,25,18,56,,,False,-0.03841421736158578,0.004641658278258312,-9.169576866740778,50.87249052419432
TAP,PSH,cluster,regression,esm2_mean+max,mlp,50,50,18,56,,,False,0.09794941900205059,0.18011679177548615,-6.2826482551459435,43.05030425550939
TAP,PSH,cluster,regression,esm2_mean+max,mlp,100,100,18,56,,,False,0.10567327409432674,0.14645720302208778,-3.16697617510782,32.5643239611987
TAP,PSH,cluster,regression,esm2_mean+max,mlp,150,150,18,56,,,False,-0.06678058783321941,-0.0333174410368358,-4.012692516480044,35.716351682405175
TAP,PSH,cluster,regression,esm2_mean+max,mlp,all,185,18,56,,,False,-0.02187286397812714,-0.026508225621440493,-3.48848489794121,33.7972560571838
TAP,PSH,cluster,regression,esm2_mean+max,mlp,25,25,19,64,,,False,0.05073260073260072,0.03752929610134696,-9.93192314089307,52.61325929773378
TAP,PSH,cluster,regression,esm2_mean+max,mlp,50,50,19,64,,,False,0.0869047619047619,0.08263110066828516,-5.7298279486235835,41.28087577517142
TAP,PSH,cluster,regression,esm2_mean+max,mlp,100,100,19,64,,,False,0.0916208791208791,0.120044517210404,-3.090539005324392,32.183790363671
TAP,PSH,cluster,regression,esm2_mean+max,mlp,150,150,19,64,,,False,0.28108974358974353,0.29756903413033786,-1.9227451869509737,27.204603376419538
TAP,PSH,cluster,regression,esm2_mean+max,mlp,all,177,19,64,,,False,0.32005494505494503,0.3246918582136409,-1.4938952881259984,25.12962622073481
TAP,PPC,cluster,regression,cheap,linear,25,25,0,63,,,False,-0.05096588854020197,0.0622516516230971,-0.0028878724233838415,0.4874040871530481
TAP,PPC,cluster,regression,cheap,linear,50,50,0,63,,,False,0.1042528979732232,0.25289919268940236,0.03783547239657736,0.4774057524407663
TAP,PPC,cluster,regression,cheap,linear,100,100,0,63,,,False,0.2046043374244736,0.2124093115131257,0.01594835632848368,0.48280518160182956
TAP,PPC,cluster,regression,cheap,linear,150,150,0,63,,,False,0.27260824102898723,0.2895245271418019,0.07442901914024358,0.4682392783869059
TAP,PPC,cluster,regression,cheap,linear,all,178,0,63,,,False,0.28453485157400543,0.34186189962856667,0.11684102494252913,0.45738552922975606
TAP,PPC,cluster,regression,cheap,linear,25,25,1,60,,,False,0.1295047236753503,0.12419955185584046,-0.00294223767595736,0.46712308834890165
TAP,PPC,cluster,regression,cheap,linear,50,50,1,60,,,False,0.22177683929403744,0.37147973821165037,0.12735790284906723,0.43572397085343106
TAP,PPC,cluster,regression,cheap,linear,100,100,1,60,,,False,0.2808775695502663,0.3808117933977732,0.13954979421802294,0.4326694626260618
TAP,PPC,cluster,regression,cheap,linear,150,150,1,60,,,False,0.39166658864183246,0.4183723609585772,0.15225894352460267,0.4294622362571352
TAP,PPC,cluster,regression,cheap,linear,all,181,1,60,,,False,0.3709060726315954,0.42317828291627735,0.17633034373382206,0.4233210905965749
TAP,PPC,cluster,regression,cheap,linear,25,25,2,68,,,False,0.14124788228525653,0.2817538223142568,0.05001201533839039,0.5408874157427664
TAP,PPC,cluster,regression,cheap,linear,50,50,2,68,,,False,0.2599856723581776,0.24727822721557433,0.0003749586723728049,0.5548382388906222
TAP,PPC,cluster,regression,cheap,linear,100,100,2,68,,,False,0.2668801246849924,0.3144007242324744,0.07402007154692625,0.5340090381783966
TAP,PPC,cluster,regression,cheap,linear,150,150,2,68,,,False,0.3053594184406338,0.37126126536531806,0.12920115469976245,0.5178532942828756
TAP,PPC,cluster,regression,cheap,linear,all,173,2,68,,,False,0.2756995238153053,0.3270145392165913,0.09916512692420587,0.52670860811862
TAP,PPC,cluster,regression,cheap,linear,25,25,3,63,,,False,0.1664786921211442,0.02927720893705319,-0.0438008289492009,0.47543522325385673
TAP,PPC,cluster,regression,cheap,linear,50,50,3,63,,,False,0.12422935331674227,0.05704349646010329,-0.20429698813210306,0.5106805709586603
TAP,PPC,cluster,regression,cheap,linear,100,100,3,63,,,False,0.30646203617851087,0.2658172175797508,0.05626784428072329,0.4520712741568292
TAP,PPC,cluster,regression,cheap,linear,150,150,3,63,,,False,0.40678878285430575,0.36072506119014086,0.09528353135670176,0.44262789789134305
TAP,PPC,cluster,regression,cheap,linear,all,178,3,63,,,False,0.38930629783179466,0.32796615639523785,0.04973749985646658,0.45363267674735847
TAP,PPC,cluster,regression,cheap,linear,25,25,4,57,,,False,0.4741991362630796,0.4167540961218766,0.06868392493900011,0.42989773580243607
TAP,PPC,cluster,regression,cheap,linear,50,50,4,57,,,False,0.549054953311713,0.4057704805886946,0.06191816992036592,0.4314564543885389
TAP,PPC,cluster,regression,cheap,linear,100,100,4,57,,,False,0.5539060953706703,0.4801067773590738,0.21907076755225263,0.3936610515096276
TAP,PPC,cluster,regression,cheap,linear,150,150,4,57,,,False,0.5552536348314917,0.4444165596454311,0.1905504332020349,0.4007850430400349
TAP,PPC,cluster,regression,cheap,linear,all,184,4,57,,,False,0.5910308075163022,0.43795155290563487,0.18605732615832382,0.40189584607742723
TAP,PPC,cluster,regression,cheap,linear,25,25,5,68,,,False,0.41443318986742134,0.46547550051811915,-0.04074973404863402,0.6597342429238642
TAP,PPC,cluster,regression,cheap,linear,50,50,5,68,,,False,0.471435186028152,0.4164942985489998,0.09530836687538002,0.615100611772284
TAP,PPC,cluster,regression,cheap,linear,100,100,5,68,,,False,0.38828926950562515,0.39002212745411435,0.07093205134218505,0.6233322700361956
TAP,PPC,cluster,regression,cheap,linear,150,150,5,68,,,False,0.38404652961220076,0.5154307269339533,0.14656285254794288,0.5974225940542528
TAP,PPC,cluster,regression,cheap,linear,all,173,5,68,,,False,0.2888598744106497,0.503712795062565,0.14986347976418857,0.5962662233112435
TAP,PPC,cluster,regression,cheap,linear,25,25,6,56,,,False,0.22703976385963434,0.2525141597106152,-0.26946201431188777,0.5164015886943618
TAP,PPC,cluster,regression,cheap,linear,50,50,6,56,,,False,0.4358208396266287,0.3994847424981496,-0.016752619222266896,0.4621525615670918
TAP,PPC,cluster,regression,cheap,linear,100,100,6,56,,,False,0.3924213425448922,0.5150102457098418,0.2221719383030406,0.404221601307181
TAP,PPC,cluster,regression,cheap,linear,150,150,6,56,,,False,0.48266139715659345,0.5181735235757584,0.2246422067060182,0.4035792164658731
TAP,PPC,cluster,regression,cheap,linear,all,185,6,56,,,False,0.42360156374924657,0.571460444400278,0.2788959563073877,0.38920344889656533
TAP,PPC,cluster,regression,cheap,linear,25,25,7,59,,,False,0.07654448049633833,0.06153500544164899,0.001297900765745541,0.4305406805971931
TAP,PPC,cluster,regression,cheap,linear,50,50,7,59,,,False,0.27279717642420814,0.2895699188053306,0.0799551004302278,0.41323844884133837
TAP,PPC,cluster,regression,cheap,linear,100,100,7,59,,,False,0.21771598170608392,0.29137932605957323,0.08242007264518147,0.4126845060502217
TAP,PPC,cluster,regression,cheap,linear,150,150,7,59,,,False,0.24341856287971883,0.3641491680266214,0.13221225204672094,0.4013312416422922
TAP,PPC,cluster,regression,cheap,linear,all,182,7,59,,,False,0.2368076336966501,0.38884270016052275,0.15061421387865825,0.3970532051888678
TAP,PPC,cluster,regression,cheap,linear,25,25,8,63,,,False,0.10433097476248417,0.18638084345480604,-0.3081083344280915,0.5919376732098405
TAP,PPC,cluster,regression,cheap,linear,50,50,8,63,,,False,0.12349231998771697,0.3223323456756692,0.07063887515939327,0.49893776315478167
TAP,PPC,cluster,regression,cheap,linear,100,100,8,63,,,False,0.22126618041457013,0.42723815640667756,0.15362673032605567,0.4761404676334071
TAP,PPC,cluster,regression,cheap,linear,150,150,8,63,,,False,0.2687688309349191,0.41017485596833214,0.1441255091756246,0.4788055390978839
TAP,PPC,cluster,regression,cheap,linear,all,178,8,63,,,False,0.22597758849276428,0.3698576793795583,0.13183697738194244,0.482230601801664
TAP,PPC,cluster,regression,cheap,linear,25,25,9,64,,,False,0.1918881665088732,0.114615564754842,0.00920832329963961,0.5938018985021457
TAP,PPC,cluster,regression,cheap,linear,50,50,9,64,,,False,0.3938498774471404,0.2020087791051169,0.00941030130684839,0.5937413706233199
TAP,PPC,cluster,regression,cheap,linear,100,100,9,64,,,False,0.626733396459858,0.5211022577672506,0.15491134966044662,0.5484051714892423
TAP,PPC,cluster,regression,cheap,linear,150,150,9,64,,,False,0.6460624480679992,0.5213641004938274,0.1979285533738132,0.534265259236484
TAP,PPC,cluster,regression,cheap,linear,all,177,9,64,,,False,0.5774641814780426,0.46819670687555626,0.17145653965896168,0.5430102829836952
TAP,PPC,cluster,regression,cheap,linear,25,25,10,62,,,False,0.2873648740396749,0.3117432605026215,-0.026546392707546884,0.6324591497288058
TAP,PPC,cluster,regression,cheap,linear,50,50,10,62,,,False,0.2906339219025314,0.19823893850055435,-0.07072126756671082,0.6459239736251141
TAP,PPC,cluster,regression,cheap,linear,100,100,10,62,,,False,0.4414771304314832,0.3166691213348445,-0.0037477655654403197,0.6253965555756549
TAP,PPC,cluster,regression,cheap,linear,150,150,10,62,,,False,0.4381302480957015,0.4029086868756485,0.06573006886282828,0.6033639733474581
TAP,PPC,cluster,regression,cheap,linear,all,179,10,62,,,False,0.43447202786821915,0.4352283098355936,0.140380711491482,0.5787570111322051
TAP,PPC,cluster,regression,cheap,linear,25,25,11,62,,,False,0.18231787621048812,0.18872409247953661,0.01726272794458905,0.49373502911344186
TAP,PPC,cluster,regression,cheap,linear,50,50,11,62,,,False,0.2512438799900211,0.17133482137810227,0.020129157235001638,0.4930144448354538
TAP,PPC,cluster,regression,cheap,linear,100,100,11,62,,,False,0.34069659993670154,0.2909373972522819,0.04161093330234389,0.48758030167362776
TAP,PPC,cluster,regression,cheap,linear,150,150,11,62,,,False,0.33251717242847273,0.3805908517197335,0.13707412549270048,0.4626600197842999
TAP,PPC,cluster,regression,cheap,linear,all,179,11,62,,,False,0.37680069715455217,0.3954617840220883,0.14924089972501553,0.4593868169399248
TAP,PPC,cluster,regression,cheap,linear,25,25,12,62,,,False,0.4575798108978662,0.3734666047086139,-0.30179782381550346,0.48947804828834957
TAP,PPC,cluster,regression,cheap,linear,50,50,12,62,,,False,0.48489457624574533,0.419046957896999,0.13264487094194666,0.3995396865795386
TAP,PPC,cluster,regression,cheap,linear,100,100,12,62,,,False,0.3719305186190161,0.35002294624922237,-0.029405887820484367,0.4352660287443507
TAP,PPC,cluster,regression,cheap,linear,150,150,12,62,,,False,0.3347527977760188,0.4094799522689151,0.09291961590182762,0.4085868044540776
TAP,PPC,cluster,regression,cheap,linear,all,179,12,62,,,False,0.34111517062131524,0.38632931332469933,0.053985074192378746,0.4172635449425231
TAP,PPC,cluster,regression,cheap,linear,25,25,13,61,,,False,-0.0014624680487863447,-0.04352334379242349,-1.5949979257543392,0.7550771549795096
TAP,PPC,cluster,regression,cheap,linear,50,50,13,61,,,False,0.0716338516488867,0.04443812224383347,-0.1682965890278103,0.5066398863938464
TAP,PPC,cluster,regression,cheap,linear,100,100,13,61,,,False,0.139963608817182,0.20327841032715646,-0.018814941924538253,0.47311909464338187
TAP,PPC,cluster,regression,cheap,linear,150,150,13,61,,,False,0.24117181434152593,0.39501406719949717,0.13680544319058918,0.4354889801042788
TAP,PPC,cluster,regression,cheap,linear,all,180,13,61,,,False,0.2982622337274818,0.4051569346367727,0.14411061324923036,0.433642304575445
TAP,PPC,cluster,regression,cheap,linear,25,25,14,59,,,False,0.4146758786221829,0.20242425172130143,-0.38518565776087477,0.6173884884525432
TAP,PPC,cluster,regression,cheap,linear,50,50,14,59,,,False,0.45975191564216916,0.3143525402854559,-0.08608334154994557,0.5466836818851648
TAP,PPC,cluster,regression,cheap,linear,100,100,14,59,,,False,0.31452662576806656,0.25861403835541236,-0.035214596880432936,0.5337276816905541
TAP,PPC,cluster,regression,cheap,linear,150,150,14,59,,,False,0.21798582207171813,0.18514887755687162,-0.06425953503041804,0.5411632662920409
TAP,PPC,cluster,regression,cheap,linear,all,182,14,59,,,False,0.25253228613952905,0.18556404003703414,-0.05008855982462235,0.5375483065173415
TAP,PPC,cluster,regression,cheap,linear,25,25,15,58,,,False,0.24509431032493,0.18907651097902745,0.005089261837850523,0.42682017409852174
TAP,PPC,cluster,regression,cheap,linear,50,50,15,58,,,False,0.1928462495229922,0.12532966863606712,-0.024016784695473747,0.43301846593526555
TAP,PPC,cluster,regression,cheap,linear,100,100,15,58,,,False,0.25961633559265335,0.20399207807386582,-0.02833868268774231,0.4339312884497603
TAP,PPC,cluster,regression,cheap,linear,150,150,15,58,,,False,0.36395630638719856,0.2762401530672623,0.0321598945342475,0.42097343076738813
TAP,PPC,cluster,regression,cheap,linear,all,183,15,58,,,False,0.396841666832172,0.32960923113512675,0.08339014373827747,0.4096803566668933
TAP,PPC,cluster,regression,cheap,linear,25,25,16,55,,,False,0.07640726436669702,0.1454338146277804,-0.42418172991993486,0.5416894889354512
TAP,PPC,cluster,regression,cheap,linear,50,50,16,55,,,False,-0.09048034777464219,0.14458626217753243,-0.3380097141529086,0.5250459788311315
TAP,PPC,cluster,regression,cheap,linear,100,100,16,55,,,False,-0.01702032600646771,0.16995546345551588,-0.16559171361665914,0.49005060433275227
TAP,PPC,cluster,regression,cheap,linear,150,150,16,55,,,False,0.10669018206651619,0.2702391877608473,0.001676501671738384,0.4535272120404374
TAP,PPC,cluster,regression,cheap,linear,all,186,16,55,,,False,0.21367508839288465,0.31192030453697145,0.030396841960601995,0.44695594076382705
TAP,PPC,cluster,regression,cheap,linear,25,25,17,58,,,False,0.20724458707020052,0.1448196327103171,-0.024900005296214278,0.5106731333695866
TAP,PPC,cluster,regression,cheap,linear,50,50,17,58,,,False,0.5319897300084535,0.4084469770760537,0.09677862481816268,0.4794014749298437
TAP,PPC,cluster,regression,cheap,linear,100,100,17,58,,,False,0.6853631157460562,0.5057591314524305,0.2411896637800397,0.4394089327581431
TAP,PPC,cluster,regression,cheap,linear,150,150,17,58,,,False,0.5999560415229557,0.46224450571087844,0.1915378171014509,0.45355725414003384
TAP,PPC,cluster,regression,cheap,linear,all,183,17,58,,,False,0.6585359390042336,0.4609978407400054,0.1801710517381674,0.45673457282443636
TAP,PPC,cluster,regression,cheap,linear,25,25,18,56,,,False,0.15433339686484657,0.15401107346930337,-2.6216524444307483,0.24183102961344663
TAP,PPC,cluster,regression,cheap,linear,50,50,18,56,,,False,0.14181606629892915,0.1570189860452248,-6.141855233242512,0.3395972471050186
TAP,PPC,cluster,regression,cheap,linear,100,100,18,56,,,False,0.3332430737422127,0.4089861199300176,-2.279874538574939,0.23013742814074264
TAP,PPC,cluster,regression,cheap,linear,150,150,18,56,,,False,0.3582424747879463,0.4134300143583042,-3.417673791114651,0.2670886675562081
TAP,PPC,cluster,regression,cheap,linear,all,185,18,56,,,False,0.391669036411861,0.42181150545727436,-4.016194021415158,0.28460714765129896
TAP,PPC,cluster,regression,cheap,linear,25,25,19,64,,,False,0.023513974818509358,-0.09180970447408661,-0.07556696321544365,0.5634580037333684
TAP,PPC,cluster,regression,cheap,linear,50,50,19,64,,,False,0.08144321886291277,0.09409564455319461,-0.0012927461028959808,0.5436549669395393
TAP,PPC,cluster,regression,cheap,linear,100,100,19,64,,,False,0.1574475123440766,0.1906701897499579,0.028087910310257924,0.5356194231334889
TAP,PPC,cluster,regression,cheap,linear,150,150,19,64,,,False,0.34171455329470823,0.41503769750911346,0.15138743929664367,0.5004924760362041
TAP,PPC,cluster,regression,cheap,linear,all,177,19,64,,,False,0.33245431395940295,0.36935381611734003,0.13052415794819971,0.5066074652386877
TAP,PPC,cluster,regression,cheap,mlp,25,25,0,63,,,False,-0.008148615900322988,0.09744652801229918,-5.056209849837997,1.1977424294029524
TAP,PPC,cluster,regression,cheap,mlp,50,50,0,63,,,False,0.24361892264420182,0.2993696967654529,-3.350347598581788,1.0151376990149854
TAP,PPC,cluster,regression,cheap,mlp,100,100,0,63,,,False,0.32841391355847194,0.24345553748858806,-1.1378622888282321,0.7116276927238531
TAP,PPC,cluster,regression,cheap,mlp,150,150,0,63,,,False,0.34350119936179724,0.2069561321251573,-0.9982576598795494,0.6880004465027955
TAP,PPC,cluster,regression,cheap,mlp,all,178,0,63,,,False,0.3113018201677937,0.21709981634892714,-0.6967262357688633,0.6339702296195661
TAP,PPC,cluster,regression,cheap,mlp,25,25,1,60,,,False,0.20925236930701338,0.0698987838251096,-3.7340097336214075,1.014864231173041
TAP,PPC,cluster,regression,cheap,mlp,50,50,1,60,,,False,0.18241421933481908,0.20207428993348037,-3.2998958413652835,0.9672134799329178
TAP,PPC,cluster,regression,cheap,mlp,100,100,1,60,,,False,0.22174843913533665,0.4031287131724286,-0.4650302544215159,0.5645685343569984
TAP,PPC,cluster,regression,cheap,mlp,150,150,1,60,,,False,0.26585388559757767,0.448168228606398,-0.2758846896883249,0.5268646806800728
TAP,PPC,cluster,regression,cheap,mlp,all,181,1,60,,,False,0.32288140426865297,0.4526410744166929,-0.3227247438682166,0.5364485944696427
TAP,PPC,cluster,regression,cheap,mlp,25,25,2,68,,,False,0.22912759655924314,0.30586972162982135,-0.7550272853614306,0.7351733533520264
TAP,PPC,cluster,regression,cheap,mlp,50,50,2,68,,,False,0.2945365032495371,0.3331599086686814,-0.4763086519791322,0.6742739844029796
TAP,PPC,cluster,regression,cheap,mlp,100,100,2,68,,,False,0.16650789850258926,0.3231200097233627,-0.4249063334086407,0.6624315055112254
TAP,PPC,cluster,regression,cheap,mlp,150,150,2,68,,,False,0.1381640389367952,0.2600873779370577,-0.4197764689271548,0.661238006761373
TAP,PPC,cluster,regression,cheap,mlp,all,173,2,68,,,False,0.180257518527576,0.30394529772911694,-0.2756132309785895,0.6267687410381152
TAP,PPC,cluster,regression,cheap,mlp,25,25,3,63,,,False,0.00012346387727762102,-0.07077288879201717,-2.8584750012027267,0.9140929945048537
TAP,PPC,cluster,regression,cheap,mlp,50,50,3,63,,,False,0.006494199944802867,-0.06434663317110344,-1.7565638131003731,0.772621093033977
TAP,PPC,cluster,regression,cheap,mlp,100,100,3,63,,,False,0.0725226815128746,0.05372219732466257,-0.8862265463109469,0.6391156636709414
TAP,PPC,cluster,regression,cheap,mlp,150,150,3,63,,,False,0.10916676028887251,0.042427001339911015,-1.0373243996802883,0.6642210401799706
TAP,PPC,cluster,regression,cheap,mlp,all,178,3,63,,,False,0.13151372207612194,0.08728130794026355,-0.8744049780143348,0.6371097475058373
TAP,PPC,cluster,regression,cheap,mlp,25,25,4,57,,,False,0.11285642984379915,0.11916826876057178,-3.5973832872116907,0.9551508456462771
TAP,PPC,cluster,regression,cheap,mlp,50,50,4,57,,,False,0.15830219816000363,0.15349884431960792,-2.0690865523042716,0.7804070361012382
TAP,PPC,cluster,regression,cheap,mlp,100,100,4,57,,,False,0.11457454265634652,0.2513006054249621,-0.9069386997897886,0.6151555893842449
TAP,PPC,cluster,regression,cheap,mlp,150,150,4,57,,,False,0.2032763276649206,0.1850468108801223,-0.8256142951916017,0.601895535570852
TAP,PPC,cluster,regression,cheap,mlp,all,184,4,57,,,False,0.3021183471161763,0.19359013703207872,-1.1652213719756643,0.6554925510223585
TAP,PPC,cluster,regression,cheap,mlp,25,25,5,68,,,False,0.11826637452920725,0.1448274006585084,-0.9326615882086162,0.8990291626946407
TAP,PPC,cluster,regression,cheap,mlp,50,50,5,68,,,False,0.20793353940644216,0.22394916480698493,-0.7732265459228058,0.8611483705665813
TAP,PPC,cluster,regression,cheap,mlp,100,100,5,68,,,False,0.2534644240034696,0.14214141355970178,-0.5026980307015259,0.7927417493140638
TAP,PPC,cluster,regression,cheap,mlp,150,150,5,68,,,False,0.33604071341067565,0.2839900186917285,-0.18591540150436092,0.7042433045194589
TAP,PPC,cluster,regression,cheap,mlp,all,173,5,68,,,False,0.25183411191479266,0.3159521834848528,-0.11931897321793139,0.68418382826291
TAP,PPC,cluster,regression,cheap,mlp,25,25,6,56,,,False,-0.05189680961715736,0.050133365732672575,-6.547383056982885,1.2591454802332134
TAP,PPC,cluster,regression,cheap,mlp,50,50,6,56,,,False,0.03237405850271927,0.07689600737184774,-7.077789865064586,1.3026387413930154
TAP,PPC,cluster,regression,cheap,mlp,100,100,6,56,,,False,0.1802694320531028,0.16615709147753444,-4.653061084013591,1.0897316225793114
TAP,PPC,cluster,regression,cheap,mlp,150,150,6,56,,,False,0.20091579474247254,0.2800389615677782,-1.8802429186991256,0.7778435832489278
TAP,PPC,cluster,regression,cheap,mlp,all,185,6,56,,,False,0.15955284364029976,0.34504999719803364,-1.8499743949433722,0.7737456023904384
TAP,PPC,cluster,regression,cheap,mlp,25,25,7,59,,,False,0.17194344960447802,0.015741438696688283,-1.5367692589053066,0.686177849875149
TAP,PPC,cluster,regression,cheap,mlp,50,50,7,59,,,False,0.2537944607006787,0.18351282062418722,-0.8525203436433499,0.5863780495833091
TAP,PPC,cluster,regression,cheap,mlp,100,100,7,59,,,False,0.12243559428732662,0.16497021958301178,-0.8248647877961433,0.5819846862812357
TAP,PPC,cluster,regression,cheap,mlp,150,150,7,59,,,False,0.27398299331803205,0.30769207790673925,-0.40472625633037396,0.5106132282172654
TAP,PPC,cluster,regression,cheap,mlp,all,182,7,59,,,False,0.22972237775605178,0.22066582863011247,-0.6471372393557724,0.5529184790017629
TAP,PPC,cluster,regression,cheap,mlp,25,25,8,63,,,False,-0.13449370070638672,0.0074710673955397,-2.458956329590051,0.9625574598407735
TAP,PPC,cluster,regression,cheap,mlp,50,50,8,63,,,False,-0.19564486328830832,-1.832756729418269e-05,-2.302081248679972,0.9404766169794818
TAP,PPC,cluster,regression,cheap,mlp,100,100,8,63,,,False,-0.012944229410708582,0.13626211047249634,-1.0555166302188161,0.7420183100757033
TAP,PPC,cluster,regression,cheap,mlp,150,150,8,63,,,False,-0.05248120029369839,0.06667290375465025,-0.8895302175963042,0.7114281499929601
TAP,PPC,cluster,regression,cheap,mlp,all,178,8,63,,,False,-0.0030599866899611284,0.14873977342957315,-0.7156448380775451,0.6779034102063548
TAP,PPC,cluster,regression,cheap,mlp,25,25,9,64,,,False,-0.0511857593976166,-0.1345383672472665,-1.8749471889201574,1.0114987320077633
TAP,PPC,cluster,regression,cheap,mlp,50,50,9,64,,,False,0.005913240697532878,-0.056601632389990136,-1.092997530578268,0.8630476313635129
TAP,PPC,cluster,regression,cheap,mlp,100,100,9,64,,,False,0.13714978819416176,0.10807108027205692,-0.6568305716902012,0.76787310537241
TAP,PPC,cluster,regression,cheap,mlp,150,150,9,64,,,False,0.1820950919939867,0.05672788188192693,-0.7687994364913533,0.7933954446556402
TAP,PPC,cluster,regression,cheap,mlp,all,177,9,64,,,False,0.13967401742472912,0.0177270378745973,-0.8545741903585922,0.8124048599428306
TAP,PPC,cluster,regression,cheap,mlp,25,25,10,62,,,False,0.19694716132495232,0.1531528145137461,-1.7052871824672007,1.0267149283487245
TAP,PPC,cluster,regression,cheap,mlp,50,50,10,62,,,False,-0.023713569417864105,0.00997191376300132,-1.3362813821277983,0.9541260718989358
TAP,PPC,cluster,regression,cheap,mlp,100,100,10,62,,,False,0.009755253939952848,0.044298969192789646,-1.00155533648991,0.8831347826149701
TAP,PPC,cluster,regression,cheap,mlp,150,150,10,62,,,False,0.24696878259151908,0.2720163412712231,-0.4904345654467077,0.7620783892354351
TAP,PPC,cluster,regression,cheap,mlp,all,179,10,62,,,False,0.22919657794027518,0.27535447666006313,-0.44376008948231505,0.7500508462140353
TAP,PPC,cluster,regression,cheap,mlp,25,25,11,62,,,False,0.15256976724743948,-0.011097477701584518,-3.717004612912196,1.0817038535780579
TAP,PPC,cluster,regression,cheap,mlp,50,50,11,62,,,False,0.20925267889682111,-0.047346831320953235,-1.5092691750270575,0.788948858595545
TAP,PPC,cluster,regression,cheap,mlp,100,100,11,62,,,False,0.16517754722827618,0.0025746015754192163,-0.8509187295850484,0.6775929854519338
TAP,PPC,cluster,regression,cheap,mlp,150,150,11,62,,,False,0.16168696351457346,0.09005354285042391,-0.9538661765158287,0.6961817492322411
TAP,PPC,cluster,regression,cheap,mlp,all,179,11,62,,,False,0.24629454487357696,0.16067173985414815,-0.9904754616036455,0.7026736054309481
TAP,PPC,cluster,regression,cheap,mlp,25,25,12,62,,,False,0.47763789396436296,0.4043926373990965,-3.790113306615461,0.938932436055369
TAP,PPC,cluster,regression,cheap,mlp,50,50,12,62,,,False,0.38171681901961263,0.3218428638478865,-2.9034374862985466,0.8475885150912668
TAP,PPC,cluster,regression,cheap,mlp,100,100,12,62,,,False,0.34016975778888164,0.40205433965981296,-1.852810542274721,0.7245993071798355
TAP,PPC,cluster,regression,cheap,mlp,150,150,12,62,,,False,0.41209778814835746,0.3984513599220823,-1.6750932151415467,0.701666769366408
TAP,PPC,cluster,regression,cheap,mlp,all,179,12,62,,,False,0.38715933073064934,0.3646025848125558,-1.6214446321775071,0.6945952255539819
TAP,PPC,cluster,regression,cheap,mlp,25,25,13,61,,,False,0.06188406465697774,0.025382822544643708,-5.75376293517151,1.2181358631178565
TAP,PPC,cluster,regression,cheap,mlp,50,50,13,61,,,False,0.06283196061452444,0.02127994544958606,-2.7770705611192223,0.910962233291479
TAP,PPC,cluster,regression,cheap,mlp,100,100,13,61,,,False,0.02689316245268223,-0.06667423601747463,-2.6781436965238736,0.898953379289614
TAP,PPC,cluster,regression,cheap,mlp,150,150,13,61,,,False,0.10551436144577037,0.04216329020841987,-1.3042769032416706,0.7115249879860275
TAP,PPC,cluster,regression,cheap,mlp,all,180,13,61,,,False,0.12734305121098874,0.1296971810929528,-1.138172726921142,0.6854001831013927
TAP,PPC,cluster,regression,cheap,mlp,25,25,14,59,,,False,0.09778305668508822,0.19281444849817872,-1.8890208513987683,0.8916201458198608
TAP,PPC,cluster,regression,cheap,mlp,50,50,14,59,,,False,0.1617886630572996,0.16059916444821626,-1.6332251445559587,0.8512331558412909
TAP,PPC,cluster,regression,cheap,mlp,100,100,14,59,,,False,0.18610132869406382,0.11590514980834966,-1.6440100328315301,0.8529745704741302
TAP,PPC,cluster,regression,cheap,mlp,150,150,14,59,,,False,0.16208443757842814,0.11679768101959143,-0.5922592539780394,0.6619290255124314
TAP,PPC,cluster,regression,cheap,mlp,all,182,14,59,,,False,0.13676613856982694,0.03624633382810214,-0.8256093977999783,0.7087751226632433
TAP,PPC,cluster,regression,cheap,mlp,25,25,15,58,,,False,-0.12189132176327751,-0.2674449288679667,-4.197787542153154,0.9755783219720288
TAP,PPC,cluster,regression,cheap,mlp,50,50,15,58,,,False,-0.2543072080754211,-0.2022173143926729,-2.7593924866525574,0.8296820876801445
TAP,PPC,cluster,regression,cheap,mlp,100,100,15,58,,,False,-0.007276627714794686,0.00568120775400293,-1.7512861686820633,0.7097751038546976
TAP,PPC,cluster,regression,cheap,mlp,150,150,15,58,,,False,-0.006339722858812537,-0.08143455140831989,-1.782000833568182,0.7137259829280577
TAP,PPC,cluster,regression,cheap,mlp,all,183,15,58,,,False,-0.03182353494152697,-0.040158947009079224,-1.5820074685585572,0.6875932847088984
TAP,PPC,cluster,regression,cheap,mlp,25,25,16,55,,,False,-0.03514586798738137,-0.07280221140302108,-3.437864964813442,0.9562132232422229
TAP,PPC,cluster,regression,cheap,mlp,50,50,16,55,,,False,-0.04796637329095445,-0.05726885282723863,-3.0888869273624113,0.9178469178859971
TAP,PPC,cluster,regression,cheap,mlp,100,100,16,55,,,False,-0.046861157316508494,-0.0106907624406894,-1.7487861493158632,0.7525548870263272
TAP,PPC,cluster,regression,cheap,mlp,150,150,16,55,,,False,0.015767747902095626,-0.0068643810965099755,-1.2949030242738404,0.6876221732110867
TAP,PPC,cluster,regression,cheap,mlp,all,186,16,55,,,False,0.18191854939380422,0.09650710402749006,-1.0074164274648747,0.6431117439550621
TAP,PPC,cluster,regression,cheap,mlp,25,25,17,58,,,False,0.207523391447425,0.10925322121086853,-2.4372046398128364,0.9352009883274388
TAP,PPC,cluster,regression,cheap,mlp,50,50,17,58,,,False,0.36371579922140873,0.30942741745588753,-1.0651532594022028,0.7249005111517592
TAP,PPC,cluster,regression,cheap,mlp,100,100,17,58,,,False,0.3597505814119938,0.3114898785569952,-1.052871097551439,0.7227416828243379
TAP,PPC,cluster,regression,cheap,mlp,150,150,17,58,,,False,0.3026886188733825,0.28729240528873656,-0.86615622693785,0.689090498304048
TAP,PPC,cluster,regression,cheap,mlp,all,183,17,58,,,False,0.29128861767131475,0.2566932703541095,-0.8509940358732417,0.6862854194508269
TAP,PPC,cluster,regression,cheap,mlp,25,25,18,56,,,False,-0.003667048954522285,-0.1005861474672352,-43.67775409190395,0.849384450901236
TAP,PPC,cluster,regression,cheap,mlp,50,50,18,56,,,False,-0.165651884503324,-0.25094707895708374,-31.825348753468603,0.7280535337794499
TAP,PPC,cluster,regression,cheap,mlp,100,100,18,56,,,False,-0.019005186408533763,-0.006550525976996721,-21.579711801207264,0.6038343806525804
TAP,PPC,cluster,regression,cheap,mlp,150,150,18,56,,,False,0.016572240467552637,0.039396271642543536,-20.38348852040988,0.5876218262782928
TAP,PPC,cluster,regression,cheap,mlp,all,185,18,56,,,False,0.1471403393002067,0.12427430774571907,-18.8876457271188,0.5666962348311351
TAP,PPC,cluster,regression,cheap,mlp,25,25,19,64,,,False,-0.07731713753882738,0.07972051122930292,-3.044410050026218,1.0926231947096159
TAP,PPC,cluster,regression,cheap,mlp,50,50,19,64,,,False,0.006962762234394097,0.14207590275103826,-2.079347452381325,0.9533934687693052
TAP,PPC,cluster,regression,cheap,mlp,100,100,19,64,,,False,0.12343078506425899,0.2697846272212793,-1.7588079332812674,0.9024092915427212
TAP,PPC,cluster,regression,cheap,mlp,150,150,19,64,,,False,0.27785406734693213,0.3551400179293271,-0.5619327271108105,0.6790065873786235
TAP,PPC,cluster,regression,cheap,mlp,all,177,19,64,,,False,0.22334759531000858,0.29407577722449946,-0.758761785940286,0.7205204898712864
TAP,PPC,cluster,regression,esm2_mean,linear,25,25,0,63,,,False,-0.15941655834086427,-0.10225456203914346,-0.006283168365551095,0.48822844791803416
TAP,PPC,cluster,regression,esm2_mean,linear,50,50,0,63,,,False,0.032866084131302715,0.13797351766460628,0.014256086649268918,0.48322014234760075
TAP,PPC,cluster,regression,esm2_mean,linear,100,100,0,63,,,False,0.18872688280657152,0.24546250967670116,0.03194513541970967,0.4788648532157976
TAP,PPC,cluster,regression,esm2_mean,linear,150,150,0,63,,,False,0.33068564890038016,0.3148543572174347,0.07099269383769513,0.4691076784572126
TAP,PPC,cluster,regression,esm2_mean,linear,all,178,0,63,,,False,0.3481681339228913,0.3627448877022947,0.12322285946064859,0.4557299659706849
TAP,PPC,cluster,regression,esm2_mean,linear,25,25,1,60,,,False,-0.1322027387519201,-0.011287665965683508,-0.004654262158852562,0.46752160839381024
TAP,PPC,cluster,regression,esm2_mean,linear,50,50,1,60,,,False,-0.004828026979124902,0.13070948071055644,0.006367332598987252,0.464950055027742
TAP,PPC,cluster,regression,esm2_mean,linear,100,100,1,60,,,False,0.2640646755994314,0.3421181376364435,0.07188475547685247,0.4493599120671058
TAP,PPC,cluster,regression,esm2_mean,linear,150,150,1,60,,,False,0.27866235717160903,0.21760468181425388,0.023186008491031473,0.460998283842355
TAP,PPC,cluster,regression,esm2_mean,linear,all,181,1,60,,,False,0.24801858593351628,0.2679240551016357,0.05441508204484924,0.4535692891633131
TAP,PPC,cluster,regression,esm2_mean,linear,25,25,2,68,,,False,0.07631039113867634,0.053263700420381296,-0.0027530172031118294,0.5557056466678664
TAP,PPC,cluster,regression,esm2_mean,linear,50,50,2,68,,,False,0.06240363259911834,-0.03947835381232163,-0.0028255882023244805,0.5557257550014876
TAP,PPC,cluster,regression,esm2_mean,linear,100,100,2,68,,,False,-0.03158484142882665,-0.061369530067268745,-0.06448977260659516,0.5725567877597432
TAP,PPC,cluster,regression,esm2_mean,linear,150,150,2,68,,,False,0.027793874764794595,-0.004325407896110564,-0.03874000465579841,0.5655893849470898
TAP,PPC,cluster,regression,esm2_mean,linear,all,173,2,68,,,False,0.04690584659952615,0.037710895306666055,-0.05456378166011344,0.5698810908146711
TAP,PPC,cluster,regression,esm2_mean,linear,25,25,3,63,,,False,0.23569254172297852,0.05849259985725807,-0.03876408296203193,0.4742867559634881
TAP,PPC,cluster,regression,esm2_mean,linear,50,50,3,63,,,False,0.273867572577219,0.12192416245661701,-0.029230470840008405,0.47210527476500197
TAP,PPC,cluster,regression,esm2_mean,linear,100,100,3,63,,,False,0.3289571546184935,0.16109869395841891,0.00717699232305169,0.4636800937864684
TAP,PPC,cluster,regression,esm2_mean,linear,150,150,3,63,,,False,0.3351550412578301,0.226945526810446,-0.002814285714862308,0.46600737646512996
TAP,PPC,cluster,regression,esm2_mean,linear,all,178,3,63,,,False,0.3550574182749826,0.23830378787067544,0.005141306549709457,0.46415521554097516
TAP,PPC,cluster,regression,esm2_mean,linear,25,25,4,57,,,False,0.051004368592093105,0.0794766435349236,-0.0047028624032732225,0.4465143574287878
TAP,PPC,cluster,regression,esm2_mean,linear,50,50,4,57,,,False,0.4419592546629257,0.32388359671312744,-0.23342851456197145,0.4947360989827723
TAP,PPC,cluster,regression,esm2_mean,linear,100,100,4,57,,,False,0.3648463090174163,0.3615550009175431,0.12256332037377415,0.4172770513603488
TAP,PPC,cluster,regression,esm2_mean,linear,150,150,4,57,,,False,0.3865416943366422,0.3533092092895171,0.10952902916217488,0.42036494400799734
TAP,PPC,cluster,regression,esm2_mean,linear,all,184,4,57,,,False,0.4204323117763024,0.3523275186206546,0.0788161095421046,0.42755282015923146
TAP,PPC,cluster,regression,esm2_mean,linear,25,25,5,68,,,False,0.11270759957624835,0.11280818784038486,-0.039232443626048275,0.6592531601429871
TAP,PPC,cluster,regression,esm2_mean,linear,50,50,5,68,,,False,0.22588661469621055,0.05770044639406478,-0.011116262185301151,0.650274044679534
TAP,PPC,cluster,regression,esm2_mean,linear,100,100,5,68,,,False,0.1547028675954221,0.14999298041458373,-0.009776883896047694,0.6498432081910782
TAP,PPC,cluster,regression,esm2_mean,linear,150,150,5,68,,,False,0.35222598041151715,0.43804917834122703,0.08789054888354442,0.6176171542301384
TAP,PPC,cluster,regression,esm2_mean,linear,all,173,5,68,,,False,0.2540536934331119,0.37666386172016797,0.07004398710207627,0.6236301098662435
TAP,PPC,cluster,regression,esm2_mean,linear,25,25,6,56,,,False,-0.03757076203677833,0.16797482338324654,-0.244588766659682,0.5113174955099686
TAP,PPC,cluster,regression,esm2_mean,linear,50,50,6,56,,,False,0.011587244366483038,0.17550290614297887,-0.003858226062719794,0.45921271614473147
TAP,PPC,cluster,regression,esm2_mean,linear,100,100,6,56,,,False,-0.056882835980916736,0.16403003235253136,0.00894006857193752,0.45627605042572833
TAP,PPC,cluster,regression,esm2_mean,linear,150,150,6,56,,,False,0.3315356403282813,0.34768865500944046,0.10536202809049122,0.43351225420187667
TAP,PPC,cluster,regression,esm2_mean,linear,all,185,6,56,,,False,0.28462485707488333,0.38098612238123925,0.11639169283397754,0.430831659450678
TAP,PPC,cluster,regression,esm2_mean,linear,25,25,7,59,,,False,0.05567410316503617,0.0742535796382026,-0.00017091696430604486,0.4308571680862224
TAP,PPC,cluster,regression,esm2_mean,linear,50,50,7,59,,,False,0.1504208729815727,0.2274777231153531,0.02593942103918412,0.4251960245570905
TAP,PPC,cluster,regression,esm2_mean,linear,100,100,7,59,,,False,0.13663575159086883,0.169476265117093,8.691563889584586e-05,0.4308016294859372
TAP,PPC,cluster,regression,esm2_mean,linear,150,150,7,59,,,False,0.15531236766859663,0.2135403599799016,0.014976024384063313,0.4275821949389364
TAP,PPC,cluster,regression,esm2_mean,linear,all,182,7,59,,,False,0.16717053660683648,0.22987143103627902,0.02668979849838593,0.4250322159652836
TAP,PPC,cluster,regression,esm2_mean,linear,25,25,8,63,,,False,0.15472361271224083,0.11728771443405621,-0.1621688978261524,0.5579416070121466
TAP,PPC,cluster,regression,esm2_mean,linear,50,50,8,63,,,False,0.18347777335441526,0.18710706469540436,0.026638016216484317,0.5106123500492439
TAP,PPC,cluster,regression,esm2_mean,linear,100,100,8,63,,,False,0.3231443087033553,0.2533664508961222,0.0406912099538943,0.5069128921348398
TAP,PPC,cluster,regression,esm2_mean,linear,150,150,8,63,,,False,0.3606412884597044,0.2983246610324581,0.0682131171353847,0.4995884862784662
TAP,PPC,cluster,regression,esm2_mean,linear,all,178,8,63,,,False,0.3274428614344912,0.3305444533531044,0.096347398604122,0.4919884148123507
TAP,PPC,cluster,regression,esm2_mean,linear,25,25,9,64,,,False,-0.043566326720163175,0.011420650751154858,-0.0018086510331425387,0.597094121979465
TAP,PPC,cluster,regression,esm2_mean,linear,50,50,9,64,,,False,0.07196390556404636,0.021147291327199252,-0.0239809138757634,0.6036654745083542
TAP,PPC,cluster,regression,esm2_mean,linear,100,100,9,64,,,False,0.4828055853317653,0.4452364123551179,-0.007572431958241976,0.598809311705385
TAP,PPC,cluster,regression,esm2_mean,linear,150,150,9,64,,,False,0.561220298929484,0.4543559343620279,0.06421923473380997,0.5770819147011831
TAP,PPC,cluster,regression,esm2_mean,linear,all,177,9,64,,,False,0.5883557631580835,0.4431747801484681,0.10058821431151521,0.5657566847262714
TAP,PPC,cluster,regression,esm2_mean,linear,25,25,10,62,,,False,0.00018161377015869665,0.17519413881085055,-0.05323431774249077,0.6406276657854347
TAP,PPC,cluster,regression,esm2_mean,linear,50,50,10,62,,,False,0.02853930673922376,0.16319943250354363,-0.07782044874025096,0.6480617641534303
TAP,PPC,cluster,regression,esm2_mean,linear,100,100,10,62,,,False,0.29377324564384605,0.2676764999342767,-0.02817843877853865,0.6329617049683561
TAP,PPC,cluster,regression,esm2_mean,linear,150,150,10,62,,,False,0.22483784745646648,0.3291401429184727,0.059021198413563236,0.6055264371746261
TAP,PPC,cluster,regression,esm2_mean,linear,all,179,10,62,,,False,0.1836374664547507,0.27839863204594767,0.060405002655100626,0.6050810295083714
TAP,PPC,cluster,regression,esm2_mean,linear,25,25,11,62,,,False,0.1427752935433184,0.1320946146750881,0.005587815251343664,0.4966591546473482
TAP,PPC,cluster,regression,esm2_mean,linear,50,50,11,62,,,False,0.37924931558058245,0.2521126204173674,0.0242829999136972,0.4919683480843165
TAP,PPC,cluster,regression,esm2_mean,linear,100,100,11,62,,,False,0.4435906720943566,0.307802482010993,0.06778566281971643,0.48087601433440086
TAP,PPC,cluster,regression,esm2_mean,linear,150,150,11,62,,,False,0.47708985609302607,0.3479255603046714,0.11546773836672508,0.46841637110036516
TAP,PPC,cluster,regression,esm2_mean,linear,all,179,11,62,,,False,0.49047911003961714,0.4364685197751459,0.17255705538603971,0.453048039093717
TAP,PPC,cluster,regression,esm2_mean,linear,25,25,12,62,,,False,0.1855819838368998,0.2620880439231765,-0.2878899903901453,0.4868563434782229
TAP,PPC,cluster,regression,esm2_mean,linear,50,50,12,62,,,False,0.32969356153759033,0.3200633114997137,0.04925230742761888,0.41830599534375107
TAP,PPC,cluster,regression,esm2_mean,linear,100,100,12,62,,,False,0.22792114771102112,0.28081968453789957,-0.029460045971034132,0.43527747850063636
TAP,PPC,cluster,regression,esm2_mean,linear,150,150,12,62,,,False,0.2107759582363468,0.2702378654663854,0.010697126658080092,0.42670338128638624
TAP,PPC,cluster,regression,esm2_mean,linear,all,179,12,62,,,False,0.3550663978242545,0.336124895881682,0.06717964754172545,0.4143434287851139
TAP,PPC,cluster,regression,esm2_mean,linear,25,25,13,61,,,False,0.03807833475173335,-0.05549339010354885,-0.01021246401939524,0.4711174434004757
TAP,PPC,cluster,regression,esm2_mean,linear,50,50,13,61,,,False,-0.027326486318989294,-0.05415354062462243,-0.10337684218541732,0.4923622590212351
TAP,PPC,cluster,regression,esm2_mean,linear,100,100,13,61,,,False,0.08119405944928633,0.17069112133291597,0.007960549986224419,0.4668606761937249
TAP,PPC,cluster,regression,esm2_mean,linear,150,150,13,61,,,False,0.11028092397514806,0.2261038814114592,0.045691675096262485,0.45789634768087717
TAP,PPC,cluster,regression,esm2_mean,linear,all,180,13,61,,,False,0.12189942014050625,0.2858945041896052,0.07093255118828368,0.4518002276201708
TAP,PPC,cluster,regression,esm2_mean,linear,25,25,14,59,,,False,0.1274788186063915,-0.007791590083973942,-0.561032545085451,0.6554061514366618
TAP,PPC,cluster,regression,esm2_mean,linear,50,50,14,59,,,False,0.12830698726555131,-0.0050181653202699,-0.1862154371913225,0.5713290675319089
TAP,PPC,cluster,regression,esm2_mean,linear,100,100,14,59,,,False,0.17941682451655933,0.06593100598451981,-0.15755339671211188,0.5643844653382022
TAP,PPC,cluster,regression,esm2_mean,linear,150,150,14,59,,,False,0.19408724076453382,0.061089580583893195,-0.184877647342798,0.5710068099469825
TAP,PPC,cluster,regression,esm2_mean,linear,all,182,14,59,,,False,0.17515767141230865,0.07105242942708416,-0.13570756376235948,0.5590334483152084
TAP,PPC,cluster,regression,esm2_mean,linear,25,25,15,58,,,False,-0.014272183972794724,0.07504686329509651,-0.028383307735260876,0.43394070363301596
TAP,PPC,cluster,regression,esm2_mean,linear,50,50,15,58,,,False,-0.10024881959008987,-0.08797321108911081,-0.03363505695302482,0.4350473170941546
TAP,PPC,cluster,regression,esm2_mean,linear,100,100,15,58,,,False,0.1481871180545098,0.1677565411769917,-0.041248593469404904,0.4366466105986405
TAP,PPC,cluster,regression,esm2_mean,linear,150,150,15,58,,,False,0.275637408629948,0.23383065556065016,-0.004587304521876945,0.42889079188704976
TAP,PPC,cluster,regression,esm2_mean,linear,all,183,15,58,,,False,0.3703897197316093,0.3303122846593269,0.07075626712976457,0.4124940608136261
TAP,PPC,cluster,regression,esm2_mean,linear,25,25,16,55,,,False,0.2419686173387011,0.13395726963526441,-0.09639855647598039,0.47528261733356597
TAP,PPC,cluster,regression,esm2_mean,linear,50,50,16,55,,,False,-0.04148243957420485,0.05128205892493596,-0.18092874072155762,0.49326414675745056
TAP,PPC,cluster,regression,esm2_mean,linear,100,100,16,55,,,False,0.15767747902095625,0.09275318517097042,-0.0380440269841007,0.46246150731700847
TAP,PPC,cluster,regression,esm2_mean,linear,150,150,16,55,,,False,0.3029028580631547,0.09270316673668619,-0.14782432784079358,0.48630128381459853
TAP,PPC,cluster,regression,esm2_mean,linear,all,186,16,55,,,False,0.34696413491106676,0.1225263236483583,-0.1433605315775417,0.48535476944723727
TAP,PPC,cluster,regression,esm2_mean,linear,25,25,17,58,,,False,0.04240924360225777,-0.04374649692665717,-0.035046253185442966,0.5131946747817119
TAP,PPC,cluster,regression,esm2_mean,linear,50,50,17,58,,,False,0.11564186001988917,0.04933177822352766,-0.019023514951153064,0.509207000198696
TAP,PPC,cluster,regression,esm2_mean,linear,100,100,17,58,,,False,0.30947285871917835,0.2545246923824957,0.021816394357336732,0.49889879194599224
TAP,PPC,cluster,regression,esm2_mean,linear,150,150,17,58,,,False,0.29172231336921944,0.27685334943764534,0.005536046099877678,0.503033357701949
TAP,PPC,cluster,regression,esm2_mean,linear,all,183,17,58,,,False,0.3133761200003211,0.23815955975523395,0.011549909642249112,0.5015100438576533
TAP,PPC,cluster,regression,esm2_mean,linear,25,25,18,56,,,False,0.2530263778620377,0.1352925833007267,-2.5075090738128187,0.23798963409640225
TAP,PPC,cluster,regression,esm2_mean,linear,50,50,18,56,,,False,0.2401564464351085,0.2633302881355571,-4.590742052501315,0.30046463832059106
TAP,PPC,cluster,regression,esm2_mean,linear,100,100,18,56,,,False,0.46046146439525504,0.3819061730836986,-3.3119640076329935,0.2638737586369916
TAP,PPC,cluster,regression,esm2_mean,linear,150,150,18,56,,,False,0.37467367491109427,0.4166514139143864,-4.006370160252408,0.28432831958485727
TAP,PPC,cluster,regression,esm2_mean,linear,all,185,18,56,,,False,0.37446211439448723,0.4464664289417202,-5.403866039904054,0.3215731345233937
TAP,PPC,cluster,regression,esm2_mean,linear,25,25,19,64,,,False,0.05394382458363911,0.04041441762235241,-0.2157914045708731,0.5990628103733489
TAP,PPC,cluster,regression,esm2_mean,linear,50,50,19,64,,,False,0.13278479897511167,0.11783678598176925,0.009336498332939036,0.5407616775789101
TAP,PPC,cluster,regression,esm2_mean,linear,100,100,19,64,,,False,0.14267801669536187,0.07059296801182688,0.00495141935774257,0.541957171500667
TAP,PPC,cluster,regression,esm2_mean,linear,150,150,19,64,,,False,0.4481252528971149,0.4247765615420619,0.15329708316379187,0.4999290265136144
TAP,PPC,cluster,regression,esm2_mean,linear,all,177,19,64,,,False,0.4848848865116939,0.33098705103002246,0.10731498530364558,0.5133244463859532
TAP,PPC,cluster,regression,esm2_mean,mlp,25,25,0,63,,,False,0.12336510617579893,0.07204516645521639,-7.195256530932225,1.3932987682140772
TAP,PPC,cluster,regression,esm2_mean,mlp,50,50,0,63,,,False,0.29996783623370804,0.16792328515987762,-3.766687971097574,1.062603736662882
TAP,PPC,cluster,regression,esm2_mean,mlp,100,100,0,63,,,False,0.3912323343173255,0.1988908474875078,-2.436919037098746,0.9022930822493842
TAP,PPC,cluster,regression,esm2_mean,mlp,150,150,0,63,,,False,0.1567497385916677,0.05116076119987095,-3.179274768982605,0.9949779112213726
TAP,PPC,cluster,regression,esm2_mean,mlp,all,178,0,63,,,False,0.12514298600859666,0.0346917965287249,-3.0978433644729595,0.9852368654896314
TAP,PPC,cluster,regression,esm2_mean,mlp,25,25,1,60,,,False,-0.1345599519240811,0.07012308280199746,-20.54953509988963,2.1652713298533492
TAP,PPC,cluster,regression,esm2_mean,mlp,50,50,1,60,,,False,-0.0321489796492317,0.1445290422191968,-15.683376925437827,1.9051771046121395
TAP,PPC,cluster,regression,esm2_mean,mlp,100,100,1,60,,,False,0.17721699029258461,0.2257408078984277,-3.297017730479868,0.9668897263205958
TAP,PPC,cluster,regression,esm2_mean,mlp,150,150,1,60,,,False,0.10499538671661625,0.1537193652708404,-3.6851106705647476,1.009609201149236
TAP,PPC,cluster,regression,esm2_mean,mlp,all,181,1,60,,,False,0.0985769508502502,0.16792033436928028,-3.6848028476085863,1.0095760337370179
TAP,PPC,cluster,regression,esm2_mean,mlp,25,25,2,68,,,False,0.00656053298335081,0.22213184048988227,-8.711410133055502,1.729374173444631
TAP,PPC,cluster,regression,esm2_mean,mlp,50,50,2,68,,,False,0.08088705037556478,0.1659835477747817,-2.9006700289136127,1.0960173466639456
TAP,PPC,cluster,regression,esm2_mean,mlp,100,100,2,68,,,False,0.016499544029984072,0.013447794965968233,-1.6577817459276623,0.9047060159635781
TAP,PPC,cluster,regression,esm2_mean,mlp,150,150,2,68,,,False,0.08701545244384458,0.055738572077208955,-2.0308642338955654,0.9661199772755731
TAP,PPC,cluster,regression,esm2_mean,mlp,all,173,2,68,,,False,-0.030858075798934497,-0.04519274864702734,-1.9350816213010198,0.9507315639554611
TAP,PPC,cluster,regression,esm2_mean,mlp,25,25,3,63,,,False,-0.2254203471334805,-0.346157088811528,-10.687314094576893,1.5908890515766863
TAP,PPC,cluster,regression,esm2_mean,mlp,50,50,3,63,,,False,-0.029433788342984858,-0.0695190629749019,-7.873683422276116,1.386227469367816
TAP,PPC,cluster,regression,esm2_mean,mlp,100,100,3,63,,,False,0.03975536848339397,-0.050517250944083304,-4.802399999659764,1.1209503253792605
TAP,PPC,cluster,regression,esm2_mean,mlp,150,150,3,63,,,False,0.059707131051457536,0.10979846836182303,-2.820937099668755,0.9096356639925707
TAP,PPC,cluster,regression,esm2_mean,mlp,all,178,3,63,,,False,0.0954869626865121,0.1901174095026597,-2.441619288803864,0.86330438870832
TAP,PPC,cluster,regression,esm2_mean,mlp,25,25,4,57,,,False,0.19957059414766154,-0.04179998369825995,-8.372568676388386,1.3637850453049778
TAP,PPC,cluster,regression,esm2_mean,mlp,50,50,4,57,,,False,0.2904621307800705,0.22138754450557072,-5.016013000801535,1.0926246426989914
TAP,PPC,cluster,regression,esm2_mean,mlp,100,100,4,57,,,False,0.2679245332978312,0.155792466692078,-3.591758829985274,0.9545663991426272
TAP,PPC,cluster,regression,esm2_mean,mlp,150,150,4,57,,,False,0.15924547578257867,0.06740190148036065,-3.1610491110909216,0.9086947710542107
TAP,PPC,cluster,regression,esm2_mean,mlp,all,184,4,57,,,False,0.22692564520233763,0.1376787715224408,-2.81491368993256,0.8700795605300009
TAP,PPC,cluster,regression,esm2_mean,mlp,25,25,5,68,,,False,-0.013572839196094042,0.06954316993721732,-2.4682719908767394,1.2043492495816883
TAP,PPC,cluster,regression,esm2_mean,mlp,50,50,5,68,,,False,0.06965164658371847,0.11797618096922961,-1.5603873810096545,1.034781631924644
TAP,PPC,cluster,regression,esm2_mean,mlp,100,100,5,68,,,False,-0.08630832912827383,-0.10006949155788497,-1.8526510245296506,1.0922453263500889
TAP,PPC,cluster,regression,esm2_mean,mlp,150,150,5,68,,,False,-0.04219169116238785,-0.015177684214222373,-1.5335004618964279,1.0293341131199685
TAP,PPC,cluster,regression,esm2_mean,mlp,all,173,5,68,,,False,-0.060616181995870065,0.02077667623693629,-1.4886501747504401,1.0201823332727022
TAP,PPC,cluster,regression,esm2_mean,mlp,25,25,6,56,,,False,0.22296667190050695,0.22449154098972027,-6.196202000610731,1.2295024187787358
TAP,PPC,cluster,regression,esm2_mean,mlp,50,50,6,56,,,False,0.35154997150675205,0.2518438373229364,-5.252083625090531,1.1460144767109313
TAP,PPC,cluster,regression,esm2_mean,mlp,100,100,6,56,,,False,0.24635183780377273,0.21522023488753256,-3.2342880854114995,0.9431220872866986
TAP,PPC,cluster,regression,esm2_mean,mlp,150,150,6,56,,,False,0.35948547825470706,0.26228636326130506,-2.105597278586155,0.8077003728324114
TAP,PPC,cluster,regression,esm2_mean,mlp,all,185,6,56,,,False,0.26278465708714865,0.18586117478487674,-1.8673105652035455,0.7760953513182258
TAP,PPC,cluster,regression,esm2_mean,mlp,25,25,7,59,,,False,0.030267976214857252,0.05848772803098832,-6.580838390940041,1.1861915633545574
TAP,PPC,cluster,regression,esm2_mean,mlp,50,50,7,59,,,False,-0.15222924374465424,-0.13503772839632122,-4.953425467857649,1.0511862515608508
TAP,PPC,cluster,regression,esm2_mean,mlp,100,100,7,59,,,False,-0.08662392409384222,-0.01820272084399595,-3.5283249029092962,0.9167797277033934
TAP,PPC,cluster,regression,esm2_mean,mlp,150,150,7,59,,,False,0.03833153109286036,0.1345293280521014,-3.1598391873791547,0.8786875693557833
TAP,PPC,cluster,regression,esm2_mean,mlp,all,182,7,59,,,False,0.018469098121308588,0.14053866494856818,-2.8028581191970017,0.8401392465263549
TAP,PPC,cluster,regression,esm2_mean,mlp,25,25,8,63,,,False,0.05896545780337792,0.04840688431895395,-4.419372554785873,1.2048379222614631
TAP,PPC,cluster,regression,esm2_mean,mlp,50,50,8,63,,,False,0.02382418208612593,-0.08051143936688067,-3.1708997124182234,1.0569854242198438
TAP,PPC,cluster,regression,esm2_mean,mlp,100,100,8,63,,,False,0.01967134300689297,-0.03246910696316904,-2.4824317413908683,0.9658183022041147
TAP,PPC,cluster,regression,esm2_mean,mlp,150,150,8,63,,,False,0.052432629076397425,0.041081607189825696,-1.9941928138269138,0.8955585954263806
TAP,PPC,cluster,regression,esm2_mean,mlp,all,178,8,63,,,False,0.0703068370431545,0.05071074696985824,-2.02897425253379,0.90074511504096
TAP,PPC,cluster,regression,esm2_mean,mlp,25,25,9,64,,,False,0.06116581385550807,0.029576426428150338,-4.2462262806926425,1.366387613262033
TAP,PPC,cluster,regression,esm2_mean,mlp,50,50,9,64,,,False,-0.10784068212812924,-0.19579818430205517,-2.834280400015027,1.168133131167041
TAP,PPC,cluster,regression,esm2_mean,mlp,100,100,9,64,,,False,0.4340038202074624,0.3031704308198305,-0.8726023941958099,0.8163439794290759
TAP,PPC,cluster,regression,esm2_mean,mlp,150,150,9,64,,,False,0.29729810937793755,0.11419414423392507,-1.3882267074503587,0.9219092709430429
TAP,PPC,cluster,regression,esm2_mean,mlp,all,177,9,64,,,False,0.2851911580683643,0.15841118867950066,-1.3171483972031415,0.9080867337509373
TAP,PPC,cluster,regression,esm2_mean,mlp,25,25,10,62,,,False,-0.0901582644716387,-0.024924386347553288,-4.2602791103685345,1.4316853581765205
TAP,PPC,cluster,regression,esm2_mean,mlp,50,50,10,62,,,False,0.09711147738628595,-0.08267451889442258,-2.68690062362689,1.1985989838155482
TAP,PPC,cluster,regression,esm2_mean,mlp,100,100,10,62,,,False,0.017668425354010347,-0.0015782300644202577,-1.3601466836618021,0.9589869270741959
TAP,PPC,cluster,regression,esm2_mean,mlp,150,150,10,62,,,False,0.16695494442445902,0.0655304046174486,-0.9633541663747094,0.8746665406811621
TAP,PPC,cluster,regression,esm2_mean,mlp,all,179,10,62,,,False,0.11776355753576058,0.05144894953534927,-0.9676585764664634,0.8756248146075492
TAP,PPC,cluster,regression,esm2_mean,mlp,25,25,11,62,,,False,-0.08140353809941069,0.04434841813964979,-3.2813730012600555,1.0305445228079477
TAP,PPC,cluster,regression,esm2_mean,mlp,50,50,11,62,,,False,-0.1261559472049427,0.013867883343236333,-3.319494407309345,1.0351223466773523
TAP,PPC,cluster,regression,esm2_mean,mlp,100,100,11,62,,,False,0.0599911514377417,0.11549619502682319,-1.7549428151878872,0.8266687501730946
TAP,PPC,cluster,regression,esm2_mean,mlp,150,150,11,62,,,False,-0.002057881443153102,0.1275375109027445,-1.784110693946512,0.8310333939042303
TAP,PPC,cluster,regression,esm2_mean,mlp,all,179,11,62,,,False,0.10807784946382558,0.2839395248819351,-1.0307662765993442,0.7097496676041533
TAP,PPC,cluster,regression,esm2_mean,mlp,25,25,12,62,,,False,0.15366791281772207,0.08678357252890244,-10.721731862346422,1.4687819958751243
TAP,PPC,cluster,regression,esm2_mean,mlp,50,50,12,62,,,False,0.3285181834215918,0.17941034887307628,-5.471801535694865,1.0913751086263226
TAP,PPC,cluster,regression,esm2_mean,mlp,100,100,12,62,,,False,0.11513595197150908,0.1967048365936417,-2.757298115628534,0.8315708870098568
TAP,PPC,cluster,regression,esm2_mean,mlp,150,150,12,62,,,False,-0.01070616153485626,0.10755475502885782,-3.1728988650846803,0.8763556252388423
TAP,PPC,cluster,regression,esm2_mean,mlp,all,179,12,62,,,False,0.047066228036289334,0.17163054102941666,-3.090528884889874,0.8676632054886051
TAP,PPC,cluster,regression,esm2_mean,mlp,25,25,13,61,,,False,-0.1471134526112486,-0.22894406364153264,-4.109413326385458,1.0595180053463096
TAP,PPC,cluster,regression,esm2_mean,mlp,50,50,13,61,,,False,0.049669748175447344,-0.11427329610599445,-3.325304003071601,0.9748350636761649
TAP,PPC,cluster,regression,esm2_mean,mlp,100,100,13,61,,,False,0.029466022908880427,-0.08704091182224678,-2.4981044676618973,0.8766761886008573
TAP,PPC,cluster,regression,esm2_mean,mlp,150,150,13,61,,,False,-0.07897327463446262,0.021090923684847343,-2.1064091547117147,0.8261371497907468
TAP,PPC,cluster,regression,esm2_mean,mlp,all,180,13,61,,,False,0.053759242163720265,0.049030042611422395,-1.7799313754783417,0.7815195758076312
TAP,PPC,cluster,regression,esm2_mean,mlp,25,25,14,59,,,False,0.1823745697278445,0.0506420639289075,-6.825879893296551,1.4674763932017458
TAP,PPC,cluster,regression,esm2_mean,mlp,50,50,14,59,,,False,0.26045904330577335,0.31407827103365704,-2.3830317978229503,0.964845052827267
TAP,PPC,cluster,regression,esm2_mean,mlp,100,100,14,59,,,False,0.17373795371089176,0.19439043527086178,-2.3199207052349795,0.9558030013097242
TAP,PPC,cluster,regression,esm2_mean,mlp,150,150,14,59,,,False,0.23697454632816903,0.17166180328513667,-2.3674818523969674,0.9626250665803238
TAP,PPC,cluster,regression,esm2_mean,mlp,all,182,14,59,,,False,0.23064497157601868,0.2330236794024156,-1.7620843815692315,0.8718123271694939
TAP,PPC,cluster,regression,esm2_mean,mlp,25,25,15,58,,,False,-0.049968258985714574,0.0481904064717657,-7.558276151718243,1.251831937674424
TAP,PPC,cluster,regression,esm2_mean,mlp,50,50,15,58,,,False,-0.27548125782061766,-0.2506010019197511,-6.942978464145695,1.2059924029330253
TAP,PPC,cluster,regression,esm2_mean,mlp,100,100,15,58,,,False,-0.07329718989967007,-0.013784640649549946,-3.884133954867596,0.945685353357071
TAP,PPC,cluster,regression,esm2_mean,mlp,150,150,15,58,,,False,-0.07626405527694687,0.04185504453067158,-3.937463198728084,0.9508342461545713
TAP,PPC,cluster,regression,esm2_mean,mlp,all,183,15,58,,,False,-0.004778214765508957,0.03262338311679506,-3.1642036152895336,0.8732103162959747
TAP,PPC,cluster,regression,esm2_mean,mlp,25,25,16,55,,,False,0.20940158662502695,0.1820384763719843,-5.795220109828082,1.1832308051774196
TAP,PPC,cluster,regression,esm2_mean,mlp,50,50,16,55,,,False,0.11413196962778563,-0.019278246659046427,-2.9918020382712336,0.9068849636242977
TAP,PPC,cluster,regression,esm2_mean,mlp,100,100,16,55,,,False,0.034924824792492176,0.04468716854346767,-2.758907644814126,0.8800321352536438
TAP,PPC,cluster,regression,esm2_mean,mlp,150,150,16,55,,,False,0.1111110459643,0.02950635762283513,-2.3957351663342012,0.836439646040584
TAP,PPC,cluster,regression,esm2_mean,mlp,all,186,16,55,,,False,0.01407308340794516,0.06777889731323067,-2.817595336127803,0.8868754826807612
TAP,PPC,cluster,regression,esm2_mean,mlp,25,25,17,58,,,False,-0.07047555090952258,-0.01095990327746474,-8.602130655176127,1.5630974981721446
TAP,PPC,cluster,regression,esm2_mean,mlp,50,50,17,58,,,False,0.014435871087401112,0.060410652090094635,-4.11784545376253,1.1411581755523479
TAP,PPC,cluster,regression,esm2_mean,mlp,100,100,17,58,,,False,-0.1758016489721058,-0.08890318034935031,-3.1810357905253754,1.0314405590435565
TAP,PPC,cluster,regression,esm2_mean,mlp,150,150,17,58,,,False,-0.19042338964432323,-0.028413179545507282,-1.8173419568695492,0.8466853472487307
TAP,PPC,cluster,regression,esm2_mean,mlp,all,183,17,58,,,False,-0.1311309920879161,0.043627307955115636,-1.4686022718535585,0.7925521064953603
TAP,PPC,cluster,regression,esm2_mean,mlp,25,25,18,56,,,False,0.050034062177568485,-0.09230763664439115,-156.32623011933322,1.5938931630988844
TAP,PPC,cluster,regression,esm2_mean,mlp,50,50,18,56,,,False,-0.11431319914001202,-0.12554756292905384,-125.20829853166599,1.4275870365559185
TAP,PPC,cluster,regression,esm2_mean,mlp,100,100,18,56,,,False,0.23356281033418863,0.1922502332486074,-87.75053051832371,1.197137729919102
TAP,PPC,cluster,regression,esm2_mean,mlp,150,150,18,56,,,False,0.2777084381328607,0.24415953123679673,-60.52939746786986,0.9967815041445225
TAP,PPC,cluster,regression,esm2_mean,mlp,all,185,18,56,,,False,0.30214367780097556,0.16659374547047634,-48.45932922123669,0.8936814649560996
TAP,PPC,cluster,regression,esm2_mean,mlp,25,25,19,64,,,False,0.055983421601794967,0.14797565083040853,-4.295807031334097,1.2502846554302385
TAP,PPC,cluster,regression,esm2_mean,mlp,50,50,19,64,,,False,0.07117490284047298,0.11179050456690598,-2.8607960788915086,1.0675328721420485
TAP,PPC,cluster,regression,esm2_mean,mlp,100,100,19,64,,,False,-0.04058094756813529,0.043078357307182194,-1.7270263061675295,0.8971963310092868
TAP,PPC,cluster,regression,esm2_mean,mlp,150,150,19,64,,,False,0.15679109031524485,0.1975457690887492,-1.12738649482537,0.7924393337713237
TAP,PPC,cluster,regression,esm2_mean,mlp,all,177,19,64,,,False,0.2081795577152174,0.19235324134819914,-1.0054344559817432,0.7693909284680035
TAP,PPC,cluster,regression,esm2_max,linear,25,25,0,63,,,False,-0.13289651750163128,-0.08611994426507759,-0.005420449880699341,0.4880191161729357
TAP,PPC,cluster,regression,esm2_max,linear,50,50,0,63,,,False,-0.07499195905842701,0.06524972622796862,0.002417783745846558,0.4861131014517382
TAP,PPC,cluster,regression,esm2_max,linear,100,100,0,63,,,False,0.04215056770257982,0.12398778177774132,0.003080185142239844,0.48595168344398215
TAP,PPC,cluster,regression,esm2_max,linear,150,150,0,63,,,False,0.07491788073206045,0.17333652127072213,0.01965930355665335,0.4818939708506286
TAP,PPC,cluster,regression,esm2_max,linear,all,178,0,63,,,False,0.17867692319617315,0.26885971998778124,0.062479887460260786,0.47125207291845295
TAP,PPC,cluster,regression,esm2_max,linear,25,25,1,60,,,False,-0.005680031740146943,0.055741064293560155,-0.0026304986867486946,0.4670504860637011
TAP,PPC,cluster,regression,esm2_max,linear,50,50,1,60,,,False,-0.09789534704143257,-0.02402787971137292,-0.0062270827250083816,0.4678874257990744
TAP,PPC,cluster,regression,esm2_max,linear,100,100,1,60,,,False,0.010309257608366701,0.10792298571575856,0.00918800321635882,0.4642896484920006
TAP,PPC,cluster,regression,esm2_max,linear,150,150,1,60,,,False,0.0377154107545757,0.026819539291225394,-0.05858344155204498,0.4799057141628425
TAP,PPC,cluster,regression,esm2_max,linear,all,181,1,60,,,False,-0.028740960605143532,0.029076573772280373,-0.06649235375757012,0.48169511925616126
TAP,PPC,cluster,regression,esm2_max,linear,25,25,2,68,,,False,0.08844934138930748,0.018501393849892137,-0.004293201803484914,0.5561322526539512
TAP,PPC,cluster,regression,esm2_max,linear,50,50,2,68,,,False,0.031172352828077052,-0.07674141355216688,-0.003147304665303885,0.5558148890391482
TAP,PPC,cluster,regression,esm2_max,linear,100,100,2,68,,,False,-0.1661346945304825,-0.21220726208128815,-0.09520310201089277,0.5807579367734177
TAP,PPC,cluster,regression,esm2_max,linear,150,150,2,68,,,False,-0.13048389403712404,-0.1775114725705753,-0.07655404798125298,0.5757921507300633
TAP,PPC,cluster,regression,esm2_max,linear,all,173,2,68,,,False,-0.03979532881517587,-0.13840885398871694,-0.12019584791277871,0.5873470615789804
TAP,PPC,cluster,regression,esm2_max,linear,25,25,3,63,,,False,0.14052658511738825,0.03327956713499709,-0.04038157041491708,0.4746558746513184
TAP,PPC,cluster,regression,esm2_max,linear,50,50,3,63,,,False,0.2008263427797784,0.08970995119504896,-0.11290595225527178,0.4909211781027342
TAP,PPC,cluster,regression,esm2_max,linear,100,100,3,63,,,False,0.24344607321601314,0.10159851570093846,-0.0046438875479106745,0.4664322903439334
TAP,PPC,cluster,regression,esm2_max,linear,150,150,3,63,,,False,0.15062593027869767,0.11158815280016864,-0.06201722934466991,0.4795659240700213
TAP,PPC,cluster,regression,esm2_max,linear,all,178,3,63,,,False,0.17702250724065302,0.11275701143870728,-0.03929610779024717,0.47440819837421017
TAP,PPC,cluster,regression,esm2_max,linear,25,25,4,57,,,False,-0.0346317641431121,-0.16678858733923457,-0.013756105646591577,0.4485215864566207
TAP,PPC,cluster,regression,esm2_max,linear,50,50,4,57,,,False,0.42946082616380643,0.15403243982655174,-0.2999574285163775,0.507903462141906
TAP,PPC,cluster,regression,esm2_max,linear,100,100,4,57,,,False,0.3944584886689684,0.24484418778224587,0.037541908159866355,0.43702624857946315
TAP,PPC,cluster,regression,esm2_max,linear,150,150,4,57,,,False,0.43953368363344697,0.2460047662262864,-0.033643213394162874,0.4528995998104158
TAP,PPC,cluster,regression,esm2_max,linear,all,184,4,57,,,False,0.3666654872895253,0.2425465306533915,-0.1097133336383147,0.46926915638398214
TAP,PPC,cluster,regression,esm2_max,linear,25,25,5,68,,,False,-0.1091130560554304,-0.004259963178408696,-0.04696310275145499,0.6617006485123021
TAP,PPC,cluster,regression,esm2_max,linear,50,50,5,68,,,False,0.053780656612019515,-0.07727159204218363,-0.015132351136046385,0.651564188258998
TAP,PPC,cluster,regression,esm2_max,linear,100,100,5,68,,,False,-0.007444437127814243,0.04334739773452903,-0.02225192865975467,0.653845051704669
TAP,PPC,cluster,regression,esm2_max,linear,150,150,5,68,,,False,0.16472044789934098,0.28368918408612137,0.06475303635441687,0.6254016540151451
TAP,PPC,cluster,regression,esm2_max,linear,all,173,5,68,,,False,0.08931360321944949,0.22135526497016753,0.03229879840057537,0.6361602253237403
TAP,PPC,cluster,regression,esm2_max,linear,25,25,6,56,,,False,-0.02514080898909653,0.19507348870329044,-0.2474772502641267,0.5119104930953637
TAP,PPC,cluster,regression,esm2_max,linear,50,50,6,56,,,False,-0.020295234072203624,0.18099223931939315,-0.005874650418091987,0.4596736891963096
TAP,PPC,cluster,regression,esm2_max,linear,100,100,6,56,,,False,-0.060815476493177645,0.1549215686612458,0.016836423922873323,0.45445470587796516
TAP,PPC,cluster,regression,esm2_max,linear,150,150,6,56,,,False,0.0007724829577655358,0.23842113228949707,0.042154339365844895,0.44856510184299797
TAP,PPC,cluster,regression,esm2_max,linear,all,185,6,56,,,False,-0.1025997819359498,0.22185070810877297,0.03352663710742787,0.45058077643113337
TAP,PPC,cluster,regression,esm2_max,linear,25,25,7,59,,,False,0.27899306969443843,0.09035688391869078,0.0023934179187811155,0.43030447696895424
TAP,PPC,cluster,regression,esm2_max,linear,50,50,7,59,,,False,0.14632980469787993,0.0572577726940607,-0.14491930552881427,0.46098166360682863
TAP,PPC,cluster,regression,esm2_max,linear,100,100,7,59,,,False,0.28038640454468156,0.04506274158502757,-0.05110150696533089,0.4416909907901596
TAP,PPC,cluster,regression,esm2_max,linear,150,150,7,59,,,False,0.16470996655215173,0.10435852231393741,-0.10458648346845689,0.452789215098933
TAP,PPC,cluster,regression,esm2_max,linear,all,182,7,59,,,False,0.1724474217843532,0.088483777442896,-0.10399755278896028,0.4526684925401033
TAP,PPC,cluster,regression,esm2_max,linear,25,25,8,63,,,False,0.24360894037301647,0.13205240651313213,-0.18940833637694943,0.5644423790887145
TAP,PPC,cluster,regression,esm2_max,linear,50,50,8,63,,,False,0.21381049855887121,0.10611569305882491,1.642669306978206e-05,0.5175479082285135
TAP,PPC,cluster,regression,esm2_max,linear,100,100,8,63,,,False,0.21645762990177408,0.12904907793598314,0.00890784239842679,0.5152418661078707
TAP,PPC,cluster,regression,esm2_max,linear,150,150,8,63,,,False,0.19955484628103642,0.13557107180754854,-0.0009002454180691011,0.5177850686539633
TAP,PPC,cluster,regression,esm2_max,linear,all,178,8,63,,,False,0.18495919548209486,0.20553947792893587,0.028248238284070637,0.5101898250235594
TAP,PPC,cluster,regression,esm2_max,linear,25,25,9,64,,,False,-0.11728316924988133,-0.10459156683049989,-0.0037059436839941284,0.5976592630485337
TAP,PPC,cluster,regression,esm2_max,linear,50,50,9,64,,,False,0.06280188835680174,-0.10727402152255941,-0.026164557610844907,0.6043087913418606
TAP,PPC,cluster,regression,esm2_max,linear,100,100,9,64,,,False,0.3844307628182639,0.35786433629482894,-0.019038835729851655,0.6022069657120219
TAP,PPC,cluster,regression,esm2_max,linear,150,150,9,64,,,False,0.4780843417708893,0.35131123197737624,0.005250708940707893,0.5949866565616788
TAP,PPC,cluster,regression,esm2_max,linear,all,177,9,64,,,False,0.3419863157561307,0.2588776470106026,0.0030196073656520994,0.595653524168672
TAP,PPC,cluster,regression,esm2_max,linear,25,25,10,62,,,False,0.010326040074737324,0.2240085027938103,-0.043697063231931565,0.6377205617282802
TAP,PPC,cluster,regression,esm2_max,linear,50,50,10,62,,,False,0.0024907031336049825,0.17265822616610774,-0.06660163484296211,0.6446801699874788
TAP,PPC,cluster,regression,esm2_max,linear,100,100,10,62,,,False,0.1261696806116774,0.15210178441329475,-0.02946304938012312,0.6333569940878807
TAP,PPC,cluster,regression,esm2_max,linear,150,150,10,62,,,False,0.15393064262164963,0.2513511063234783,0.03205888253152267,0.6141403874399224
TAP,PPC,cluster,regression,esm2_max,linear,all,179,10,62,,,False,0.15618784233647912,0.23208663720452818,0.03772646135803426,0.6123397618241166
TAP,PPC,cluster,regression,esm2_max,linear,25,25,11,62,,,False,0.049363105503482635,0.06275124821202585,-0.007233321185961872,0.4998506586597352
TAP,PPC,cluster,regression,esm2_max,linear,50,50,11,62,,,False,0.26458103567222857,0.18349653641189936,-0.024507167165410237,0.504118606253254
TAP,PPC,cluster,regression,esm2_max,linear,100,100,11,62,,,False,0.2430123542174087,0.24880326974149297,0.04400501105462862,0.48697092751967463
TAP,PPC,cluster,regression,esm2_max,linear,150,150,11,62,,,False,0.23889659133110253,0.3166193415602553,0.0905101250141288,0.474978728647219
TAP,PPC,cluster,regression,esm2_max,linear,all,179,11,62,,,False,0.28031471151608267,0.3379530321676363,0.09973968795695676,0.4725625254127631
TAP,PPC,cluster,regression,esm2_max,linear,25,25,12,62,,,False,0.1741603747531749,0.1428209495825178,-0.30192129473192963,0.48950126036825653
TAP,PPC,cluster,regression,esm2_max,linear,50,50,12,62,,,False,0.19263425253289104,0.15399364058699977,-0.08378936514302149,0.44661560309888154
TAP,PPC,cluster,regression,esm2_max,linear,100,100,12,62,,,False,0.14572133468564502,0.1842034804764729,-0.08756108155596198,0.4473920659557496
TAP,PPC,cluster,regression,esm2_max,linear,150,150,12,62,,,False,0.08135660698563804,0.14063210316833138,-0.13601950947263775,0.4572506631377973
TAP,PPC,cluster,regression,esm2_max,linear,all,179,12,62,,,False,0.1681557256823128,0.1792891254199464,-0.040844445065049806,0.4376776434692315
TAP,PPC,cluster,regression,esm2_max,linear,25,25,13,61,,,False,0.030847242732734197,-0.0574353880164618,-0.009771903966384832,0.47101470354760444
TAP,PPC,cluster,regression,esm2_max,linear,50,50,13,61,,,False,-0.014435101296354107,-0.055408199277691125,-0.018459490696074665,0.47303655490668145
TAP,PPC,cluster,regression,esm2_max,linear,100,100,13,61,,,False,0.04381987598030196,0.07953429501252238,-0.00973058359643586,0.4710050663707165
TAP,PPC,cluster,regression,esm2_max,linear,150,150,13,61,,,False,-0.049696830917091525,0.08940969300413269,0.0006399177964185876,0.46858008024561204
TAP,PPC,cluster,regression,esm2_max,linear,all,180,13,61,,,False,-0.06107158240765199,0.11460545025583499,-0.024668874826865528,0.4744763776442207
TAP,PPC,cluster,regression,esm2_max,linear,25,25,14,59,,,False,0.25850693146632514,0.16523435237450673,-0.11898188075612603,0.5549017079809841
TAP,PPC,cluster,regression,esm2_max,linear,50,50,14,59,,,False,0.14096613676985192,-0.06531544783884287,-0.008843914910885875,0.5268858360451688
TAP,PPC,cluster,regression,esm2_max,linear,100,100,14,59,,,False,0.051228147059459404,-0.0737855445738895,-0.15938114514234836,0.5648298642051184
TAP,PPC,cluster,regression,esm2_max,linear,150,150,14,59,,,False,0.09843376063157096,-0.03530414862439339,-0.15924080153227038,0.5647956767156871
TAP,PPC,cluster,regression,esm2_max,linear,all,182,14,59,,,False,0.09778305668508822,-0.027211774086764198,-0.14811735072951437,0.5620794073804823
TAP,PPC,cluster,regression,esm2_max,linear,25,25,15,58,,,False,-0.2122089498799566,-0.043270694525790306,-0.018555653700397468,0.43186226815834633
TAP,PPC,cluster,regression,esm2_max,linear,50,50,15,58,,,False,-0.1997793454572601,-0.18010126692880724,-0.04214355571769435,0.4368342210792993
TAP,PPC,cluster,regression,esm2_max,linear,100,100,15,58,,,False,-0.09134822345825945,0.14066576877671141,-0.009749975672260103,0.4299914352154433
TAP,PPC,cluster,regression,esm2_max,linear,150,150,15,58,,,False,0.049000123967866356,0.2288797979253444,0.03679199124681576,0.4199648300680551
TAP,PPC,cluster,regression,esm2_max,linear,all,183,15,58,,,False,0.14284676037541155,0.2766487159358963,0.013792038865366618,0.42494931303155903
TAP,PPC,cluster,regression,esm2_max,linear,25,25,16,55,,,False,0.362142434293458,0.20927456053746543,0.030282881381319182,0.4469822060770843
TAP,PPC,cluster,regression,esm2_max,linear,50,50,16,55,,,False,-0.00419982070289463,0.040564516663947385,-0.061801144441903766,0.4677236153811679
TAP,PPC,cluster,regression,esm2_max,linear,100,100,16,55,,,False,-0.08547003535715385,-0.0039758311172312065,-0.02269837719519807,0.45903044074292987
TAP,PPC,cluster,regression,esm2_max,linear,150,150,16,55,,,False,0.25073666406930567,-0.016415059952239554,-0.12615008641718184,0.4816880150464643
TAP,PPC,cluster,regression,esm2_max,linear,all,186,16,55,,,False,0.2633361261779895,0.03066289453259997,-0.12099712884201597,0.48058471459592195
TAP,PPC,cluster,regression,esm2_max,linear,25,25,17,58,,,False,0.013351631842639227,-0.03647752397167629,-0.03403176375554984,0.5129431120101885
TAP,PPC,cluster,regression,esm2_max,linear,50,50,17,58,,,False,-0.011461957730339938,-0.06281163354894191,-0.0359423500857976,0.5134167772552948
TAP,PPC,cluster,regression,esm2_max,linear,100,100,17,58,,,False,0.10888859843822941,0.055032306365116156,-0.05998792229142347,0.5193411327563922
TAP,PPC,cluster,regression,esm2_max,linear,150,150,17,58,,,False,0.13329947057743988,0.059737776333291595,-0.16578274410745464,0.5446419308784537
TAP,PPC,cluster,regression,esm2_max,linear,all,183,17,58,,,False,0.14587664581667772,0.06885424952991322,-0.10942282853204266,0.5313134517500807
TAP,PPC,cluster,regression,esm2_max,linear,25,25,18,56,,,False,0.26875237626316206,0.1096698956681223,-2.461173762570402,0.23641244859166446
TAP,PPC,cluster,regression,esm2_max,linear,50,50,18,56,,,False,0.2993581309989827,0.26925256207331594,-5.705165609376306,0.3290511357272663
TAP,PPC,cluster,regression,esm2_max,linear,100,100,18,56,,,False,0.42121698856464634,0.46957266082348736,-4.328549615038695,0.29333450129103145
TAP,PPC,cluster,regression,esm2_max,linear,150,150,18,56,,,False,0.43232391568651674,0.41678839230209674,-2.8444315528282105,0.24915792546337476
TAP,PPC,cluster,regression,esm2_max,linear,all,185,18,56,,,False,0.3521424798924429,0.41666085492997745,-3.424439550950291,0.26729311524831173
TAP,PPC,cluster,regression,esm2_max,linear,25,25,19,64,,,False,0.09215696411920267,0.023142719933838596,-0.12910551697149364,0.5773113421418726
TAP,PPC,cluster,regression,esm2_max,linear,50,50,19,64,,,False,0.04747337887086883,0.08144813802516332,0.002890982334707304,0.5425179939428556
TAP,PPC,cluster,regression,esm2_max,linear,100,100,19,64,,,False,0.039455652661566545,0.023805589549838718,-0.01011898434013414,0.54604582629527
TAP,PPC,cluster,regression,esm2_max,linear,150,150,19,64,,,False,0.2799639952967485,0.34741841092438513,0.08848497274785805,0.518710144500791
TAP,PPC,cluster,regression,esm2_max,linear,all,177,19,64,,,False,0.4144132929878264,0.2142532577975772,0.03694968929594489,0.5331719743329933
TAP,PPC,cluster,regression,esm2_max,mlp,25,25,0,63,,,False,-0.31749970680713024,-0.2847135055308363,-6.091163988710908,1.2960499550077051
TAP,PPC,cluster,regression,esm2_max,mlp,50,50,0,63,,,False,-0.2527058640118347,-0.27031485203521627,-5.964143739468282,1.2843897766349852
TAP,PPC,cluster,regression,esm2_max,mlp,100,100,0,63,,,False,-0.14430457976208347,-0.14842004260719743,-4.565349374054821,1.1481779265962762
TAP,PPC,cluster,regression,esm2_max,mlp,150,150,0,63,,,False,-0.05760824513773797,-0.13326405582945186,-3.484757178331587,1.030700397926718
TAP,PPC,cluster,regression,esm2_max,mlp,all,178,0,63,,,False,-0.08770873841802199,-0.11242928902621727,-3.5301136152545016,1.0358992628079353
TAP,PPC,cluster,regression,esm2_max,mlp,25,25,1,60,,,False,-0.1883782526619734,0.016657799288882474,-14.862028294016012,1.8576878169669249
TAP,PPC,cluster,regression,esm2_max,mlp,50,50,1,60,,,False,-0.15304845523825938,-0.03745474529127393,-12.785025703058052,1.7317977175673855
TAP,PPC,cluster,regression,esm2_max,mlp,100,100,1,60,,,False,-0.05001267947199384,0.11338069622098465,-8.13985460660469,1.4101425471352254
TAP,PPC,cluster,regression,esm2_max,mlp,150,150,1,60,,,False,0.005680031740146943,0.0498381205357656,-5.570466090405456,1.1956152944882332
TAP,PPC,cluster,regression,esm2_max,mlp,all,181,1,60,,,False,0.026213346480778145,0.06641031466223091,-6.599073702334929,1.2858008282187052
TAP,PPC,cluster,regression,esm2_max,mlp,25,25,2,68,,,False,-0.021351195667372248,-0.07444833832069132,-10.90738733462865,1.914943927036158
TAP,PPC,cluster,regression,esm2_max,mlp,50,50,2,68,,,False,0.06474106800336608,0.027854969395152883,-5.560500364823176,1.421399973692691
TAP,PPC,cluster,regression,esm2_max,mlp,100,100,2,68,,,False,0.03231160705871881,-0.015591089797620517,-3.640506838289152,1.1954475590260558
TAP,PPC,cluster,regression,esm2_max,mlp,150,150,2,68,,,False,-0.02588857027561787,-0.07267050734375252,-3.862514591483908,1.2237093542267627
TAP,PPC,cluster,regression,esm2_max,mlp,all,173,2,68,,,False,0.08711366401545162,0.044543517182152714,-3.1746158277928185,1.1338512384812758
TAP,PPC,cluster,regression,esm2_max,mlp,25,25,3,63,,,False,0.04217526047803535,-0.027499077120684785,-6.476552175593484,1.2724280061514701
TAP,PPC,cluster,regression,esm2_max,mlp,50,50,3,63,,,False,0.21028367577924412,0.09274843068716206,-5.7038062189625975,1.2048785175714398
TAP,PPC,cluster,regression,esm2_max,mlp,100,100,3,63,,,False,0.07578212787300379,0.00019928680116845822,-5.149450779273671,1.1539864250779386
TAP,PPC,cluster,regression,esm2_max,mlp,150,150,3,63,,,False,0.10064775275671665,0.012184051769750473,-5.626128167481376,1.197877620414478
TAP,PPC,cluster,regression,esm2_max,mlp,all,178,3,63,,,False,0.009482025774921295,-0.07179582167385723,-5.072167440595878,1.146712124755371
TAP,PPC,cluster,regression,esm2_max,mlp,25,25,4,57,,,False,0.19650494187429265,0.09531142187519223,-9.85707206333268,1.467820565930729
TAP,PPC,cluster,regression,esm2_max,mlp,50,50,4,57,,,False,0.06909508585362151,-0.053515256901531943,-6.420853074633376,1.2135104616043213
TAP,PPC,cluster,regression,esm2_max,mlp,100,100,4,57,,,False,0.07623704499597536,-0.02226455678338582,-5.371495368239748,1.1244426086808101
TAP,PPC,cluster,regression,esm2_max,mlp,150,150,4,57,,,False,0.08705104916906775,-0.00342497313327271,-4.853216584998643,1.0777397606506618
TAP,PPC,cluster,regression,esm2_max,mlp,all,184,4,57,,,False,-0.00882638346838071,-0.07190742409201958,-6.024348528954351,1.1806458207483628
TAP,PPC,cluster,regression,esm2_max,mlp,25,25,5,68,,,False,-0.014279962511664785,0.0630376319293907,-2.1417901253746896,1.1462634832957765
TAP,PPC,cluster,regression,esm2_max,mlp,50,50,5,68,,,False,0.14054075896968576,0.20730193445264286,-1.7142497481641854,1.0654198284578296
TAP,PPC,cluster,regression,esm2_max,mlp,100,100,5,68,,,False,0.046179080969633995,0.11182665839429151,-1.4933745422010394,1.0211502135780173
TAP,PPC,cluster,regression,esm2_max,mlp,150,150,5,68,,,False,0.06782491135182739,0.10447766112104473,-1.3868281583396596,0.9990942244587987
TAP,PPC,cluster,regression,esm2_max,mlp,all,173,5,68,,,False,0.027184963020830902,0.06723084167055798,-1.2725063438542685,0.9748738570435576
TAP,PPC,cluster,regression,esm2_max,mlp,25,25,6,56,,,False,0.10667287389507718,-0.08115924373701545,-9.682047274600512,1.4979763694889465
TAP,PPC,cluster,regression,esm2_max,mlp,50,50,6,56,,,False,0.1428391214631909,-0.0269673998906015,-6.303234129521131,1.238612123123136
TAP,PPC,cluster,regression,esm2_max,mlp,100,100,6,56,,,False,0.01685417362397533,-0.015135855235705195,-6.103233638941616,1.2215345762840206
TAP,PPC,cluster,regression,esm2_max,mlp,150,150,6,56,,,False,0.028300966543591904,-0.07150129843745254,-4.7388256928626165,1.097966859066211
TAP,PPC,cluster,regression,esm2_max,mlp,all,185,6,56,,,False,-0.04304836846457031,-0.11052630488522057,-5.54220904363467,1.1723031262284629
TAP,PPC,cluster,regression,esm2_max,mlp,25,25,7,59,,,False,0.011680296404166268,0.09441275333842283,-12.54148058101627,1.5853650774060422
TAP,PPC,cluster,regression,esm2_max,mlp,50,50,7,59,,,False,0.0437566433821051,0.09393191712150444,-8.692642558797548,1.34127339537095
TAP,PPC,cluster,regression,esm2_max,mlp,100,100,7,59,,,False,0.02884499594226847,0.062325096824848374,-4.282824105730948,0.9902145126154382
TAP,PPC,cluster,regression,esm2_max,mlp,150,150,7,59,,,False,-0.03074230297238685,0.034242295174067225,-4.850957279575824,1.0421006702219737
TAP,PPC,cluster,regression,esm2_max,mlp,all,182,7,59,,,False,-0.1308548942334769,-0.061181727464276435,-5.57451213862151,1.1046583442064177
TAP,PPC,cluster,regression,esm2_max,mlp,25,25,8,63,,,False,0.02020562639720364,-0.013686497804003056,-8.500864852529816,1.5952754980301258
TAP,PPC,cluster,regression,esm2_max,mlp,50,50,8,63,,,False,-0.01515421979790273,0.024755852193764895,-5.056493511685599,1.273692973077749
TAP,PPC,cluster,regression,esm2_max,mlp,100,100,8,63,,,False,-0.0894196110510863,-0.10297315750008822,-4.39762690517389,1.2024182400697758
TAP,PPC,cluster,regression,esm2_max,mlp,150,150,8,63,,,False,-0.08091964802341652,-0.07456759027844675,-3.687892714313911,1.1205802314959028
TAP,PPC,cluster,regression,esm2_max,mlp,all,178,8,63,,,False,-0.10003242203134831,-0.04218051669172264,-3.711479596066332,1.1233957641741508
TAP,PPC,cluster,regression,esm2_max,mlp,25,25,9,64,,,False,-0.23426249609237954,-0.2348000380568579,-5.599870134655405,1.5325621730261767
TAP,PPC,cluster,regression,esm2_max,mlp,50,50,9,64,,,False,-0.21432575966947226,-0.17727825544578385,-4.275622964464292,1.37021047099386
TAP,PPC,cluster,regression,esm2_max,mlp,100,100,9,64,,,False,-0.01675807739182242,0.007689273287574926,-2.7511003262413416,1.1553930396788537
TAP,PPC,cluster,regression,esm2_max,mlp,150,150,9,64,,,False,-0.08813767063397818,-0.039031282194884734,-2.2793202375412953,1.080294889476009
TAP,PPC,cluster,regression,esm2_max,mlp,all,177,9,64,,,False,-0.0399903353101927,-0.03849436693904536,-1.8507514976391621,1.0072333280422587
TAP,PPC,cluster,regression,esm2_max,mlp,25,25,10,62,,,False,-0.10102914585685212,0.015745750737112405,-2.4487508387358425,1.1592419768152944
TAP,PPC,cluster,regression,esm2_max,mlp,50,50,10,62,,,False,-0.19536452704214083,-0.06357726121981337,-2.05208750058836,1.090540200041304
TAP,PPC,cluster,regression,esm2_max,mlp,100,100,10,62,,,False,-0.008743405791925826,0.04400244786805605,-2.0357602520333784,1.087619347080316
TAP,PPC,cluster,regression,esm2_max,mlp,150,150,10,62,,,False,-0.00708293703618917,0.12220059368652131,-1.9288010505483593,1.0682874466595391
TAP,PPC,cluster,regression,esm2_max,mlp,all,179,10,62,,,False,0.10637377966437948,0.1329124913781649,-1.6526032635297518,1.016668432741988
TAP,PPC,cluster,regression,esm2_max,mlp,25,25,11,62,,,False,0.07020241125693176,0.025996743486230496,-5.060600199663292,1.226120191344322
TAP,PPC,cluster,regression,esm2_max,mlp,50,50,11,62,,,False,0.19086199156940226,0.19883971849684876,-2.9905349964928356,0.994926018528093
TAP,PPC,cluster,regression,esm2_max,mlp,100,100,11,62,,,False,0.20795022228723056,0.2387763827231959,-2.2315319036192256,0.8953224003072886
TAP,PPC,cluster,regression,esm2_max,mlp,150,150,11,62,,,False,0.23332207704205485,0.2399921189230977,-2.0333479294383374,0.8674337989030965
TAP,PPC,cluster,regression,esm2_max,mlp,all,179,11,62,,,False,0.27114541698456507,0.2625386415698893,-1.6900114868782259,0.816868771812426
TAP,PPC,cluster,regression,esm2_max,mlp,25,25,12,62,,,False,-0.0975308319297049,-0.07455512171386185,-9.975213760733768,1.4212417047613954
TAP,PPC,cluster,regression,esm2_max,mlp,50,50,12,62,,,False,0.005442511711036715,-0.032383594584292054,-7.729113057967824,1.2674957398375704
TAP,PPC,cluster,regression,esm2_max,mlp,100,100,12,62,,,False,0.07545416470747145,-0.06559136657827183,-5.021044951754385,1.0526824531496564
TAP,PPC,cluster,regression,esm2_max,mlp,150,150,12,62,,,False,0.025858318551967865,-0.05637365384924706,-5.271316547922667,1.0743376860887648
TAP,PPC,cluster,regression,esm2_max,mlp,all,179,12,62,,,False,0.024401871756056636,-0.09350854168116483,-5.968688168944147,1.1324967510850519
TAP,PPC,cluster,regression,esm2_max,mlp,25,25,13,61,,,False,0.03683252863610054,-0.07225593964654066,-6.553565159673498,1.2882460314120507
TAP,PPC,cluster,regression,esm2_max,mlp,50,50,13,61,,,False,0.03756376266049371,-0.07373069916979745,-5.385091172351345,1.1844217522316087
TAP,PPC,cluster,regression,esm2_max,mlp,100,100,13,61,,,False,0.04547192322059765,-0.10537258593457095,-3.9474898126478175,1.0425941351554588
TAP,PPC,cluster,regression,esm2_max,mlp,150,150,13,61,,,False,0.022803668464409302,-0.06819079518799753,-3.161057302666764,0.9561470106355228
TAP,PPC,cluster,regression,esm2_max,mlp,all,180,13,61,,,False,0.008937304742583217,-0.06263025291971962,-3.1346597540885828,0.9531093097530772
TAP,PPC,cluster,regression,esm2_max,mlp,25,25,14,59,,,False,0.016030979045165702,0.09102224476124032,-6.4056111958618045,1.4275291593582145
TAP,PPC,cluster,regression,esm2_max,mlp,50,50,14,59,,,False,-0.05773518652428681,0.05820706333382126,-4.132799611444995,1.1884521185303745
TAP,PPC,cluster,regression,esm2_max,mlp,100,100,14,59,,,False,0.031707028664977176,0.007582419489588491,-3.9975800698323836,1.1726932218795145
TAP,PPC,cluster,regression,esm2_max,mlp,150,150,14,59,,,False,-0.03336336598329689,0.006061139710288929,-4.213718676680486,1.1977835140889332
TAP,PPC,cluster,regression,esm2_max,mlp,all,182,14,59,,,False,0.06808729476378496,0.11110788989256885,-3.027301041910344,1.0527168676741092
TAP,PPC,cluster,regression,esm2_max,mlp,25,25,15,58,,,False,-0.07220413423435756,0.06537767368525674,-10.662705704960342,1.46134425951085
TAP,PPC,cluster,regression,esm2_max,mlp,50,50,15,58,,,False,-0.09796901777386664,-0.04288410050638404,-8.095397803743731,1.2905169965313923
TAP,PPC,cluster,regression,esm2_max,mlp,100,100,15,58,,,False,-0.012335913937098287,0.10788395710765836,-5.927679441732329,1.1262810352540262
TAP,PPC,cluster,regression,esm2_max,mlp,150,150,15,58,,,False,0.037382503753687714,0.1499738284753608,-5.599760643528852,1.0993018833640418
TAP,PPC,cluster,regression,esm2_max,mlp,all,183,15,58,,,False,0.110773384138956,0.1612446035100645,-5.03834898650456,1.0515065545944196
TAP,PPC,cluster,regression,esm2_max,mlp,25,25,16,55,,,False,0.00825227927586313,0.19327015498557712,-5.99105237660293,1.2001595392259587
TAP,PPC,cluster,regression,esm2_max,mlp,50,50,16,55,,,False,-0.021514870969214592,0.1196941295224819,-4.925390428435962,1.1049081811455335
TAP,PPC,cluster,regression,esm2_max,mlp,100,100,16,55,,,False,0.04251397448368774,0.20720786295847826,-3.502564260339585,0.9631582818630273
TAP,PPC,cluster,regression,esm2_max,mlp,150,150,16,55,,,False,0.061228964984305904,0.20230245596238625,-2.9067463579117563,0.8971711742549272
TAP,PPC,cluster,regression,esm2_max,mlp,all,186,16,55,,,False,0.05083993482451393,0.17441352928317375,-3.576412442921124,0.9710247114256937
TAP,PPC,cluster,regression,esm2_max,mlp,25,25,17,58,,,False,-0.26139459278002275,-0.22789006941122963,-5.261782846087498,1.2622671025778014
TAP,PPC,cluster,regression,esm2_max,mlp,50,50,17,58,,,False,-0.18744947628726205,-0.28274536694375996,-4.078115029221851,1.136720074129209
TAP,PPC,cluster,regression,esm2_max,mlp,100,100,17,58,,,False,-0.1650521913168951,-0.14827520126103294,-2.751642085225369,0.97704139003522
TAP,PPC,cluster,regression,esm2_max,mlp,150,150,17,58,,,False,-0.15005871147504504,-0.09288849302055238,-1.8404421158259505,0.8501493637611606
TAP,PPC,cluster,regression,esm2_max,mlp,all,183,17,58,,,False,-0.11660218620810683,-0.07804318538824347,-2.0771324538456364,0.8848616186863774
TAP,PPC,cluster,regression,esm2_max,mlp,25,25,18,56,,,False,0.057262379828309534,-0.05255797918448006,-178.75128426208497,1.7037059520839575
TAP,PPC,cluster,regression,esm2_max,mlp,50,50,18,56,,,False,-0.0765849070117539,-0.07868674666157831,-174.86395144832912,1.6851829372844798
TAP,PPC,cluster,regression,esm2_max,mlp,100,100,18,56,,,False,0.015056056765202075,0.003415305489539777,-128.05643151720378,1.4436052935739487
TAP,PPC,cluster,regression,esm2_max,mlp,150,150,18,56,,,False,0.04950516088605085,-0.003803297906721466,-99.80160898627031,1.2758287129078139
TAP,PPC,cluster,regression,esm2_max,mlp,all,185,18,56,,,False,0.05239648794634726,0.029426930304893205,-90.53641318986533,1.215781652436056
TAP,PPC,cluster,regression,esm2_max,mlp,25,25,19,64,,,False,-0.1837043934973473,0.030589051398906192,-4.628567914068689,1.2889669460214577
TAP,PPC,cluster,regression,esm2_max,mlp,50,50,19,64,,,False,-0.1992240857504412,0.06804610446849042,-3.3973171350258706,1.1392963848072002
TAP,PPC,cluster,regression,esm2_max,mlp,100,100,19,64,,,False,-0.3155983340047587,-0.057897230413678676,-4.019467877493198,1.2172272459159035
TAP,PPC,cluster,regression,esm2_max,mlp,150,150,19,64,,,False,-0.25931014503243466,-0.04669636767270815,-3.6742100282003927,1.1746187705526312
TAP,PPC,cluster,regression,esm2_max,mlp,all,177,19,64,,,False,-0.28425418212804177,-0.04101535225257977,-2.947353922271732,1.0794334171820066
TAP,PPC,cluster,regression,esm2_cls,linear,25,25,0,63,,,False,-0.14042781401556614,-0.05151155702344725,-0.005172385091638976,0.4879589086113758
TAP,PPC,cluster,regression,esm2_cls,linear,50,50,0,63,,,False,-0.045064315206331675,0.07126544279065304,0.0032693965403818304,0.48590556541155905
TAP,PPC,cluster,regression,esm2_cls,linear,100,100,0,63,,,False,0.1256615342931627,0.18414193272414067,0.021548841109128025,0.4814293385348592
TAP,PPC,cluster,regression,esm2_cls,linear,150,150,0,63,,,False,0.21872860498503344,0.2897542662129285,0.07258952848296607,0.46870433956008234
TAP,PPC,cluster,regression,esm2_cls,linear,all,178,0,63,,,False,0.24223612721869248,0.3283070486040298,0.09806906220352951,0.46222094272450204
TAP,PPC,cluster,regression,esm2_cls,linear,25,25,1,60,,,False,-0.06071953930217081,-0.01590261638468013,-0.005167960992047638,0.467641119464108
TAP,PPC,cluster,regression,esm2_cls,linear,50,50,1,60,,,False,-0.0723068040520706,0.05954424619706211,0.0005127043565565925,0.46631781990492777
TAP,PPC,cluster,regression,esm2_cls,linear,100,100,1,60,,,False,0.14228479509068093,0.30363273552325154,0.07434591873223118,0.4487637133359751
TAP,PPC,cluster,regression,esm2_cls,linear,150,150,1,60,,,False,0.19581909424156588,0.22663957443190197,0.037351513937633696,0.4576434373300168
TAP,PPC,cluster,regression,esm2_cls,linear,all,181,1,60,,,False,0.11797425924285204,0.19821469241235853,0.03695955736280876,0.4577365959967398
TAP,PPC,cluster,regression,esm2_cls,linear,25,25,2,68,,,False,0.1140039923214614,0.20801915774813656,0.023168435571429447,0.548476043846255
TAP,PPC,cluster,regression,esm2_cls,linear,50,50,2,68,,,False,0.12987498229316036,0.1126574320065579,0.011009601972282734,0.5518789872299076
TAP,PPC,cluster,regression,esm2_cls,linear,100,100,2,68,,,False,-0.062344705656154104,0.002129910194197733,-0.03076528727211869,0.5634141024783811
TAP,PPC,cluster,regression,esm2_cls,linear,150,150,2,68,,,False,-0.032999088059968144,0.0325937167034905,-0.020895041905697243,0.56071008622223
TAP,PPC,cluster,regression,esm2_cls,linear,all,173,2,68,,,False,0.003653470463782188,0.09691986512401539,-0.028330146515661125,0.5627481875808049
TAP,PPC,cluster,regression,esm2_cls,linear,25,25,3,63,,,False,0.14963821926047668,0.04258128028055477,-0.03750249539848327,0.4739986558695126
TAP,PPC,cluster,regression,esm2_cls,linear,50,50,3,63,,,False,0.2766331634282377,0.1491865632896019,-0.005641986543223343,0.4666639296518313
TAP,PPC,cluster,regression,esm2_cls,linear,100,100,3,63,,,False,0.363601118582594,0.2124435353468508,0.027123651397560233,0.45899859683933764
TAP,PPC,cluster,regression,esm2_cls,linear,150,150,3,63,,,False,0.3209566953709036,0.2576650435054791,0.017923885797944128,0.46116369405215196
TAP,PPC,cluster,regression,esm2_cls,linear,all,178,3,63,,,False,0.32019121933178235,0.24593592326267974,0.00817551404940231,0.4634468643408533
TAP,PPC,cluster,regression,esm2_cls,linear,25,25,4,57,,,False,0.11208159465382679,-0.015514695539349744,-0.008919582873309073,0.4474503828394307
TAP,PPC,cluster,regression,esm2_cls,linear,50,50,4,57,,,False,0.5360511975147856,0.2945057852511284,-0.059957101434887194,0.458628197477015
TAP,PPC,cluster,regression,esm2_cls,linear,100,100,4,57,,,False,0.426361485403917,0.3550512827120786,0.11999789629152724,0.41788661743748506
TAP,PPC,cluster,regression,esm2_cls,linear,150,150,4,57,,,False,0.39695143667148813,0.35809096100960763,-0.03095947544512989,0.4523112663279792
TAP,PPC,cluster,regression,esm2_cls,linear,all,184,4,57,,,False,0.4625766084134943,0.35245835171560225,0.006646762125264272,0.4439851699835165
TAP,PPC,cluster,regression,esm2_cls,linear,25,25,5,68,,,False,-0.05419314521276911,-0.02051415204150904,-0.044989147356221615,0.6610765654818854
TAP,PPC,cluster,regression,esm2_cls,linear,50,50,5,68,,,False,0.11231475328982016,0.0416644754746752,-0.01140166034701795,0.6503658115365126
TAP,PPC,cluster,regression,esm2_cls,linear,100,100,5,68,,,False,0.03987389807246151,0.1600837746655363,-0.007867452511537643,0.6492285089554207
TAP,PPC,cluster,regression,esm2_cls,linear,150,150,5,68,,,False,0.14525491440682406,0.442232159112487,0.08243248864370634,0.6194623076052661
TAP,PPC,cluster,regression,esm2_cls,linear,all,173,5,68,,,False,0.09599199008872876,0.3070849097647169,0.07437793903100076,0.6221752349900632
TAP,PPC,cluster,regression,esm2_cls,linear,25,25,6,56,,,False,-0.005126477810625829,0.20707806389712216,-0.22934896992121812,0.5081773514770717
TAP,PPC,cluster,regression,esm2_cls,linear,50,50,6,56,,,False,0.19143532207898645,0.2750755181968786,-0.13158633811985232,0.4875526960851181
TAP,PPC,cluster,regression,esm2_cls,linear,100,100,6,56,,,False,0.0795657446498502,0.2148911872373955,0.03339407699213093,0.4506116758816616
TAP,PPC,cluster,regression,esm2_cls,linear,150,150,6,56,,,False,0.22830382688143247,0.4085926881951361,0.14311449069983107,0.42426686398953256
TAP,PPC,cluster,regression,esm2_cls,linear,all,185,6,56,,,False,0.26692797476970925,0.4177805275252229,0.14120811031612712,0.4247385516653756
TAP,PPC,cluster,regression,esm2_cls,linear,25,25,7,59,,,False,0.20464235045167448,0.07918095460316522,-0.000932952621552019,0.43102127304302773
TAP,PPC,cluster,regression,esm2_cls,linear,50,50,7,59,,,False,0.19503723361170017,0.10655676698969326,-0.07822857555211904,0.4473543146242745
TAP,PPC,cluster,regression,esm2_cls,linear,100,100,7,59,,,False,0.1343530540702577,0.07538303695925325,-0.029136926886244474,0.4370516784411576
TAP,PPC,cluster,regression,esm2_cls,linear,150,150,7,59,,,False,0.03939876629730195,0.12924891965479696,-0.0521171121240116,0.44190432667611357
TAP,PPC,cluster,regression,esm2_cls,linear,all,182,7,59,,,False,-0.03391436316336601,0.11961053665978974,-0.1401631581333167,0.4600231775149211
TAP,PPC,cluster,regression,esm2_cls,linear,25,25,8,63,,,False,0.1551364680592991,0.1773425612740315,-0.511109834565664,0.6362124165546582
TAP,PPC,cluster,regression,esm2_cls,linear,50,50,8,63,,,False,0.1423865235177944,0.10335046956015091,0.002399529127692479,0.5169308454018735
TAP,PPC,cluster,regression,esm2_cls,linear,100,100,8,63,,,False,0.25842316164981244,0.279892841265491,0.0707132880798188,0.4989177880566782
TAP,PPC,cluster,regression,esm2_cls,linear,150,150,8,63,,,False,0.2007448411049102,0.2586887192532949,0.05494233226499767,0.5031335520589659
TAP,PPC,cluster,regression,esm2_cls,linear,all,178,8,63,,,False,0.17910636379732794,0.2884832016131131,0.0698695647927815,0.49914422681155846
TAP,PPC,cluster,regression,esm2_cls,linear,25,25,9,64,,,False,-0.11571721222721452,-0.07234988225647648,-0.004572556071962941,0.5979172206574765
TAP,PPC,cluster,regression,esm2_cls,linear,50,50,9,64,,,False,-0.007783040127582798,-0.04946904729443223,-0.025477849745879633,0.6041065562097598
TAP,PPC,cluster,regression,esm2_cls,linear,100,100,9,64,,,False,0.4463678689386675,0.45099441465834983,-0.006504751230503869,0.5984919615076905
TAP,PPC,cluster,regression,esm2_cls,linear,150,150,9,64,,,False,0.5586960696989165,0.44764979707427177,0.12372748795783661,0.5584316198873178
TAP,PPC,cluster,regression,esm2_cls,linear,all,177,9,64,,,False,0.5264186570376799,0.4098957501961755,0.09816771759069087,0.5665174553316777
TAP,PPC,cluster,regression,esm2_cls,linear,25,25,10,62,,,False,0.067819770742119,0.2723586698971614,-0.031629306690798886,0.6340230176083338
TAP,PPC,cluster,regression,esm2_cls,linear,50,50,10,62,,,False,0.056404048046429504,0.25632187571522225,-0.050549696597834926,0.6398106871287279
TAP,PPC,cluster,regression,esm2_cls,linear,100,100,10,62,,,False,0.3378794469681009,0.3374395559327094,-0.034917482843320524,0.6350326442051518
TAP,PPC,cluster,regression,esm2_cls,linear,150,150,10,62,,,False,0.2547522298840346,0.37181177110851027,0.08587239112109335,0.5968244440881928
TAP,PPC,cluster,regression,esm2_cls,linear,all,179,10,62,,,False,0.25368849208739086,0.36290788853623673,0.11565750682938236,0.587020727159286
TAP,PPC,cluster,regression,esm2_cls,linear,25,25,11,62,,,False,-0.006850921766446404,-0.032403590125520784,-0.015088317841714494,0.5017959378352113
TAP,PPC,cluster,regression,esm2_cls,linear,50,50,11,62,,,False,0.18810078355707024,0.1392730238840894,-0.030007909512618447,0.5054701411218642
TAP,PPC,cluster,regression,esm2_cls,linear,100,100,11,62,,,False,0.29443334116404446,0.2245915166753377,0.020596175314847143,0.4928969425635084
TAP,PPC,cluster,regression,esm2_cls,linear,150,150,11,62,,,False,0.4235849385710455,0.3706162982047385,0.13159419896030689,0.464126733560526
TAP,PPC,cluster,regression,esm2_cls,linear,all,179,11,62,,,False,0.4272839153422827,0.43243947599122046,0.1687738386726395,0.4540825661486288
TAP,PPC,cluster,regression,esm2_cls,linear,25,25,12,62,,,False,0.20510348124174516,0.18458007693493111,-0.2985810946393981,0.48887292660646287
TAP,PPC,cluster,regression,esm2_cls,linear,50,50,12,62,,,False,0.239138343209355,0.25070822459116665,-0.03740624361608891,0.4369541594338259
TAP,PPC,cluster,regression,esm2_cls,linear,100,100,12,62,,,False,0.18918477327941707,0.2571995514287199,-0.06723437044260572,0.44319142684121515
TAP,PPC,cluster,regression,esm2_cls,linear,150,150,12,62,,,False,0.20962613181852213,0.28502890800530406,-0.022478932883815306,0.43379908674465234
TAP,PPC,cluster,regression,esm2_cls,linear,all,179,12,62,,,False,0.2670152459170595,0.3364692255995906,0.061774023985675774,0.4155422389929198
TAP,PPC,cluster,regression,esm2_cls,linear,25,25,13,61,,,False,0.09403127898863313,0.013798632095700187,-0.008084566991257702,0.4706210043307331
TAP,PPC,cluster,regression,esm2_cls,linear,50,50,13,61,,,False,-0.11426208699684422,-0.12334375702523387,-0.29869016831495343,0.5341652105998711
TAP,PPC,cluster,regression,esm2_cls,linear,100,100,13,61,,,False,-0.017251706427350032,0.06645542966437651,-0.12847320028827247,0.497930177744198
TAP,PPC,cluster,regression,esm2_cls,linear,150,150,13,61,,,False,-0.02746190002721025,0.16583844922966423,0.013696200435656003,0.4655091012403523
TAP,PPC,cluster,regression,esm2_cls,linear,all,180,13,61,,,False,0.020257890749855293,0.21054822295696737,0.015071804512765907,0.4651843637452087
TAP,PPC,cluster,regression,esm2_cls,linear,25,25,14,59,,,False,0.2305266617675673,0.30195566347251385,-0.10812388407236617,0.5522029116526308
TAP,PPC,cluster,regression,esm2_cls,linear,50,50,14,59,,,False,0.29068719936510795,0.2104473877761706,-0.004327554599243388,0.5257051402715457
TAP,PPC,cluster,regression,esm2_cls,linear,100,100,14,59,,,False,0.2937632543848445,0.15463507906532098,-0.08015930442137575,0.5451907012878112
TAP,PPC,cluster,regression,esm2_cls,linear,150,150,14,59,,,False,0.27234917905513983,0.11311100706716859,-0.12687599050656506,0.5568556075319803
TAP,PPC,cluster,regression,esm2_cls,linear,all,182,14,59,,,False,0.3090843745793019,0.13831789420376195,-0.08904206126928704,0.547427816167647
TAP,PPC,cluster,regression,esm2_cls,linear,25,25,15,58,,,False,-0.15989842875428664,0.04291599132445511,-0.041829062147316964,0.4367683031358148
TAP,PPC,cluster,regression,esm2_cls,linear,50,50,15,58,,,False,-0.14028588710239367,-0.1182450256706281,-0.04099178306975282,0.4365927606792678
TAP,PPC,cluster,regression,esm2_cls,linear,100,100,15,58,,,False,0.06786314173497361,0.18453859658155697,0.0140528907531986,0.424893109793626
TAP,PPC,cluster,regression,esm2_cls,linear,150,150,15,58,,,False,0.25112173156508183,0.26071401722780174,-0.08265539381556786,0.44524392383138783
TAP,PPC,cluster,regression,esm2_cls,linear,all,183,15,58,,,False,0.34165797081482346,0.35548048016011713,0.10210821422650629,0.40547574341753756
TAP,PPC,cluster,regression,esm2_cls,linear,25,25,16,55,,,False,0.17440308076757172,0.16033634957075876,-0.04019205838877404,0.46293974737401605
TAP,PPC,cluster,regression,esm2_cls,linear,50,50,16,55,,,False,0.06903915787039065,0.05495103049418433,-0.03470483333277863,0.4617170820420386
TAP,PPC,cluster,regression,esm2_cls,linear,100,100,16,55,,,False,0.029251382790336275,-0.0069644264633977535,-0.03757759632703128,0.4623575953172699
TAP,PPC,cluster,regression,esm2_cls,linear,150,150,16,55,,,False,0.2659886445166598,0.08493976290583775,-0.06523972476199758,0.4684803508731474
TAP,PPC,cluster,regression,esm2_cls,linear,all,186,16,55,,,False,0.2701884652195545,0.12005681572136662,-0.1401205702220405,0.4846666023023935
TAP,PPC,cluster,regression,esm2_cls,linear,25,25,17,58,,,False,-0.0026331524515645806,-0.03051381711889827,-0.041513006606814784,0.5147953452334106
TAP,PPC,cluster,regression,esm2_cls,linear,50,50,17,58,,,False,0.13958805819705883,0.04131786165716197,-0.08194122795393044,0.5246915831411675
TAP,PPC,cluster,regression,esm2_cls,linear,100,100,17,58,,,False,0.32514786037202165,0.19787531094697955,-0.07733966414394522,0.5235746211647955
TAP,PPC,cluster,regression,esm2_cls,linear,150,150,17,58,,,False,0.3525636241324293,0.23702127491940297,-0.08175573138813896,0.5246466025746142
TAP,PPC,cluster,regression,esm2_cls,linear,all,183,17,58,,,False,0.36458319061721817,0.21631195288509789,-0.04608418170902118,0.515923820463611
TAP,PPC,cluster,regression,esm2_cls,linear,25,25,18,56,,,False,0.2930818356729734,0.17047638352173172,-2.874139303859561,0.25011875373638953
TAP,PPC,cluster,regression,esm2_cls,linear,50,50,18,56,,,False,0.2697749187600962,0.29018701818479103,-4.006953990086386,0.2843448979151629
TAP,PPC,cluster,regression,esm2_cls,linear,100,100,18,56,,,False,0.4021412819839102,0.4498633780069625,-4.510743465024391,0.2983072007803504
TAP,PPC,cluster,regression,esm2_cls,linear,150,150,18,56,,,False,0.43380483930276614,0.470158458471604,-3.2735323586223144,0.26269520040769523
TAP,PPC,cluster,regression,esm2_cls,linear,all,185,18,56,,,False,0.4359557045549378,0.4893539097222194,-4.75022943636685,0.3047201872041966
TAP,PPC,cluster,regression,esm2_cls,linear,25,25,19,64,,,False,-0.15257123441561204,-0.07133568041569552,-0.2189403208382219,0.5998380991076525
TAP,PPC,cluster,regression,esm2_cls,linear,50,50,19,64,,,False,-0.09269616792860019,0.020986214252223703,-0.02356867859406586,0.5496690945305542
TAP,PPC,cluster,regression,esm2_cls,linear,100,100,19,64,,,False,0.0996120428752206,0.12616199420268337,0.015403439941195085,0.5391032900880309
TAP,PPC,cluster,regression,esm2_cls,linear,150,150,19,64,,,False,0.31170668911954175,0.38320767152838836,0.1255613547932476,0.5080512176544676
TAP,PPC,cluster,regression,esm2_cls,linear,all,177,19,64,,,False,0.2683828352166452,0.3015182135343529,0.08921839816839172,0.5185014196021522
TAP,PPC,cluster,regression,esm2_cls,mlp,25,25,0,63,,,False,0.031656138133982034,-0.023968332555315622,-3.9842173348822953,1.0865793883963382
TAP,PPC,cluster,regression,esm2_cls,mlp,50,50,0,63,,,False,0.20314746367259764,0.06244737213043928,-3.1466031459534625,0.9910811436243887
TAP,PPC,cluster,regression,esm2_cls,mlp,100,100,0,63,,,False,0.16428103510560255,0.12641000038195926,-2.0690672370885297,0.8526409335550678
TAP,PPC,cluster,regression,esm2_cls,mlp,150,150,0,63,,,False,0.07185597657557545,-0.05617548991246623,-3.09638080009018,0.9850610289803418
TAP,PPC,cluster,regression,esm2_cls,mlp,all,178,0,63,,,False,0.049632478665603656,0.01289689860908865,-2.9180503192057246,0.963380788628131
TAP,PPC,cluster,regression,esm2_cls,mlp,25,25,1,60,,,False,-0.11016421560014997,0.1509286178970175,-11.688379565388022,1.6614851107315511
TAP,PPC,cluster,regression,esm2_cls,mlp,50,50,1,60,,,False,0.03490379504320296,0.17584592846630032,-7.25148085331044,1.3398596884402247
TAP,PPC,cluster,regression,esm2_cls,mlp,100,100,1,60,,,False,0.1194510674952902,0.17617837275740783,-2.937587351208895,0.9255683032121762
TAP,PPC,cluster,regression,esm2_cls,mlp,150,150,1,60,,,False,0.03700540678705734,0.17605194752108594,-3.4816787095902724,0.987446857995712
TAP,PPC,cluster,regression,esm2_cls,mlp,all,181,1,60,,,False,0.08750088895696366,0.18286069184213596,-2.9681433341704024,0.9291526039141567
TAP,PPC,cluster,regression,esm2_cls,mlp,25,25,2,68,,,False,0.03567044280767985,0.1128398597385726,-4.819352561809022,1.3387058333263613
TAP,PPC,cluster,regression,esm2_cls,mlp,50,50,2,68,,,False,-0.012237161822238187,0.058432839650850665,-3.332276880372511,1.1550636681949604
TAP,PPC,cluster,regression,esm2_cls,mlp,100,100,2,68,,,False,-0.04859508563116738,0.012165253986766253,-2.7965488292186826,1.0812903223666508
TAP,PPC,cluster,regression,esm2_cls,mlp,150,150,2,68,,,False,-0.07996386160245852,-0.048665382596391984,-2.501003674095883,1.0383508059845576
TAP,PPC,cluster,regression,esm2_cls,mlp,all,173,2,68,,,False,-0.0680606191236843,-0.016310163856937086,-2.279806050113425,1.005013515931505
TAP,PPC,cluster,regression,esm2_cls,mlp,25,25,3,63,,,False,0.1500579964432206,0.06433672114428197,-8.448245366564072,1.4304020265590651
TAP,PPC,cluster,regression,esm2_cls,mlp,50,50,3,63,,,False,0.19373951622404292,0.16589266089830773,-5.690907813087729,1.20371884094651
TAP,PPC,cluster,regression,esm2_cls,mlp,100,100,3,63,,,False,0.27786780220101387,0.20343943946774726,-4.434534214973684,1.084835026118047
TAP,PPC,cluster,regression,esm2_cls,mlp,150,150,3,63,,,False,0.32280865353006793,0.22545007279261314,-2.823876739342273,0.9099855110200596
TAP,PPC,cluster,regression,esm2_cls,mlp,all,178,3,63,,,False,0.3606132927524755,0.2072235732677629,-2.81787547549836,0.9092711564690475
TAP,PPC,cluster,regression,esm2_cls,mlp,25,25,4,57,,,False,0.16632005795189142,0.19007365663543796,-7.361251256377074,1.288107904452244
TAP,PPC,cluster,regression,esm2_cls,mlp,50,50,4,57,,,False,0.19674076127993642,0.08937398581068857,-2.6110128352471405,0.8465081119313401
TAP,PPC,cluster,regression,esm2_cls,mlp,100,100,4,57,,,False,0.07970695910759068,0.06050215772669087,-2.368669329940714,0.8176092561018421
TAP,PPC,cluster,regression,esm2_cls,mlp,150,150,4,57,,,False,0.1559103156170455,0.23853559673738617,-1.2897404718523355,0.6740773561652836
TAP,PPC,cluster,regression,esm2_cls,mlp,all,184,4,57,,,False,0.17972807558706522,0.1274388703349929,-1.7878951335510749,0.7437976896865541
TAP,PPC,cluster,regression,esm2_cls,mlp,25,25,5,68,,,False,-0.24623605233319087,-0.11813152802509605,-1.724147777732226,1.0673606889783418
TAP,PPC,cluster,regression,esm2_cls,mlp,50,50,5,68,,,False,-0.09785800994926268,0.0032291839772966326,-1.211128043125628,0.9616185188301135
TAP,PPC,cluster,regression,esm2_cls,mlp,100,100,5,68,,,False,0.01651918634430548,-0.058967114456755926,-1.003643876322493,0.9153899473148535
TAP,PPC,cluster,regression,esm2_cls,mlp,150,150,5,68,,,False,0.1326052639838363,0.08560431103298384,-0.6771579488372086,0.837496217939468
TAP,PPC,cluster,regression,esm2_cls,mlp,all,173,5,68,,,False,-0.02669390516279566,-0.004642686451076128,-0.8621658681316573,0.8824803688886681
TAP,PPC,cluster,regression,esm2_cls,mlp,25,25,6,56,,,False,0.16812038189915388,0.015294294408998616,-7.178671933096849,1.310747712817283
TAP,PPC,cluster,regression,esm2_cls,mlp,50,50,6,56,,,False,0.3761992004318159,0.1411151639020722,-5.888248580866039,1.2029071887935925
TAP,PPC,cluster,regression,esm2_cls,mlp,100,100,6,56,,,False,0.3061139284454519,0.06788721482611522,-3.048499936080275,0.9221992888743863
TAP,PPC,cluster,regression,esm2_cls,mlp,150,150,6,56,,,False,0.31278537217160884,0.16898342282578832,-2.300591253769757,0.8326712826294869
TAP,PPC,cluster,regression,esm2_cls,mlp,all,185,6,56,,,False,0.19354209378198337,0.178400776964519,-2.587576220927353,0.8681170441249223
TAP,PPC,cluster,regression,esm2_cls,mlp,25,25,7,59,,,False,0.06498276578155447,0.16534620643686643,-8.096163978544295,1.2993476104396002
TAP,PPC,cluster,regression,esm2_cls,mlp,50,50,7,59,,,False,0.0969701764924565,0.24240461580212938,-4.624358852873084,1.0217219481828212
TAP,PPC,cluster,regression,esm2_cls,mlp,100,100,7,59,,,False,-0.0698446150462328,0.22243508215851635,-2.15560501757606,0.7653102510925716
TAP,PPC,cluster,regression,esm2_cls,mlp,150,150,7,59,,,False,0.056296657034293755,0.26142792152330935,-1.4992874488207755,0.6810897049715027
TAP,PPC,cluster,regression,esm2_cls,mlp,all,182,7,59,,,False,0.07414320128634475,0.2223888339851061,-1.8689534709645113,0.729722880964284
TAP,PPC,cluster,regression,esm2_cls,mlp,25,25,8,63,,,False,0.17405495719802705,0.15892481370555006,-4.077319015649127,1.1661954710652214
TAP,PPC,cluster,regression,esm2_cls,mlp,50,50,8,63,,,False,-0.10644382271507638,0.018772264808140954,-3.1491373655010273,1.054224321291367
TAP,PPC,cluster,regression,esm2_cls,mlp,100,100,8,63,,,False,0.04305838413731016,0.08369512682329831,-1.923468059685363,0.8849185546759702
TAP,PPC,cluster,regression,esm2_cls,mlp,150,150,8,63,,,False,-0.08939532544243581,0.02914246997535181,-2.0324808891928368,0.9012663595175476
TAP,PPC,cluster,regression,esm2_cls,mlp,all,178,8,63,,,False,-0.09850242868636776,0.05093097086878422,-1.6415685438301124,0.8411725014397708
TAP,PPC,cluster,regression,esm2_cls,mlp,25,25,9,64,,,False,0.2195845705664877,0.06047350638026742,-3.742983623694739,1.2992006212747715
TAP,PPC,cluster,regression,esm2_cls,mlp,50,50,9,64,,,False,0.3259761581363282,0.2212950829274791,-0.863958957938556,0.8144577866650069
TAP,PPC,cluster,regression,esm2_cls,mlp,100,100,9,64,,,False,0.3235220463843877,0.3624860735018847,-0.4763422356110405,0.7248429666352044
TAP,PPC,cluster,regression,esm2_cls,mlp,150,150,9,64,,,False,0.3451883472800911,0.24189670829899207,-1.096216359251013,0.8637110184833355
TAP,PPC,cluster,regression,esm2_cls,mlp,all,177,9,64,,,False,0.2541758600224112,0.20702923755819594,-1.0996398824520357,0.864416033586445
TAP,PPC,cluster,regression,esm2_cls,mlp,25,25,10,62,,,False,0.004021447767799711,0.07312831911666738,-2.3604384630549475,1.144303332486903
TAP,PPC,cluster,regression,esm2_cls,mlp,50,50,10,62,,,False,0.06250108175890004,0.04306495812453702,-2.1570013955198526,1.1091252085287788
TAP,PPC,cluster,regression,esm2_cls,mlp,100,100,10,62,,,False,0.07871659695164081,0.07295515634230919,-1.1870045103741855,0.92314097583053
TAP,PPC,cluster,regression,esm2_cls,mlp,150,150,10,62,,,False,-0.1316180937164383,-0.10294489178483121,-1.401261560330573,0.967303866174413
TAP,PPC,cluster,regression,esm2_cls,mlp,all,179,10,62,,,False,-0.004488454605350646,0.07833004697333647,-0.8030114213259967,0.8381899092064197
TAP,PPC,cluster,regression,esm2_cls,mlp,25,25,11,62,,,False,0.07452656720077247,0.054112808813772846,-4.879860565889253,1.207699092925595
TAP,PPC,cluster,regression,esm2_cls,mlp,50,50,11,62,,,False,0.15423691170771542,0.07668002557503724,-3.1897228523434844,1.0194545633028749
TAP,PPC,cluster,regression,esm2_cls,mlp,100,100,11,62,,,False,0.1263643402624772,0.017091924902088006,-1.777395303576415,0.8300305453185747
TAP,PPC,cluster,regression,esm2_cls,mlp,150,150,11,62,,,False,0.1877360957063849,0.07998217304962453,-1.486913403183053,0.7854265140602665
TAP,PPC,cluster,regression,esm2_cls,mlp,all,179,11,62,,,False,0.23441614059411092,0.12959239302340828,-1.1961200060856885,0.7380796996679799
TAP,PPC,cluster,regression,esm2_cls,mlp,25,25,12,62,,,False,0.053760772957846245,-0.04628184992705118,-7.903244184557526,1.2800755175651777
TAP,PPC,cluster,regression,esm2_cls,mlp,50,50,12,62,,,False,0.0763484741435573,0.0323990265922338,-7.671920936448384,1.2633366747513899
TAP,PPC,cluster,regression,esm2_cls,mlp,100,100,12,62,,,False,-0.03911964990421226,0.06010460516790668,-4.05823385549797,0.9648524436667713
TAP,PPC,cluster,regression,esm2_cls,mlp,150,150,12,62,,,False,-0.019904772877453528,0.014788544400871522,-4.051626839040991,0.9642220972661313
TAP,PPC,cluster,regression,esm2_cls,mlp,all,179,12,62,,,False,0.024223009868839466,0.07339197709962889,-3.9616253309901976,0.9555940394445402
TAP,PPC,cluster,regression,esm2_cls,mlp,25,25,13,61,,,False,-0.10421438984684915,-0.20596837706854415,-6.074171799157172,1.246696168023612
TAP,PPC,cluster,regression,esm2_cls,mlp,50,50,13,61,,,False,-0.10727473965264281,-0.19845305142513983,-6.146056873302392,1.2530143866223333
TAP,PPC,cluster,regression,esm2_cls,mlp,100,100,13,61,,,False,-0.05646751632813943,-0.09236468677703494,-2.674810650273997,0.8985459819000643
TAP,PPC,cluster,regression,esm2_cls,mlp,150,150,13,61,,,False,-0.03480132301278616,-0.05651164311698059,-2.5382771063963183,0.8816957441287748
TAP,PPC,cluster,regression,esm2_cls,mlp,all,180,13,61,,,False,-0.14413435103038755,-0.15869701259099542,-2.26439447675719,0.8468844144764808
TAP,PPC,cluster,regression,esm2_cls,mlp,25,25,14,59,,,False,0.29500550737358433,0.19703340581233805,-4.376515208114384,1.2163399573445508
TAP,PPC,cluster,regression,esm2_cls,mlp,50,50,14,59,,,False,0.29405902890597313,0.283526177127754,-2.738393797450757,1.0142547684513479
TAP,PPC,cluster,regression,esm2_cls,mlp,100,100,14,59,,,False,0.23040835195911588,0.21162430390315018,-1.202915448881189,0.7785803680608797
TAP,PPC,cluster,regression,esm2_cls,mlp,150,150,14,59,,,False,0.32511535362446753,0.2297541300962508,-1.4864270953919982,0.8271654754056028
TAP,PPC,cluster,regression,esm2_cls,mlp,all,182,14,59,,,False,0.28749283453691993,0.31008837960591346,-1.0967259047701337,0.7595832248147096
TAP,PPC,cluster,regression,esm2_cls,mlp,25,25,15,58,,,False,-0.07795048401771473,-0.028013467191477483,-11.932691169988583,1.5388536993401751
TAP,PPC,cluster,regression,esm2_cls,mlp,50,50,15,58,,,False,0.14743759416972407,0.029740549244471906,-8.989571034850186,1.3524658229228588
TAP,PPC,cluster,regression,esm2_cls,mlp,100,100,15,58,,,False,0.13772501382937583,0.10091036483735548,-3.760512700953944,0.9336406312426907
TAP,PPC,cluster,regression,esm2_cls,mlp,150,150,15,58,,,False,0.15299656298188483,0.13117628761551425,-3.0570517803951125,0.8619025285863269
TAP,PPC,cluster,regression,esm2_cls,mlp,all,183,15,58,,,False,0.21533196606656377,0.22956570573419127,-2.568354349222751,0.8083265930356412
TAP,PPC,cluster,regression,esm2_cls,mlp,25,25,16,55,,,False,0.011936332524016316,0.17966574748133915,-6.914453424532292,1.276962569326124
TAP,PPC,cluster,regression,esm2_cls,mlp,50,50,16,55,,,False,-0.10595337141688557,0.0019473883751400102,-3.685364539440065,0.9825154686857548
TAP,PPC,cluster,regression,esm2_cls,mlp,100,100,16,55,,,False,-0.022767449073586677,0.06018465707077969,-3.3838860947074636,0.9503801003181435
TAP,PPC,cluster,regression,esm2_cls,mlp,150,150,16,55,,,False,-0.1340995382327759,0.14327584190678827,-1.8962882953335618,0.772482408289758
TAP,PPC,cluster,regression,esm2_cls,mlp,all,186,16,55,,,False,-0.10484815544243961,0.09582643058321957,-1.8358905485202976,0.7643854928439289
TAP,PPC,cluster,regression,esm2_cls,mlp,25,25,17,58,,,False,-0.11904946907485509,-0.04522463877351989,-5.805348686500774,1.3159138366448815
TAP,PPC,cluster,regression,esm2_cls,mlp,50,50,17,58,,,False,-0.11678805579292315,-0.18114576974773788,-3.4351742670486303,1.062325501134549
TAP,PPC,cluster,regression,esm2_cls,mlp,100,100,17,58,,,False,-0.12273588250704552,-0.14004222539245406,-2.7704681686189203,0.9794897639026294
TAP,PPC,cluster,regression,esm2_cls,mlp,150,150,17,58,,,False,-0.10495435889295057,-0.19256734455763422,-1.7040519332737474,0.8294873678156957
TAP,PPC,cluster,regression,esm2_cls,mlp,all,183,17,58,,,False,-0.0650233764215771,-0.13110119323738667,-1.503865539110918,0.7981927227332059
TAP,PPC,cluster,regression,esm2_cls,mlp,25,25,18,56,,,False,0.1203074137772119,0.23888148016073874,-136.76451794971914,1.4915139792097167
TAP,PPC,cluster,regression,esm2_cls,mlp,50,50,18,56,,,False,0.12735943099744707,0.19889253622312383,-85.49316367151668,1.1818150901099393
TAP,PPC,cluster,regression,esm2_cls,mlp,100,100,18,56,,,False,0.2373708996331156,0.3591297587932425,-81.46302304258062,1.1539533852457762
TAP,PPC,cluster,regression,esm2_cls,mlp,150,150,18,56,,,False,0.32915290375447626,0.32623634949255276,-64.23241723612666,1.0263379214529806
TAP,PPC,cluster,regression,esm2_cls,mlp,all,185,18,56,,,False,0.3682563392406803,0.40270440048166717,-71.47736994940858,1.0818320718852015
TAP,PPC,cluster,regression,esm2_cls,mlp,25,25,19,64,,,False,-0.20445201833720847,-0.17581179193017632,-5.164484037914846,1.3489355225063193
TAP,PPC,cluster,regression,esm2_cls,mlp,50,50,19,64,,,False,-0.21640827671950136,-0.09301902402626458,-3.2761060903320214,1.1234844376070288
TAP,PPC,cluster,regression,esm2_cls,mlp,100,100,19,64,,,False,-0.045386894564939294,0.005341561034125045,-1.975997610050554,0.9372579098635543
TAP,PPC,cluster,regression,esm2_cls,mlp,150,150,19,64,,,False,0.10237839285386875,0.14900593260609843,-1.3144274584284061,0.8265414005853982
TAP,PPC,cluster,regression,esm2_cls,mlp,all,177,19,64,,,False,0.10005747210907073,0.1945397517831471,-1.4093974159374678,0.8433290202814586
TAP,PPC,cluster,regression,esm2_mean+max,linear,25,25,0,63,,,False,-0.16717008983389886,-0.10084836126768705,-0.008823519732316987,0.4888443232834884
TAP,PPC,cluster,regression,esm2_mean+max,linear,50,50,0,63,,,False,-0.02096416636174005,0.11308484322520015,0.00778496572926024,0.48480364734560244
TAP,PPC,cluster,regression,esm2_mean+max,linear,100,100,0,63,,,False,0.12124152748662385,0.2003196590760333,0.01599321003466314,0.4827941781912507
TAP,PPC,cluster,regression,esm2_mean+max,linear,150,150,0,63,,,False,0.31678361631892005,0.32808329034770634,0.08949731582923925,0.46441217012858843
TAP,PPC,cluster,regression,esm2_mean+max,linear,all,178,0,63,,,False,0.309573325885907,0.37362701712308627,0.12216259195607249,0.4560054348784623
TAP,PPC,cluster,regression,esm2_mean+max,linear,25,25,1,60,,,False,-0.0816504562646123,0.011392101368697838,-0.0043958185160610785,0.4674614704121445
TAP,PPC,cluster,regression,esm2_mean+max,linear,50,50,1,60,,,False,-0.06645637135971923,0.07148170800966247,-4.565921131693962e-05,0.46644805594112726
TAP,PPC,cluster,regression,esm2_mean+max,linear,100,100,1,60,,,False,0.24872858990103466,0.306679976135231,0.09210906847729583,0.4444370046135759
TAP,PPC,cluster,regression,esm2_mean+max,linear,150,150,1,60,,,False,0.2423101540346686,0.20038448004521411,0.0036903960816143666,0.46557594256884716
TAP,PPC,cluster,regression,esm2_mean+max,linear,all,181,1,60,,,False,0.15202604952503296,0.1698678475865743,0.014349663044635252,0.4630787050663043
TAP,PPC,cluster,regression,esm2_mean+max,linear,25,25,2,68,,,False,0.08039599251752953,0.0439072818530179,-0.0031796316007071113,0.555823844676659
TAP,PPC,cluster,regression,esm2_mean+max,linear,50,50,2,68,,,False,0.07100696627189573,-0.05177334594673654,-0.005577497294605882,0.5564877314853669
TAP,PPC,cluster,regression,esm2_mean+max,linear,100,100,2,68,,,False,-0.07617289493842647,-0.12845374690733594,-0.05600437059789587,0.5702702015687476
TAP,PPC,cluster,regression,esm2_mean+max,linear,150,150,2,68,,,False,0.027951013279365878,-0.03953464102926435,-0.06559920421614884,0.5728550748797596
TAP,PPC,cluster,regression,esm2_mean+max,linear,all,173,2,68,,,False,0.037300754896356855,-0.030411989782893306,-0.06418921660520494,0.5724759520712237
TAP,PPC,cluster,regression,esm2_mean+max,linear,25,25,3,63,,,False,0.19008498545662536,0.04750421310904667,-0.03640728814875671,0.47374840883929514
TAP,PPC,cluster,regression,esm2_mean+max,linear,50,50,3,63,,,False,0.2601383894239475,0.11331328001331152,-0.07236987872835265,0.4818976834144978
TAP,PPC,cluster,regression,esm2_mean+max,linear,100,100,3,63,,,False,0.2898684910723987,0.13556895147532894,0.007766732479607352,0.46354235957366424
TAP,PPC,cluster,regression,esm2_mean+max,linear,150,150,3,63,,,False,0.31567244142342143,0.2213502116532996,-0.02523784627700776,0.47118868185724494
TAP,PPC,cluster,regression,esm2_mean+max,linear,all,178,3,63,,,False,0.3434765065863417,0.22988053017800375,-0.0051533595071340255,0.4665505432175675
TAP,PPC,cluster,regression,esm2_mean+max,linear,25,25,4,57,,,False,0.006468189411943114,-0.016784398831477032,-0.010879684373829468,0.4478848191506357
TAP,PPC,cluster,regression,esm2_mean+max,linear,50,50,4,57,,,False,0.45408710981031897,0.2697475632643947,-0.3473261358128381,0.5170743270208095
TAP,PPC,cluster,regression,esm2_mean+max,linear,100,100,4,57,,,False,0.40416077278688306,0.3261448828877198,0.10493339188325379,0.42144828011004
TAP,PPC,cluster,regression,esm2_mean+max,linear,150,150,4,57,,,False,0.4527732588360181,0.32919827987714523,0.0629474567546302,0.43121968702026303
TAP,PPC,cluster,regression,esm2_mean+max,linear,all,184,4,57,,,False,0.444553268125007,0.33435388529547383,0.025883872545331976,0.4396650814330102
TAP,PPC,cluster,regression,esm2_mean+max,linear,25,25,5,68,,,False,0.026634978219831434,0.07782385162538738,-0.04081788086027882,0.6597558418000311
TAP,PPC,cluster,regression,esm2_mean+max,linear,50,50,5,68,,,False,0.17143811939726306,0.018833534262233387,-0.012780942151491503,0.6508091231028437
TAP,PPC,cluster,regression,esm2_mean+max,linear,100,100,5,68,,,False,0.05393779512659079,0.0868760074037021,-0.017709166042918945,0.6523906303440783
TAP,PPC,cluster,regression,esm2_mean+max,linear,150,150,5,68,,,False,0.30993607767752224,0.4277844471654676,0.09788095848323741,0.6142254355515794
TAP,PPC,cluster,regression,esm2_mean+max,linear,all,173,5,68,,,False,0.2148672763618997,0.35952178055854783,0.07335859694158864,0.6225177262296925
TAP,PPC,cluster,regression,esm2_mean+max,linear,25,25,6,56,,,False,-0.032584735673018964,0.18097504905432046,-0.22728232130992754,0.5077500253900153
TAP,PPC,cluster,regression,esm2_mean+max,linear,50,50,6,56,,,False,0.0041433176825606014,0.1825142007684898,0.004420960848719346,0.45731514772560433
TAP,PPC,cluster,regression,esm2_mean+max,linear,100,100,6,56,,,False,-0.03743031058991187,0.17117101552639427,0.015378352702582254,0.45479156835432644
TAP,PPC,cluster,regression,esm2_mean+max,linear,150,150,6,56,,,False,0.25232102429559733,0.36696108787952453,0.1176521663399348,0.430524257577609
TAP,PPC,cluster,regression,esm2_mean+max,linear,all,185,6,56,,,False,0.16917376775065235,0.3691896662163938,0.09799700419037449,0.4352930213713856
TAP,PPC,cluster,regression,esm2_mean+max,linear,25,25,7,59,,,False,0.16660727358227012,0.09320248627051356,0.001972272644716444,0.4303952951222919
TAP,PPC,cluster,regression,esm2_mean+max,linear,50,50,7,59,,,False,0.22156988661101187,0.19156367140540198,-0.006190718053705746,0.43215183853831635
TAP,PPC,cluster,regression,esm2_mean+max,linear,100,100,7,59,,,False,0.17698317140322997,0.12704827570004487,-0.048760144476889256,0.4411987760714812
TAP,PPC,cluster,regression,esm2_mean+max,linear,150,150,7,59,,,False,0.14742668532466713,0.19494594383441557,-0.022522268024412595,0.4356448646443939
TAP,PPC,cluster,regression,esm2_mean+max,linear,all,182,7,59,,,False,0.13058808543236652,0.20017428654217007,-0.08350762307464121,0.4484481091907744
TAP,PPC,cluster,regression,esm2_mean+max,linear,25,25,8,63,,,False,0.17699351584473574,0.13168966801907975,-0.2598303332202405,0.5809117420932498
TAP,PPC,cluster,regression,esm2_mean+max,linear,50,50,8,63,,,False,0.2063062454858713,0.17461742651936885,0.02624075975395057,0.5107165370664656
TAP,PPC,cluster,regression,esm2_mean+max,linear,100,100,8,63,,,False,0.27782736296155003,0.20430315517515624,0.018255434939977833,0.5128063301416107
TAP,PPC,cluster,regression,esm2_mean+max,linear,150,150,8,63,,,False,0.31627148145526807,0.2427241963029083,0.03594709027638998,0.5081647776414988
TAP,PPC,cluster,regression,esm2_mean+max,linear,all,178,8,63,,,False,0.2922287288912877,0.3138601997503453,0.08717567016933903,0.49447885866354313
TAP,PPC,cluster,regression,esm2_mean+max,linear,25,25,9,64,,,False,-0.06871512905433462,-0.024389061837043684,-0.00380407254888393,0.5976884778758788
TAP,PPC,cluster,regression,esm2_mean+max,linear,50,50,9,64,,,False,0.09622455316894409,-0.02413815781098034,-0.026310571592810916,0.6043517836639389
TAP,PPC,cluster,regression,esm2_mean+max,linear,100,100,9,64,,,False,0.48037484607270053,0.44105857131275905,0.00022646279029747696,0.59648733331969
TAP,PPC,cluster,regression,esm2_mean+max,linear,150,150,9,64,,,False,0.5500716198278113,0.43773717696493375,0.03236503708733207,0.5868217241073391
TAP,PPC,cluster,regression,esm2_mean+max,linear,all,177,9,64,,,False,0.5304620983051628,0.35397039481505754,0.021898946935620667,0.5899867662152265
TAP,PPC,cluster,regression,esm2_mean+max,linear,25,25,10,62,,,False,0.00648620607709631,0.21237549120681926,-0.03657751792181241,0.6355417447323846
TAP,PPC,cluster,regression,esm2_mean+max,linear,50,50,10,62,,,False,0.022364438553828074,0.18335538580374242,-0.06974515572128426,0.6456294815745849
TAP,PPC,cluster,regression,esm2_mean+max,linear,100,100,10,62,,,False,0.2509642855350104,0.2536237733860132,-0.005392535491341777,0.6259087422222722
TAP,PPC,cluster,regression,esm2_mean+max,linear,150,150,10,62,,,False,0.2159906623673071,0.31754776569033744,0.06582759416816364,0.6033324809545957
TAP,PPC,cluster,regression,esm2_mean+max,linear,all,179,10,62,,,False,0.21329240063923505,0.2996552641325176,0.07201670555408346,0.601330550001617
TAP,PPC,cluster,regression,esm2_mean+max,linear,25,25,11,62,,,False,0.09567846254052334,0.09520825054261255,0.0014710206771698653,0.49768615931612936
TAP,PPC,cluster,regression,esm2_mean+max,linear,50,50,11,62,,,False,0.3567428653668574,0.25535757819799276,0.015331329791569814,0.49421996586983724
TAP,PPC,cluster,regression,esm2_mean+max,linear,100,100,11,62,,,False,0.38768923441072933,0.29914648793728227,0.0697171217015562,0.4803775914915619
TAP,PPC,cluster,regression,esm2_mean+max,linear,150,150,11,62,,,False,0.40920581760116553,0.35226984841639997,0.11681744897134838,0.46805885564604194
TAP,PPC,cluster,regression,esm2_mean+max,linear,all,179,11,62,,,False,0.45057183952176205,0.43229562355667184,0.16996935964166915,0.45375590380878245
TAP,PPC,cluster,regression,esm2_mean+max,linear,25,25,12,62,,,False,0.17955178306786382,0.2317184301462562,-0.2881067991427151,0.4868973214636455
TAP,PPC,cluster,regression,esm2_mean+max,linear,50,50,12,62,,,False,0.26540548893210497,0.24428533991769175,0.003977484717140323,0.42815007754077467
TAP,PPC,cluster,regression,esm2_mean+max,linear,100,100,12,62,,,False,0.23505007150153398,0.2708943003936248,-0.05794279788453882,0.4412579492593239
TAP,PPC,cluster,regression,esm2_mean+max,linear,150,150,12,62,,,False,0.1795773347660377,0.2473903581285431,-0.025536144945697226,0.43444713233795496
TAP,PPC,cluster,regression,esm2_mean+max,linear,all,179,12,62,,,False,0.31050423620900547,0.3089657446872311,0.01927211128333972,0.42485008725977025
TAP,PPC,cluster,regression,esm2_mean+max,linear,25,25,13,61,,,False,0.05254051878973165,-0.060572108003706514,-0.013258107539385389,0.4718270841921676
TAP,PPC,cluster,regression,esm2_mean+max,linear,50,50,13,61,,,False,-0.07084845214120515,-0.084404298251643,-0.07515339797008891,0.48602436238080066
TAP,PPC,cluster,regression,esm2_mean+max,linear,100,100,13,61,,,False,0.04186991858192017,0.12352015234599997,-0.0021098927968339343,0.46922430316102504
TAP,PPC,cluster,regression,esm2_mean+max,linear,150,150,13,61,,,False,0.05817372905172349,0.16758332422560349,0.022151530212379256,0.4635094612863241
TAP,PPC,cluster,regression,esm2_mean+max,linear,all,180,13,61,,,False,0.049480168983938,0.2520825913571651,0.04386050375328476,0.45833545357656535
TAP,PPC,cluster,regression,esm2_mean+max,linear,25,25,14,59,,,False,0.14776895075580784,0.02278156679978012,-0.2969510390713215,0.5974015226239803
TAP,PPC,cluster,regression,esm2_mean+max,linear,50,50,14,59,,,False,0.19314076229692256,0.03575919441554933,-0.15763081731142736,0.564403338874873
TAP,PPC,cluster,regression,esm2_mean+max,linear,100,100,14,59,,,False,0.1514957097220272,0.039824724140134035,-0.20728074028622734,0.5763796920759735
TAP,PPC,cluster,regression,esm2_mean+max,linear,150,150,14,59,,,False,0.15829852370798309,0.011441551179029973,-0.14534526453363772,0.5614004374931884
TAP,PPC,cluster,regression,esm2_mean+max,linear,all,182,14,59,,,False,0.15610979225163207,0.0746317046881857,-0.1485205934144893,0.562178105702268
TAP,PPC,cluster,regression,esm2_mean+max,linear,25,25,15,58,,,False,-0.12504556811175072,0.02355359219765094,-0.022318316528974647,0.4326592075168478
TAP,PPC,cluster,regression,esm2_mean+max,linear,50,50,15,58,,,False,-0.17526366839239388,-0.14303822932072352,-0.06163446366950853,0.4409002892475764
TAP,PPC,cluster,regression,esm2_mean+max,linear,100,100,15,58,,,False,0.05281020371552709,0.17009298436579026,0.00770139371771672,0.42625949900433296
TAP,PPC,cluster,regression,esm2_mean+max,linear,150,150,15,58,,,False,0.21427014056311733,0.2193934633239692,-0.04341832486297781,0.43710131124958135
TAP,PPC,cluster,regression,esm2_mean+max,linear,all,183,15,58,,,False,0.2985603474396446,0.28587451556127313,-0.11684875748733581,0.4522203087572393
TAP,PPC,cluster,regression,esm2_mean+max,linear,25,25,16,55,,,False,0.32279674560318194,0.1979303518950657,0.010490878091658717,0.45152063675106036
TAP,PPC,cluster,regression,esm2_mean+max,linear,50,50,16,55,,,False,0.05282932357851665,0.09263413552949994,-0.08139450184931829,0.4720193277512132
TAP,PPC,cluster,regression,esm2_mean+max,linear,100,100,16,55,,,False,0.14028874768967325,0.07804651568601467,-0.05038789500736396,0.46520305441058457
TAP,PPC,cluster,regression,esm2_mean+max,linear,150,150,16,55,,,False,0.36781587629561385,0.12563840273001178,-0.09830998190575713,0.4756967330182587
TAP,PPC,cluster,regression,esm2_mean+max,linear,all,186,16,55,,,False,0.3723104212583607,0.1485140800878315,-0.036729522566559814,0.4621686005360257
TAP,PPC,cluster,regression,esm2_mean+max,linear,25,25,17,58,,,False,0.024875546101251273,-0.03835891592564672,-0.03694880574670778,0.5136661182427393
TAP,PPC,cluster,regression,esm2_mean+max,linear,50,50,17,58,,,False,0.0653641373270737,0.008284751032203915,-0.024466782439160006,0.5105651917867162
TAP,PPC,cluster,regression,esm2_mean+max,linear,100,100,17,58,,,False,0.2699445936815736,0.2184380524464878,-0.005030067139926375,0.5056986447354559
TAP,PPC,cluster,regression,esm2_mean+max,linear,150,150,17,58,,,False,0.27090491986979126,0.23221854897668703,-0.032937662555891256,0.5126716695719904
TAP,PPC,cluster,regression,esm2_mean+max,linear,all,183,17,58,,,False,0.2761402465087843,0.2001953079654487,-0.018046448153754557,0.5089628210586326
TAP,PPC,cluster,regression,esm2_mean+max,linear,25,25,18,56,,,False,0.2734419677146185,0.13522954055345468,-2.485498295558355,0.23724172711831315
TAP,PPC,cluster,regression,esm2_mean+max,linear,50,50,18,56,,,False,0.2695986183295903,0.2750158152899529,-4.913650750697179,0.3090199200598339
TAP,PPC,cluster,regression,esm2_mean+max,linear,100,100,18,56,,,False,0.49018571697854624,0.4624532058823427,-3.9605744010674933,0.2830248856320284
TAP,PPC,cluster,regression,esm2_mean+max,linear,150,150,18,56,,,False,0.4445944256497259,0.46146772440198114,-4.0671115394665565,0.28604797116744346
TAP,PPC,cluster,regression,esm2_mean+max,linear,all,185,18,56,,,False,0.42978518948723204,0.46033052712613576,-3.7279502982541137,0.27630903806214235
TAP,PPC,cluster,regression,esm2_mean+max,linear,25,25,19,64,,,False,0.08268573198891575,0.03467400813543292,-0.18622034164706425,0.5917326170694036
TAP,PPC,cluster,regression,esm2_mean+max,linear,50,50,19,64,,,False,0.15515003524316542,0.13644694970308363,0.012158136252258922,0.5399910215066445
TAP,PPC,cluster,regression,esm2_mean+max,linear,100,100,19,64,,,False,0.14816382936488448,0.07783405311552637,0.0052238484181598155,0.541882976635712
TAP,PPC,cluster,regression,esm2_mean+max,linear,150,150,19,64,,,False,0.39279825332415186,0.4540509818710634,0.17261576844036086,0.4941928356532517
TAP,PPC,cluster,regression,esm2_mean+max,linear,all,177,19,64,,,False,0.4968880321817605,0.386623317909664,0.13676324423985942,0.5047865645629125
TAP,PPC,cluster,regression,esm2_mean+max,mlp,25,25,0,63,,,False,-0.13985988018008913,-0.15196004770409588,-11.456301713488081,1.7177404251049164
TAP,PPC,cluster,regression,esm2_mean+max,mlp,50,50,0,63,,,False,-0.07153497049465363,-0.11329092049802471,-9.651460269480996,1.5884280686865948
TAP,PPC,cluster,regression,esm2_mean+max,mlp,100,100,0,63,,,False,0.2544837438446325,0.18007886380089042,-4.4691870633473485,1.1382151602284956
TAP,PPC,cluster,regression,esm2_mean+max,mlp,150,150,0,63,,,False,0.23240840258739381,0.11183915907741901,-2.503469562288901,0.9109869406802483
TAP,PPC,cluster,regression,esm2_mean+max,mlp,all,178,0,63,,,False,0.12101929250752413,0.03451787107275289,-3.012991290290387,0.9749830945932865
TAP,PPC,cluster,regression,esm2_mean+max,mlp,25,25,1,60,,,False,-0.13200393764101495,-0.013743546576627824,-7.569866905456374,1.3654644929917403
TAP,PPC,cluster,regression,esm2_mean+max,mlp,50,50,1,60,,,False,0.19533629154365337,0.08889501510154028,-3.5596405251240695,0.9959984791672702
TAP,PPC,cluster,regression,esm2_mean+max,mlp,100,100,1,60,,,False,0.1241654938396122,0.13842456541827408,-2.6638841087149867,0.892820671423709
TAP,PPC,cluster,regression,esm2_mean+max,mlp,150,150,1,60,,,False,0.15424126190369025,0.04281096627145066,-2.4277548425710607,0.8635713970934493
TAP,PPC,cluster,regression,esm2_mean+max,mlp,all,181,1,60,,,False,0.30612531063521947,0.02676722319731588,-2.128757988132072,0.8250482710509989
TAP,PPC,cluster,regression,esm2_mean+max,mlp,25,25,2,68,,,False,-0.06743206506539919,-0.10227901383470916,-12.202723135934757,2.016413419864732
TAP,PPC,cluster,regression,esm2_mean+max,mlp,50,50,2,68,,,False,-0.1064613436220401,-0.20536166792003885,-11.030431176878183,1.9248124432007738
TAP,PPC,cluster,regression,esm2_mean+max,mlp,100,100,2,68,,,False,-0.16026164254838102,-0.1384256781085253,-5.149025453392634,1.3761030786510065
TAP,PPC,cluster,regression,esm2_mean+max,mlp,150,150,2,68,,,False,-0.03570972743632267,-0.05613352382436964,-3.6401670485582986,1.1954037913672069
TAP,PPC,cluster,regression,esm2_mean+max,mlp,all,173,2,68,,,False,-0.14456743340557474,-0.12009027042959561,-3.2160324002525025,1.1394618544540556
TAP,PPC,cluster,regression,esm2_mean+max,mlp,25,25,3,63,,,False,-0.11131503175350312,-0.15330048378122216,-11.328614591092814,1.633953425802577
TAP,PPC,cluster,regression,esm2_mean+max,mlp,50,50,3,63,,,False,0.09193120302091662,0.018542601221387584,-5.335370616085392,1.17130109192517
TAP,PPC,cluster,regression,esm2_mean+max,mlp,100,100,3,63,,,False,0.09365969730280331,0.011332378070757662,-5.071859261974546,1.1466830250435185
TAP,PPC,cluster,regression,esm2_mean+max,mlp,150,150,3,63,,,False,0.0885482927835098,0.08997577013020895,-4.462091445350269,1.087582018377686
TAP,PPC,cluster,regression,esm2_mean+max,mlp,all,178,3,63,,,False,0.04158263386710276,-0.019458596472523956,-4.3714360553849705,1.0785188505076053
TAP,PPC,cluster,regression,esm2_mean+max,mlp,25,25,4,57,,,False,0.1521035166402248,-0.13215837565302463,-20.343713340623907,2.0580295103956723
TAP,PPC,cluster,regression,esm2_mean+max,mlp,50,50,4,57,,,False,0.11659585184757874,-0.12059677783629526,-7.566080001865778,1.3037900766399968
TAP,PPC,cluster,regression,esm2_mean+max,mlp,100,100,4,57,,,False,0.11278905287075808,-0.10526197218433571,-8.778675520103352,1.3930176717233815
TAP,PPC,cluster,regression,esm2_mean+max,mlp,150,150,4,57,,,False,0.1499137650163899,-0.09865784910355802,-5.981621431399642,1.1770495787173354
TAP,PPC,cluster,regression,esm2_mean+max,mlp,all,184,4,57,,,False,0.15146343539633458,-0.1817624127120839,-6.7889709619431,1.2432447974765883
TAP,PPC,cluster,regression,esm2_mean+max,mlp,25,25,5,68,,,False,0.00707123315570746,0.04578163497859952,-9.668507495085999,2.1122616075562766
TAP,PPC,cluster,regression,esm2_mean+max,mlp,50,50,5,68,,,False,0.09827049855001228,0.12353721107331482,-2.2816803479905086,1.1715046323358094
TAP,PPC,cluster,regression,esm2_mean+max,mlp,100,100,5,68,,,False,-0.11433791166492535,0.16047632205865148,-1.8173833856612722,1.0854725534665643
TAP,PPC,cluster,regression,esm2_mean+max,mlp,150,150,5,68,,,False,0.08937253016241373,0.24394217732495338,-1.42904138858471,1.007890448346956
TAP,PPC,cluster,regression,esm2_mean+max,mlp,all,173,5,68,,,False,0.09583485157415748,0.25167986103852763,-1.1373436726784618,0.945437995765356
TAP,PPC,cluster,regression,esm2_mean+max,mlp,25,25,6,56,,,False,-0.06481834272887178,-0.024675294232148693,-6.7028502249278095,1.2720478297533697
TAP,PPC,cluster,regression,esm2_mean+max,mlp,50,50,6,56,,,False,0.016222142113076255,0.04544887559932059,-8.629691457827919,1.42227606247329
TAP,PPC,cluster,regression,esm2_mean+max,mlp,100,100,6,56,,,False,0.17254460247544742,-0.021586279321956336,-7.103625273361635,1.3047202103327804
TAP,PPC,cluster,regression,esm2_mean+max,mlp,150,150,6,56,,,False,0.2629251085340151,0.3213068181630233,-3.1026771720981277,0.9283492418484939
TAP,PPC,cluster,regression,esm2_mean+max,mlp,all,185,6,56,,,False,0.29951271044272826,0.3445844221846699,-2.6118153402803292,0.8710447825454258
TAP,PPC,cluster,regression,esm2_mean+max,mlp,25,25,7,59,,,False,0.09744450324998609,0.17587936089267303,-14.262759846105721,1.6831109562239515
TAP,PPC,cluster,regression,esm2_mean+max,mlp,50,50,7,59,,,False,0.10678281128884999,0.18275384918338766,-11.260883270885387,1.5085409039429638
TAP,PPC,cluster,regression,esm2_mean+max,mlp,100,100,7,59,,,False,0.11250437780155072,0.17757336284601366,-10.29756592240789,1.4480669906804389
TAP,PPC,cluster,regression,esm2_mean+max,mlp,150,150,7,59,,,False,0.07728561605497833,0.12228346059148144,-7.445169556322114,1.251988669045547
TAP,PPC,cluster,regression,esm2_mean+max,mlp,all,182,7,59,,,False,0.09966790992590607,0.1241281878115307,-5.7520799515217185,1.119476547394505
TAP,PPC,cluster,regression,esm2_mean+max,mlp,25,25,8,63,,,False,-0.024188466215883202,-0.1257994346817575,-15.486543539493706,2.1014493726695562
TAP,PPC,cluster,regression,esm2_mean+max,mlp,50,50,8,63,,,False,-0.29910155613937506,-0.12001746905909279,-4.826997487047624,1.2493281914824161
TAP,PPC,cluster,regression,esm2_mean+max,mlp,100,100,8,63,,,False,-0.13031657601850327,0.02254384144115334,-3.340576531314806,1.0782707730430992
TAP,PPC,cluster,regression,esm2_mean+max,mlp,150,150,8,63,,,False,-0.15331504741051272,-0.08225306427817959,-2.9683889800364565,1.0310061174248815
TAP,PPC,cluster,regression,esm2_mean+max,mlp,all,178,8,63,,,False,-0.016198500969873592,-0.018482548879546923,-2.8575622981475313,1.0165075271978432
TAP,PPC,cluster,regression,esm2_mean+max,mlp,25,25,9,64,,,False,0.022928415510987166,0.10899684297821828,-3.6022701470626277,1.2797833650320163
TAP,PPC,cluster,regression,esm2_mean+max,mlp,50,50,9,64,,,False,0.03996696281731708,-0.008836093180686587,-3.6863166365795683,1.2914161743891919
TAP,PPC,cluster,regression,esm2_mean+max,mlp,100,100,9,64,,,False,0.10914954172916418,0.12145870458597624,-2.4432162702347586,1.1069616057507339
TAP,PPC,cluster,regression,esm2_mean+max,mlp,150,150,9,64,,,False,0.2795350147924633,0.13701242555389306,-2.4741522236144555,1.1119232948042777
TAP,PPC,cluster,regression,esm2_mean+max,mlp,all,177,9,64,,,False,0.279675249749717,0.1931465976217277,-1.9918219986339216,1.031854072554627
TAP,PPC,cluster,regression,esm2_mean+max,mlp,25,25,10,62,,,False,-0.05103346941459375,0.0896366730425887,-22.587854889674585,3.03170830143681
TAP,PPC,cluster,regression,esm2_mean+max,mlp,50,50,10,62,,,False,0.06688575706701715,0.17756196316766004,-2.759955374336343,1.2104156618147965
TAP,PPC,cluster,regression,esm2_mean+max,mlp,100,100,10,62,,,False,0.21126870434318099,0.18736969290383212,-1.191128862303346,0.9240110163162748
TAP,PPC,cluster,regression,esm2_mean+max,mlp,150,150,10,62,,,False,0.25241719569628,0.3741402508576121,-0.6521790088189978,0.8023645625865596
TAP,PPC,cluster,regression,esm2_mean+max,mlp,all,179,10,62,,,False,0.16760356503216864,0.3098501224535566,-0.9767060461150181,0.877635606310005
TAP,PPC,cluster,regression,esm2_mean+max,mlp,25,25,11,62,,,False,0.048164845422659315,-0.09050868086193245,-3.605529982280764,1.0688457467030266
TAP,PPC,cluster,regression,esm2_mean+max,mlp,50,50,11,62,,,False,0.16658420036663402,0.05547015299754096,-3.2874751479324997,1.0312786675200545
TAP,PPC,cluster,regression,esm2_mean+max,mlp,100,100,11,62,,,False,0.1858889478576217,0.1296997435548746,-2.782958225357795,0.9687037905603829
TAP,PPC,cluster,regression,esm2_mean+max,mlp,150,150,11,62,,,False,0.19706168503105337,0.04823968919757889,-3.272432766761521,1.0294679844568335
TAP,PPC,cluster,regression,esm2_mean+max,mlp,all,179,11,62,,,False,0.0940113180802474,0.07229899107714018,-2.7576554953329966,0.9654587145450968
TAP,PPC,cluster,regression,esm2_mean+max,mlp,25,25,12,62,,,False,-0.16342866152014474,-0.1035818723808189,-16.183233190064836,1.7783362896522157
TAP,PPC,cluster,regression,esm2_mean+max,mlp,50,50,12,62,,,False,0.04921257068289537,-0.05594390828753305,-6.106681681517795,1.1436545988371
TAP,PPC,cluster,regression,esm2_mean+max,mlp,100,100,12,62,,,False,-0.0575168725894068,-0.07553015065326904,-4.67097175216586,1.0216218929105225
TAP,PPC,cluster,regression,esm2_mean+max,mlp,150,150,12,62,,,False,0.0044715471804292264,0.04979775056186687,-4.713668332555336,1.0254605618224049
TAP,PPC,cluster,regression,esm2_mean+max,mlp,all,179,12,62,,,False,-0.042390267270469066,0.006040840953049243,-3.976180767567431,0.9569946795078929
TAP,PPC,cluster,regression,esm2_mean+max,mlp,25,25,13,61,,,False,-0.025945266495135524,-0.24054406933663866,-30.44707112351315,2.6285299191716924
TAP,PPC,cluster,regression,esm2_mean+max,mlp,50,50,13,61,,,False,-0.022126599923304513,-0.17351304099775916,-13.212427314452697,1.7670830112270002
TAP,PPC,cluster,regression,esm2_mean+max,mlp,100,100,13,61,,,False,0.01589756934514045,-0.043905534500127553,-5.920365000940505,1.233068841867905
TAP,PPC,cluster,regression,esm2_mean+max,mlp,150,150,13,61,,,False,-0.011158089557406926,-0.06735166474429952,-4.986508985475662,1.1468579847778304
TAP,PPC,cluster,regression,esm2_mean+max,mlp,all,180,13,61,,,False,-0.012322647448107163,-0.020120217168982463,-4.723612817951522,1.1213932744088602
TAP,PPC,cluster,regression,esm2_mean+max,mlp,25,25,14,59,,,False,-0.02348449697760437,-0.11039586405842072,-5.649262613067314,1.352668190876769
TAP,PPC,cluster,regression,esm2_mean+max,mlp,50,50,14,59,,,False,0.07187320863422998,-0.050136357293017304,-4.564858560576116,1.2374612256700512
TAP,PPC,cluster,regression,esm2_mean+max,mlp,100,100,14,59,,,False,0.03478308368471377,-0.0025310370658123923,-1.9502745861372937,0.9010227436240611
TAP,PPC,cluster,regression,esm2_mean+max,mlp,150,150,14,59,,,False,-0.008340841495824222,-0.04112306586193976,-1.948711594236023,0.9007840407880986
TAP,PPC,cluster,regression,esm2_mean+max,mlp,all,182,14,59,,,False,-0.08003658541737711,0.0216042120750517,-1.9303439375705964,0.8979741461335794
TAP,PPC,cluster,regression,esm2_mean+max,mlp,25,25,15,58,,,False,0.17804315279847424,0.016855009092338166,-30.862556544782514,2.415422953740651
TAP,PPC,cluster,regression,esm2_mean+max,mlp,50,50,15,58,,,False,-0.10630747099210777,-0.27533298130970857,-19.720493758839638,1.9478384280535794
TAP,PPC,cluster,regression,esm2_mean+max,mlp,100,100,15,58,,,False,0.2271681974138049,0.09761299859598611,-9.235684525363014,1.3690248315163243
TAP,PPC,cluster,regression,esm2_mean+max,mlp,150,150,15,58,,,False,0.11405255113489353,-0.023221254020839042,-8.469516470603763,1.3167907932175382
TAP,PPC,cluster,regression,esm2_mean+max,mlp,all,183,15,58,,,False,0.07642020608627724,-0.008551524292446305,-6.593571281379637,1.1791686288826655
TAP,PPC,cluster,regression,esm2_mean+max,mlp,25,25,16,55,,,False,0.01304154849846227,-0.14580251116746581,-20.528070115673387,2.1060576399721644
TAP,PPC,cluster,regression,esm2_mean+max,mlp,50,50,16,55,,,False,0.02549364847722003,-0.2641600433305143,-6.745889777123301,1.26329087695425
TAP,PPC,cluster,regression,esm2_mean+max,mlp,100,100,16,55,,,False,0.1657087151019302,-0.047582136832461173,-4.201598509636836,1.035228255981209
TAP,PPC,cluster,regression,esm2_mean+max,mlp,150,150,16,55,,,False,-0.03779838632605167,-0.20161968102940825,-5.188667807380011,1.1291880909300704
TAP,PPC,cluster,regression,esm2_mean+max,mlp,all,186,16,55,,,False,0.0065576147817126675,-0.18425376113581915,-3.9887164230802252,1.0138229363875022
TAP,PPC,cluster,regression,esm2_mean+max,mlp,25,25,17,58,,,False,0.27936198597893397,0.13099165260005463,-15.761615458188093,2.0651908818650706
TAP,PPC,cluster,regression,esm2_mean+max,mlp,50,50,17,58,,,False,0.15736958181115374,0.05435254562068083,-8.457429315343113,1.5512750747066355
TAP,PPC,cluster,regression,esm2_mean+max,mlp,100,100,17,58,,,False,0.19364512911447285,0.09925784735078041,-3.4316715067953956,1.0619059227478083
TAP,PPC,cluster,regression,esm2_mean+max,mlp,150,150,17,58,,,False,0.07623750803882862,0.03431690242152783,-2.7844049902604393,0.9812983433984588
TAP,PPC,cluster,regression,esm2_mean+max,mlp,all,183,17,58,,,False,0.12484240446829716,0.04931440283271061,-2.3883439359559686,0.9285301412574345
TAP,PPC,cluster,regression,esm2_mean+max,mlp,25,25,18,56,,,False,0.2934344365339852,0.19626160444481572,-122.40422480950683,1.4116390178941969
TAP,PPC,cluster,regression,esm2_mean+max,mlp,50,50,18,56,,,False,0.13585711174783044,0.11842846794941413,-109.26051617068387,1.334346590630706
TAP,PPC,cluster,regression,esm2_mean+max,mlp,100,100,18,56,,,False,0.33934306863771607,0.2096402818071602,-93.50025898102854,1.235307673088024
TAP,PPC,cluster,regression,esm2_mean+max,mlp,150,150,18,56,,,False,0.3058812469277002,0.24457175476766763,-81.85963405221246,1.1567250616949452
TAP,PPC,cluster,regression,esm2_mean+max,mlp,all,185,18,56,,,False,0.4097927206678654,0.3232676246304579,-63.320525715773584,1.019139025987608
TAP,PPC,cluster,regression,esm2_mean+max,mlp,25,25,19,64,,,False,0.3158796577314009,0.1991633777381044,-8.996126096140003,1.7177449806318614
TAP,PPC,cluster,regression,esm2_mean+max,mlp,50,50,19,64,,,False,0.24613481716802563,0.08802177922862131,-5.381390229614999,1.3724624676624442
TAP,PPC,cluster,regression,esm2_mean+max,mlp,100,100,19,64,,,False,0.09180530946089994,0.06322820156625626,-3.9425823736303265,1.2078688554441832
TAP,PPC,cluster,regression,esm2_mean+max,mlp,150,150,19,64,,,False,0.17071661478403302,0.2296531212903359,-2.5426520503819323,1.022603029091108
TAP,PPC,cluster,regression,esm2_mean+max,mlp,all,177,19,64,,,False,0.1410604052671693,0.0688532459276217,-2.3160224885323184,0.9893536465231031
TAP,PNC,cluster,regression,cheap,linear,25,25,0,63,,,False,0.2378276573619542,0.38619284788570746,0.11732009486507278,0.7357735425003986
TAP,PNC,cluster,regression,cheap,linear,50,50,0,63,,,False,0.4961509519996506,0.5089381365188351,0.22760112501172236,0.6882771687161263
TAP,PNC,cluster,regression,cheap,linear,100,100,0,63,,,False,0.47775868561378165,0.4686970815344963,0.14021708210398887,0.7261677432603942
TAP,PNC,cluster,regression,cheap,linear,150,150,0,63,,,False,0.5648773729362087,0.472955767601161,0.16078264436698864,0.7174304006205028
TAP,PNC,cluster,regression,cheap,linear,all,178,0,63,,,False,0.5693286927264056,0.46892790314568883,0.15454410104949734,0.7200920671798595
TAP,PNC,cluster,regression,cheap,linear,25,25,1,60,,,False,0.20635344304326972,0.15323235583054443,-0.2710332418169201,0.7965170963401483
TAP,PNC,cluster,regression,cheap,linear,50,50,1,60,,,False,0.49822272734771433,0.41761922802573315,0.10726984515973959,0.6675391628472724
TAP,PNC,cluster,regression,cheap,linear,100,100,1,60,,,False,0.674352686308889,0.5229904042924229,0.2619627203710201,0.6069540268320962
TAP,PNC,cluster,regression,cheap,linear,150,150,1,60,,,False,0.7041818285669865,0.5524587288841966,0.271901938188602,0.6028532199146203
TAP,PNC,cluster,regression,cheap,linear,all,181,1,60,,,False,0.709505443190953,0.5483057663966019,0.2836167676052067,0.5979837102934584
TAP,PNC,cluster,regression,cheap,linear,25,25,2,68,,,False,0.737978621397066,0.4973485340956912,0.24215218249556902,0.5760178663127202
TAP,PNC,cluster,regression,cheap,linear,50,50,2,68,,,False,0.711996106450713,0.5623355949461298,0.28738445263667456,0.5585635589419569
TAP,PNC,cluster,regression,cheap,linear,100,100,2,68,,,False,0.7066333786895083,0.5698059880074953,0.27400994936334533,0.5637808063842149
TAP,PNC,cluster,regression,cheap,linear,150,150,2,68,,,False,0.7564612329430629,0.5917878602935849,0.28920927428284593,0.557847933075934
TAP,PNC,cluster,regression,cheap,linear,all,173,2,68,,,False,0.7075436572024802,0.5639521358647711,0.26518176171497143,0.5671982934566289
TAP,PNC,cluster,regression,cheap,linear,25,25,3,63,,,False,0.37696694233734973,0.23471875950213475,-0.026537722369709638,0.6115049560556335
TAP,PNC,cluster,regression,cheap,linear,50,50,3,63,,,False,0.5565765204657318,0.4292102988937799,-0.13785647094072706,0.6438078481061973
TAP,PNC,cluster,regression,cheap,linear,100,100,3,63,,,False,0.6690617903451961,0.5147641234935064,0.2506559474518937,0.5224601334495406
TAP,PNC,cluster,regression,cheap,linear,150,150,3,63,,,False,0.6576100065892877,0.5074105053468353,0.2523612290261025,0.5218653138255372
TAP,PNC,cluster,regression,cheap,linear,all,178,3,63,,,False,0.6466043962264667,0.47527819910981023,0.11600359176904762,0.5674632942105182
TAP,PNC,cluster,regression,cheap,linear,25,25,4,57,,,False,0.46757585913127225,0.37683381786398346,0.08829434373481004,0.7353705307917107
TAP,PNC,cluster,regression,cheap,linear,50,50,4,57,,,False,0.6008232045496272,0.5678336657112933,0.08154611006610124,0.7380870343248549
TAP,PNC,cluster,regression,cheap,linear,100,100,4,57,,,False,0.6068412486235047,0.5626246002055791,0.2143510915132204,0.6826422327932828
TAP,PNC,cluster,regression,cheap,linear,150,150,4,57,,,False,0.6412487614806746,0.5894457295414118,0.2591604099804119,0.6628892692027057
TAP,PNC,cluster,regression,cheap,linear,all,184,4,57,,,False,0.6524344738353819,0.5754562589214127,0.25596025161830205,0.6643194470271069
TAP,PNC,cluster,regression,cheap,linear,25,25,5,68,,,False,0.6281219273700365,0.6464484336778907,0.2067569605459353,0.6389882492477353
TAP,PNC,cluster,regression,cheap,linear,50,50,5,68,,,False,0.610974186967446,0.5288153142633054,0.2793202093811359,0.6090611646181746
TAP,PNC,cluster,regression,cheap,linear,100,100,5,68,,,False,0.6403983738209176,0.5222790210147927,0.27258766814532687,0.6118994550878118
TAP,PNC,cluster,regression,cheap,linear,150,150,5,68,,,False,0.66161207328804,0.5258034644988048,0.24727851180749272,0.6224534721202115
TAP,PNC,cluster,regression,cheap,linear,all,173,5,68,,,False,0.6802526295790576,0.5505015214791789,0.26761278312689785,0.613988326972314
TAP,PNC,cluster,regression,cheap,linear,25,25,6,56,,,False,0.38692639595057843,0.11474232936170914,-1.316727190255285,0.9464517093902485
TAP,PNC,cluster,regression,cheap,linear,50,50,6,56,,,False,0.4912309818286103,0.25824250418634337,-0.3326357004983096,0.7178219491978259
TAP,PNC,cluster,regression,cheap,linear,100,100,6,56,,,False,0.5487238618944071,0.34002871606456175,0.03818400546068068,0.6098275065246722
TAP,PNC,cluster,regression,cheap,linear,150,150,6,56,,,False,0.5605040637238984,0.3636931953274748,0.08208300799762192,0.5957481696786909
TAP,PNC,cluster,regression,cheap,linear,all,185,6,56,,,False,0.6060106742897174,0.40043350414882717,0.12896054607946672,0.580336552558867
TAP,PNC,cluster,regression,cheap,linear,25,25,7,59,,,False,0.3755255165582798,0.3359684251375942,-1.0046841465371101,0.9972704127207025
TAP,PNC,cluster,regression,cheap,linear,50,50,7,59,,,False,0.3724753809722833,0.25503763118067235,-3.004042303319711,1.4094162847239886
TAP,PNC,cluster,regression,cheap,linear,100,100,7,59,,,False,0.5678036716362967,0.4309714000343023,0.1655736855174077,0.6434042899907104
TAP,PNC,cluster,regression,cheap,linear,150,150,7,59,,,False,0.6122399606636582,0.39259060286174985,0.12358532468557126,0.6593936750796906
TAP,PNC,cluster,regression,cheap,linear,all,182,7,59,,,False,0.609847697458955,0.4143160887405717,0.14967335754719735,0.6495055251329903
TAP,PNC,cluster,regression,cheap,linear,25,25,8,63,,,False,0.428476605229501,0.36960682408111867,0.11758223972084725,0.5085835672281737
TAP,PNC,cluster,regression,cheap,linear,50,50,8,63,,,False,0.44400869548529326,0.39861847245613263,0.12250964152716592,0.5071616195641785
TAP,PNC,cluster,regression,cheap,linear,100,100,8,63,,,False,0.5709287727517756,0.45898593721162123,0.1798145553064373,0.4903218334871336
TAP,PNC,cluster,regression,cheap,linear,150,150,8,63,,,False,0.6553596223473643,0.5483509774483887,0.25511684301065896,0.4672714863953461
TAP,PNC,cluster,regression,cheap,linear,all,178,8,63,,,False,0.6701200863244234,0.6077427684721919,0.32427347317497013,0.44505192875923516
TAP,PNC,cluster,regression,cheap,linear,25,25,9,64,,,False,0.2679656308190294,0.22727763526555095,-0.11739078815756776,0.7085708208055146
TAP,PNC,cluster,regression,cheap,linear,50,50,9,64,,,False,0.3126538371972225,0.2711159153061516,-0.008941474090752077,0.6733078966968431
TAP,PNC,cluster,regression,cheap,linear,100,100,9,64,,,False,0.431853550862905,0.40816366430426676,0.10979915485890313,0.632447851774006
TAP,PNC,cluster,regression,cheap,linear,150,150,9,64,,,False,0.4444045795371151,0.4283881907669061,0.12447275375189237,0.6272137254248071
TAP,PNC,cluster,regression,cheap,linear,all,177,9,64,,,False,0.42227082878389915,0.4486776436711565,0.14477641151306164,0.6198984580628624
TAP,PNC,cluster,regression,cheap,linear,25,25,10,62,,,False,0.4259814587326921,0.5247992727788967,0.22020069723680968,0.6112603114263766
TAP,PNC,cluster,regression,cheap,linear,50,50,10,62,,,False,0.46198135942177554,0.45168339301616683,0.19855737086498093,0.6196850182730502
TAP,PNC,cluster,regression,cheap,linear,100,100,10,62,,,False,0.5629998940616202,0.5476033205284798,0.29748532941654227,0.5801796291569141
TAP,PNC,cluster,regression,cheap,linear,150,150,10,62,,,False,0.6370315277507482,0.5600730444690574,0.2860809464570273,0.5848698896297654
TAP,PNC,cluster,regression,cheap,linear,all,179,10,62,,,False,0.6642268217589993,0.5511244082484001,0.28303659507919665,0.5861155877878552
TAP,PNC,cluster,regression,cheap,linear,25,25,11,62,,,False,0.20234098042894116,0.3126420277533752,0.06306861159293586,0.7836689080705541
TAP,PNC,cluster,regression,cheap,linear,50,50,11,62,,,False,0.33206336818951376,0.3251630771640002,0.061312332892515475,0.7844030582143913
TAP,PNC,cluster,regression,cheap,linear,100,100,11,62,,,False,0.3939928361064111,0.37997438046394727,0.1437960733022261,0.7491474919039784
TAP,PNC,cluster,regression,cheap,linear,150,150,11,62,,,False,0.47442071651796613,0.42652014565467467,0.17791893146630222,0.7340675831203386
TAP,PNC,cluster,regression,cheap,linear,all,179,11,62,,,False,0.5161913253768705,0.4635067416390525,0.20648367008834834,0.7212015584878606
TAP,PNC,cluster,regression,cheap,linear,25,25,12,62,,,False,0.25019538478227976,0.3034978081544792,-0.50819629157276,0.7202682224156647
TAP,PNC,cluster,regression,cheap,linear,50,50,12,62,,,False,0.2578467778906127,0.2692375770352144,-0.341290682618697,0.6792455065584545
TAP,PNC,cluster,regression,cheap,linear,100,100,12,62,,,False,0.49777999015935137,0.3854892208249924,0.10156572380949858,0.5559151073100236
TAP,PNC,cluster,regression,cheap,linear,150,150,12,62,,,False,0.5698478414635145,0.43751292784431284,0.17341340975881325,0.5332237660973741
TAP,PNC,cluster,regression,cheap,linear,all,179,12,62,,,False,0.6341609024551782,0.4583556312409031,0.18947757538280563,0.5280169178220991
TAP,PNC,cluster,regression,cheap,linear,25,25,13,61,,,False,0.30757180815664287,0.22464655680991555,-0.28023176059520494,0.7344412179827994
TAP,PNC,cluster,regression,cheap,linear,50,50,13,61,,,False,0.47129067190674806,0.40313194146650955,0.1071176800501874,0.6133520982881325
TAP,PNC,cluster,regression,cheap,linear,100,100,13,61,,,False,0.5147911131793838,0.40813473699309594,0.14839935086211953,0.5990053971423115
TAP,PNC,cluster,regression,cheap,linear,150,150,13,61,,,False,0.5219514580918349,0.42640907694190466,0.17084090432398868,0.5910601479633517
TAP,PNC,cluster,regression,cheap,linear,all,180,13,61,,,False,0.5938240931153108,0.5342553477792059,0.2702921400730002,0.554481748923186
TAP,PNC,cluster,regression,cheap,linear,25,25,14,59,,,False,0.3783009340499067,0.1709061510738079,-2.2997634054086964,1.1250291297893045
TAP,PNC,cluster,regression,cheap,linear,50,50,14,59,,,False,0.5332711626904013,0.4304009164495951,0.16230821658616879,0.5668452274329421
TAP,PNC,cluster,regression,cheap,linear,100,100,14,59,,,False,0.49891259262741466,0.4841709103627793,0.22881325487592263,0.5438788177637824
TAP,PNC,cluster,regression,cheap,linear,150,150,14,59,,,False,0.5283373195844707,0.4787168209785203,0.20667276255815858,0.5516308539408411
TAP,PNC,cluster,regression,cheap,linear,all,182,14,59,,,False,0.5474782530797676,0.5227052894110656,0.2516779241926712,0.5357555087620219
TAP,PNC,cluster,regression,cheap,linear,25,25,15,58,,,False,0.4369998787023797,0.34567743915897364,0.10089697102796247,0.8404940594823669
TAP,PNC,cluster,regression,cheap,linear,50,50,15,58,,,False,0.44728076270977873,0.333035536989018,0.02246578366702523,0.876386949545419
TAP,PNC,cluster,regression,cheap,linear,100,100,15,58,,,False,0.5556350493089715,0.40318238759649005,0.08356364205910904,0.8485571031234932
TAP,PNC,cluster,regression,cheap,linear,150,150,15,58,,,False,0.6391905975145594,0.5274676680974412,0.15132388557145415,0.8165840777562587
TAP,PNC,cluster,regression,cheap,linear,all,183,15,58,,,False,0.6412467743160393,0.5374642514910782,0.13963044890582332,0.8221904611741467
TAP,PNC,cluster,regression,cheap,linear,25,25,16,55,,,False,0.2973186862987376,0.3024130631200601,0.08732155057862745,0.6383755462578566
TAP,PNC,cluster,regression,cheap,linear,50,50,16,55,,,False,0.30220232247966805,0.31131125061493015,0.07998418415328323,0.6409364804259219
TAP,PNC,cluster,regression,cheap,linear,100,100,16,55,,,False,0.40927786799887517,0.4162233334540617,0.16339388951896605,0.6111922809630721
TAP,PNC,cluster,regression,cheap,linear,150,150,16,55,,,False,0.45505284593356676,0.45855963345239054,0.2097675707439014,0.5940113846242088
TAP,PNC,cluster,regression,cheap,linear,all,186,16,55,,,False,0.4992242418386992,0.48162374829509563,0.2292439871618982,0.5866455832073282
TAP,PNC,cluster,regression,cheap,linear,25,25,17,58,,,False,0.3844037604625461,0.38445653538548186,0.058278614214539615,0.6837754066619488
TAP,PNC,cluster,regression,cheap,linear,50,50,17,58,,,False,0.7051131698637816,0.560994143642763,0.23462416401891828,0.6164383273631194
TAP,PNC,cluster,regression,cheap,linear,100,100,17,58,,,False,0.6633226159264743,0.5653845096224959,0.2840091765335204,0.5962192419855893
TAP,PNC,cluster,regression,cheap,linear,150,150,17,58,,,False,0.6369119943582515,0.5092106275713626,0.25565662470191897,0.6079094907632548
TAP,PNC,cluster,regression,cheap,linear,all,183,17,58,,,False,0.6425218877223847,0.5244845316659095,0.2618444720800377,0.6053773921760589
TAP,PNC,cluster,regression,cheap,linear,25,25,18,56,,,False,0.6136662007609632,0.5167427490297775,0.0073602385826190275,0.7942651831848179
TAP,PNC,cluster,regression,cheap,linear,50,50,18,56,,,False,0.5824745568363386,0.5078633131001996,0.16406584259985058,0.7288794863505906
TAP,PNC,cluster,regression,cheap,linear,100,100,18,56,,,False,0.654747878125103,0.5263527640315814,0.25333081103082644,0.6888645045008449
TAP,PNC,cluster,regression,cheap,linear,150,150,18,56,,,False,0.694584656175178,0.624211810295563,0.28400029356542833,0.6745685880482017
TAP,PNC,cluster,regression,cheap,linear,all,185,18,56,,,False,0.6466560325836815,0.5922848825589702,0.27629114520183395,0.678190395523598
TAP,PNC,cluster,regression,cheap,linear,25,25,19,64,,,False,0.14540938670403047,0.22657645975565147,-0.022053958926403272,0.5759728793207202
TAP,PNC,cluster,regression,cheap,linear,50,50,19,64,,,False,0.28275092810888874,0.21946001882237548,-0.29335033224908824,0.6479227234948562
TAP,PNC,cluster,regression,cheap,linear,100,100,19,64,,,False,0.31967954944912297,0.356574045223169,0.09557246777624528,0.5418162289311478
TAP,PNC,cluster,regression,cheap,linear,150,150,19,64,,,False,0.3467526979603393,0.38143178297478364,0.11480234088726338,0.5360252528827104
TAP,PNC,cluster,regression,cheap,linear,all,177,19,64,,,False,0.35322108704859684,0.3851384813779829,0.113052314244239,0.5365548494586715
TAP,PNC,cluster,regression,cheap,mlp,25,25,0,63,,,False,-0.05185053821548158,0.17484350381486943,-1.6140976089385788,1.2662033178828795
TAP,PNC,cluster,regression,cheap,mlp,50,50,0,63,,,False,0.11832684145589616,0.23984441349958655,-1.1559280098273792,1.1498989428571913
TAP,PNC,cluster,regression,cheap,mlp,100,100,0,63,,,False,0.15090463244788743,0.27085467735466584,-0.16732575421965157,0.8461328979419019
TAP,PNC,cluster,regression,cheap,mlp,150,150,0,63,,,False,0.33296850342715384,0.4002719585745518,0.050647830005382866,0.7630556650445608
TAP,PNC,cluster,regression,cheap,mlp,all,178,0,63,,,False,0.3071899811256833,0.3597676660240081,0.03352150519288222,0.7699076674073115
TAP,PNC,cluster,regression,cheap,mlp,25,25,1,60,,,False,0.28970040427245825,0.09632395411218383,-1.7617221146688777,1.1741041853454415
TAP,PNC,cluster,regression,cheap,mlp,50,50,1,60,,,False,0.267927102133167,0.08846954199050946,-1.4212540336034105,1.099352139638261
TAP,PNC,cluster,regression,cheap,mlp,100,100,1,60,,,False,0.47464671972729156,0.39347865023205647,-0.10254132414533967,0.7418465570943931
TAP,PNC,cluster,regression,cheap,mlp,150,150,1,60,,,False,0.5123626984653394,0.4102367319809804,-0.16297519143184314,0.7619068402905679
TAP,PNC,cluster,regression,cheap,mlp,all,181,1,60,,,False,0.5631482919415904,0.48241510996798265,-0.07569966544478768,0.7327606920854964
TAP,PNC,cluster,regression,cheap,mlp,25,25,2,68,,,False,-0.008944475823116239,-0.0177049668650611,-0.9853747485726418,0.9323225722473562
TAP,PNC,cluster,regression,cheap,mlp,50,50,2,68,,,False,0.2746468582943148,0.19548451810377776,-0.3700714320728036,0.7744913245503756
TAP,PNC,cluster,regression,cheap,mlp,100,100,2,68,,,False,0.3938933434936476,0.4198619842889454,-0.002497714751924285,0.6625011670358671
TAP,PNC,cluster,regression,cheap,mlp,150,150,2,68,,,False,0.48124050341230934,0.3424702487124537,-0.07258763161226778,0.685269407963484
TAP,PNC,cluster,regression,cheap,mlp,all,173,2,68,,,False,0.4583648086080563,0.3879875049799093,-0.062132275652786895,0.6819212986450829
TAP,PNC,cluster,regression,cheap,mlp,25,25,3,63,,,False,0.2732068410338157,0.1895405906531899,-1.6457267994945615,0.9817140869767487
TAP,PNC,cluster,regression,cheap,mlp,50,50,3,63,,,False,0.398333690384088,0.37491197348756317,-0.2887724738896722,0.6851736464031978
TAP,PNC,cluster,regression,cheap,mlp,100,100,3,63,,,False,0.4194029895021013,0.3941932194878157,-0.23521099111497845,0.6707846230772748
TAP,PNC,cluster,regression,cheap,mlp,150,150,3,63,,,False,0.491088181324801,0.4489457458447111,-0.21042845250464115,0.6640214161101258
TAP,PNC,cluster,regression,cheap,mlp,all,178,3,63,,,False,0.5235101145558144,0.44761248736972586,-0.29415618582132463,0.6866032754747207
TAP,PNC,cluster,regression,cheap,mlp,25,25,4,57,,,False,-0.030940596162435892,-0.03778393558560256,-1.8652312687905694,1.3036431843035559
TAP,PNC,cluster,regression,cheap,mlp,50,50,4,57,,,False,-0.07273983706686832,0.044005502135030426,-1.1452525811601655,1.128023413311903
TAP,PNC,cluster,regression,cheap,mlp,100,100,4,57,,,False,0.31699393023924805,0.30008859952125644,-0.36338890871211826,0.899267246650993
TAP,PNC,cluster,regression,cheap,mlp,150,150,4,57,,,False,0.422767596189901,0.381311818180762,-0.11566267815829989,0.8134771340500323
TAP,PNC,cluster,regression,cheap,mlp,all,184,4,57,,,False,0.4036668476075939,0.3317364794494381,-0.17803373114519538,0.8359066117466585
TAP,PNC,cluster,regression,cheap,mlp,25,25,5,68,,,False,0.056687719131588134,0.16411277918852973,-0.6564469468501515,0.9233758293836266
TAP,PNC,cluster,regression,cheap,mlp,50,50,5,68,,,False,0.20793353940644216,0.19078847225884937,-0.882876837172607,0.9844659352823241
TAP,PNC,cluster,regression,cheap,mlp,100,100,5,68,,,False,0.33719960995563875,0.3380042537549029,-0.2347899333924508,0.7972348534059306
TAP,PNC,cluster,regression,cheap,mlp,150,150,5,68,,,False,0.1713202655113346,0.2377676954644885,-0.2374270745995124,0.7980857266956624
TAP,PNC,cluster,regression,cheap,mlp,all,173,5,68,,,False,0.19634457395681046,0.2681469662880551,-0.14190567814497212,0.7666636156775796
TAP,PNC,cluster,regression,cheap,mlp,25,25,6,56,,,False,0.4275904162599593,0.37366420004137096,-1.2695540338425761,0.9367663363321809
TAP,PNC,cluster,regression,cheap,mlp,50,50,6,56,,,False,0.5573100148313541,0.3824061338303678,-1.7172384673802492,1.0250024162049913
TAP,PNC,cluster,regression,cheap,mlp,100,100,6,56,,,False,0.40986859659810077,0.29546573625581674,-1.1640956784793604,0.9147433078880371
TAP,PNC,cluster,regression,cheap,mlp,150,150,6,56,,,False,0.41721834351212733,0.25835768655166713,-0.6991255424835872,0.8105386828673526
TAP,PNC,cluster,regression,cheap,mlp,all,185,6,56,,,False,0.563011220381487,0.36660892790138466,-0.5723263113513146,0.7797086513998408
TAP,PNC,cluster,regression,cheap,mlp,25,25,7,59,,,False,0.017284101653980387,0.03399266256123693,-1.150906903917066,1.0330010507989718
TAP,PNC,cluster,regression,cheap,mlp,50,50,7,59,,,False,0.24287452185748912,0.13741548402155948,-0.6659298967042293,0.9091139409362956
TAP,PNC,cluster,regression,cheap,mlp,100,100,7,59,,,False,0.3098578915891778,0.24327604864770558,-0.2961643840885506,0.8018996028825596
TAP,PNC,cluster,regression,cheap,mlp,150,150,7,59,,,False,0.3456222264994902,0.33320192516196695,-0.16296765178314088,0.7595804422748746
TAP,PNC,cluster,regression,cheap,mlp,all,182,7,59,,,False,0.34681835810184175,0.36431454494217475,-0.11966394507514932,0.7453046026856265
TAP,PNC,cluster,regression,cheap,mlp,25,25,8,63,,,False,0.1871069270076774,0.09811360980135916,-1.6860089683149089,0.8873172664176474
TAP,PNC,cluster,regression,cheap,mlp,50,50,8,63,,,False,0.16632279982244252,0.10756070794840465,-1.464630195249561,0.8499650845723532
TAP,PNC,cluster,regression,cheap,mlp,100,100,8,63,,,False,0.39106517629607823,0.26763588216512507,-0.5737027479221288,0.6791826059404485
TAP,PNC,cluster,regression,cheap,mlp,150,150,8,63,,,False,0.5235608757056655,0.38208711270314727,-0.2229346788178963,0.5987242293122815
TAP,PNC,cluster,regression,cheap,mlp,all,178,8,63,,,False,0.6178237375625331,0.6056863694095518,0.12901708373004006,0.5052775723683104
TAP,PNC,cluster,regression,cheap,mlp,25,25,9,64,,,False,-0.06408737546496106,0.047808294102883994,-1.5805859763377663,1.076812000907155
TAP,PNC,cluster,regression,cheap,mlp,50,50,9,64,,,False,-0.00785315760620967,0.012666228338190323,-0.9180755686178768,0.9283539239214711
TAP,PNC,cluster,regression,cheap,mlp,100,100,9,64,,,False,0.16980116074140852,0.2591842402829792,-0.37910766694615505,0.7871904325225836
TAP,PNC,cluster,regression,cheap,mlp,150,150,9,64,,,False,0.1792436478631606,0.3071525290871288,-0.475249169106732,0.814166839710414
TAP,PNC,cluster,regression,cheap,mlp,all,177,9,64,,,False,0.17569102894606575,0.31120143691437113,-0.4216642156128738,0.7992437275785472
TAP,PNC,cluster,regression,cheap,mlp,25,25,10,62,,,False,-0.17460733308171195,-0.2587187912971448,-2.1043576791142455,1.2196090944668099
TAP,PNC,cluster,regression,cheap,mlp,50,50,10,62,,,False,-0.06082472366787966,-0.2294812941266912,-1.636945805862907,1.124049351138076
TAP,PNC,cluster,regression,cheap,mlp,100,100,10,62,,,False,0.11500691862684742,-0.057093229531099035,-0.9141862480843899,0.9576942347635151
TAP,PNC,cluster,regression,cheap,mlp,150,150,10,62,,,False,0.2713538100420995,0.1487254362417247,-0.5329412578916719,0.8570329780921346
TAP,PNC,cluster,regression,cheap,mlp,all,179,10,62,,,False,0.25093129040371936,0.10212635156157894,-0.6095869475858295,0.8781970985196317
TAP,PNC,cluster,regression,cheap,mlp,25,25,11,62,,,False,0.4123615262133082,0.31782490652381123,-1.1046490993381965,1.174542054078293
TAP,PNC,cluster,regression,cheap,mlp,50,50,11,62,,,False,0.36701057945221205,0.35317645117672425,-0.10946899706786328,0.8527786279197223
TAP,PNC,cluster,regression,cheap,mlp,100,100,11,62,,,False,0.4434170658431893,0.3702263942316553,0.005065208591680248,0.8075622904387483
TAP,PNC,cluster,regression,cheap,mlp,150,150,11,62,,,False,0.5265172274426122,0.39737669701526385,0.038251162060522925,0.7939799898999387
TAP,PNC,cluster,regression,cheap,mlp,all,179,11,62,,,False,0.49831558034346357,0.5159429061742867,0.1868146036932392,0.730085137649481
TAP,PNC,cluster,regression,cheap,mlp,25,25,12,62,,,False,0.1579650786656175,0.20214556470376424,-2.0382462824158702,1.0222963443889679
TAP,PNC,cluster,regression,cheap,mlp,50,50,12,62,,,False,0.21752186826561465,0.22489457744827596,-1.2572237638895483,0.8811556436412306
TAP,PNC,cluster,regression,cheap,mlp,100,100,12,62,,,False,0.17704186283436657,0.19131998501180827,-0.8617842671139722,0.800257951804542
TAP,PNC,cluster,regression,cheap,mlp,150,150,12,62,,,False,0.26508458218227904,0.2641634490298537,-0.5631633740835782,0.7332760586383462
TAP,PNC,cluster,regression,cheap,mlp,all,179,12,62,,,False,0.34800913992394183,0.32079525223905125,-0.4847299021377698,0.7146428415725762
TAP,PNC,cluster,regression,cheap,mlp,25,25,13,61,,,False,0.07636803953618027,0.11116004440107692,-1.8165010001469466,1.0893506539779791
TAP,PNC,cluster,regression,cheap,mlp,50,50,13,61,,,False,0.148536779048517,0.13719988370392477,-0.8878699221991337,0.8918642940466499
TAP,PNC,cluster,regression,cheap,mlp,100,100,13,61,,,False,0.2142450569857098,0.13507125682561333,-0.7887453921447904,0.8681344839757734
TAP,PNC,cluster,regression,cheap,mlp,150,150,13,61,,,False,0.19750169407012852,0.18287436592113376,-0.4266337987112312,0.7752985968200858
TAP,PNC,cluster,regression,cheap,mlp,all,180,13,61,,,False,0.3253111588983921,0.34319442501684383,-0.15648729168343123,0.6980446067202845
TAP,PNC,cluster,regression,cheap,mlp,25,25,14,59,,,False,0.1184122345423341,0.10580299385653022,-2.086246416129658,1.0880219723460336
TAP,PNC,cluster,regression,cheap,mlp,50,50,14,59,,,False,0.1465291958568542,0.07571140826262503,-1.485598562743598,0.9764226860158038
TAP,PNC,cluster,regression,cheap,mlp,100,100,14,59,,,False,0.18219553156237653,0.25884838720147163,-1.1625357404552519,0.9107601365287338
TAP,PNC,cluster,regression,cheap,mlp,150,150,14,59,,,False,0.2894323142503137,0.30413675365544535,-0.771878227456565,0.8244025044152357
TAP,PNC,cluster,regression,cheap,mlp,all,182,14,59,,,False,0.25334987129489356,0.33672649328026205,-0.3919777536956386,0.7306990014906849
TAP,PNC,cluster,regression,cheap,mlp,25,25,15,58,,,False,0.2266467610722045,0.13258196875484726,-0.49526389228564716,1.0838990631187757
TAP,PNC,cluster,regression,cheap,mlp,50,50,15,58,,,False,0.24695929553530793,0.16608616580165825,-0.38973649042065284,1.0449515351795264
TAP,PNC,cluster,regression,cheap,mlp,100,100,15,58,,,False,0.2039041994800795,0.09495980592816021,-0.41813920599800447,1.0555756168559551
TAP,PNC,cluster,regression,cheap,mlp,150,150,15,58,,,False,0.21711357771988912,0.22564043161681518,-0.2028806667335925,0.972167705767073
TAP,PNC,cluster,regression,cheap,mlp,all,183,15,58,,,False,0.2720695758685308,0.29542844878644775,-0.07838599879280128,0.920485683347314
TAP,PNC,cluster,regression,cheap,mlp,25,25,16,55,,,False,0.02405373044338892,0.04231796471767009,-2.3091533632468573,1.215558297163217
TAP,PNC,cluster,regression,cheap,mlp,50,50,16,55,,,False,-0.03032227837712058,0.042712318100269715,-1.9103265978267312,1.1399563149028429
TAP,PNC,cluster,regression,cheap,mlp,100,100,16,55,,,False,0.07398344363648411,0.11292421960052577,-1.1275279763143278,0.9746641324397252
TAP,PNC,cluster,regression,cheap,mlp,150,150,16,55,,,False,0.15795282991158724,0.18956566073874984,-1.0379860802365855,0.9539331721328762
TAP,PNC,cluster,regression,cheap,mlp,all,186,16,55,,,False,0.3005258503578561,0.36639254240719776,-0.6657164618808074,0.8624181411950241
TAP,PNC,cluster,regression,cheap,mlp,25,25,17,58,,,False,0.06375738357101998,0.09538018384753597,-1.308147916189025,1.0704936079036764
TAP,PNC,cluster,regression,cheap,mlp,50,50,17,58,,,False,0.28128257457802935,0.28256053506303946,-0.43016102190929484,0.8426451562597596
TAP,PNC,cluster,regression,cheap,mlp,100,100,17,58,,,False,0.48185202047322023,0.550374977797229,0.12927809217437602,0.6574943055139886
TAP,PNC,cluster,regression,cheap,mlp,150,150,17,58,,,False,0.39587567722965006,0.4475577788316812,-0.02847411731159899,0.7145768515659044
TAP,PNC,cluster,regression,cheap,mlp,all,183,17,58,,,False,0.48128472788583593,0.471904361394087,0.022589476800507713,0.6966117012902053
TAP,PNC,cluster,regression,cheap,mlp,25,25,18,56,,,False,0.23850196025292253,0.09689792918994146,-1.0264089327428088,1.1348363479362105
TAP,PNC,cluster,regression,cheap,mlp,50,50,18,56,,,False,0.43899991089036566,0.2758161309360023,-0.5147242995918215,0.9811524397611621
TAP,PNC,cluster,regression,cheap,mlp,100,100,18,56,,,False,0.5801922414272197,0.3468615238054451,-0.3428751112393189,0.9238203064223549
TAP,PNC,cluster,regression,cheap,mlp,150,150,18,56,,,False,0.5597205638181534,0.42380246991550896,-0.21380525315247056,0.8783026603309441
TAP,PNC,cluster,regression,cheap,mlp,all,185,18,56,,,False,0.5516632988132338,0.43534570328282773,-0.12198634868407554,0.8444296582171241
TAP,PNC,cluster,regression,cheap,mlp,25,25,19,64,,,False,0.16363848322548363,0.29148182204262674,-2.0779245434065916,0.9995260247202864
TAP,PNC,cluster,regression,cheap,mlp,50,50,19,64,,,False,0.36399389505740404,0.3718713217643704,-1.0935941816763175,0.8243494895186786
TAP,PNC,cluster,regression,cheap,mlp,100,100,19,64,,,False,0.2840446059265403,0.39777487791673805,-1.0466983095467874,0.8150646116689206
TAP,PNC,cluster,regression,cheap,mlp,150,150,19,64,,,False,0.3429187073371175,0.39424557899194945,-0.30860401418250105,0.6517323012322824
TAP,PNC,cluster,regression,cheap,mlp,all,177,19,64,,,False,0.413177173543028,0.41227994246139976,-0.29087107969171333,0.6473014167279346
TAP,PNC,cluster,regression,esm2_mean,linear,25,25,0,63,,,False,0.2435018672044031,0.3345224758556901,-0.026592590492961588,0.7934902777929415
TAP,PNC,cluster,regression,esm2_mean,linear,50,50,0,63,,,False,0.22021804060952646,0.2737666293083006,0.05612095148512286,0.760852935067121
TAP,PNC,cluster,regression,esm2_mean,linear,100,100,0,63,,,False,0.323527792223769,0.331435330620946,0.02017095032510796,0.7752070306206635
TAP,PNC,cluster,regression,esm2_mean,linear,150,150,0,63,,,False,0.4312399480261185,0.35346313409322805,0.07637733788051171,0.7526444047746209
TAP,PNC,cluster,regression,esm2_mean,linear,all,178,0,63,,,False,0.43368572813062234,0.3551054806723706,0.06566127147639422,0.7569979835686337
TAP,PNC,cluster,regression,esm2_mean,linear,25,25,1,60,,,False,0.40194698774603593,0.20036150875809777,-0.01431957878246548,0.7115477531703959
TAP,PNC,cluster,regression,esm2_mean,linear,50,50,1,60,,,False,0.42997342452300197,0.33330619349028706,0.007385287482326142,0.7038935755366137
TAP,PNC,cluster,regression,esm2_mean,linear,100,100,1,60,,,False,0.6227502419115002,0.4420569853050588,0.1669901073164326,0.6448247922861449
TAP,PNC,cluster,regression,esm2_mean,linear,150,150,1,60,,,False,0.65176253324846,0.46422994037402987,0.20161457160899343,0.6312813343322523
TAP,PNC,cluster,regression,esm2_mean,linear,all,181,1,60,,,False,0.6848309119179656,0.4782947301861869,0.2219243614991322,0.6232001601789837
TAP,PNC,cluster,regression,esm2_mean,linear,25,25,2,68,,,False,0.4947165831369601,0.4172017674609859,0.1285320940370912,0.6176901143742674
TAP,PNC,cluster,regression,esm2_mean,linear,50,50,2,68,,,False,0.6044051439500868,0.46353799699767273,0.1386582137050585,0.6140909686639205
TAP,PNC,cluster,regression,esm2_mean,linear,100,100,2,68,,,False,0.4365577016233791,0.38354367196396355,-0.02124315661863374,0.6686664475695995
TAP,PNC,cluster,regression,esm2_mean,linear,150,150,2,68,,,False,0.5877035121033831,0.41310481708491953,0.12859377515620274,0.6176682544231188
TAP,PNC,cluster,regression,esm2_mean,linear,all,173,2,68,,,False,0.5434758495709389,0.4519831323167416,0.14742610742442186,0.610957452596905
TAP,PNC,cluster,regression,esm2_mean,linear,25,25,3,63,,,False,0.306570695872458,0.23774948799759169,-0.20165232260554689,0.6616098156134429
TAP,PNC,cluster,regression,esm2_mean,linear,50,50,3,63,,,False,0.43249074236599677,0.3384983843688093,0.09375745274453162,0.5745591544885079
TAP,PNC,cluster,regression,esm2_mean,linear,100,100,3,63,,,False,0.5716968410092473,0.47318705224489316,0.19232902680922925,0.5424125909621701
TAP,PNC,cluster,regression,esm2_mean,linear,150,150,3,63,,,False,0.6069941138846014,0.5361927012844258,0.2854995756493821,0.5101686530611912
TAP,PNC,cluster,regression,esm2_mean,linear,all,178,3,63,,,False,0.6261795697873572,0.544714949570148,0.29384849709546645,0.507179239955207
TAP,PNC,cluster,regression,esm2_mean,linear,25,25,4,57,,,False,0.36886685361517124,0.39920155572457916,-0.010084577236935566,0.7740299535102309
TAP,PNC,cluster,regression,esm2_mean,linear,50,50,4,57,,,False,0.34878490219473185,0.3355734022206908,-0.02141374434051113,0.7783586320655729
TAP,PNC,cluster,regression,esm2_mean,linear,100,100,4,57,,,False,0.29756611404423017,0.25273800454744155,-0.02079948394324793,0.7781245512196354
TAP,PNC,cluster,regression,esm2_mean,linear,150,150,4,57,,,False,0.39764880353371623,0.3111454734399517,0.04854664632955097,0.7512295244372823
TAP,PNC,cluster,regression,esm2_mean,linear,all,184,4,57,,,False,0.5195141960297376,0.39174769326097264,0.1225031486939705,0.7214424299936516
TAP,PNC,cluster,regression,esm2_mean,linear,25,25,5,68,,,False,0.24876991088065273,0.3159290343847212,-0.010824175836252392,0.7213192906617282
TAP,PNC,cluster,regression,esm2_mean,linear,50,50,5,68,,,False,0.26385520827949527,0.21077835044829993,-0.09764920641656483,0.7516601401583024
TAP,PNC,cluster,regression,esm2_mean,linear,100,100,5,68,,,False,0.3808251900634896,0.24007158045784213,-0.03908770496519787,0.7313341269071902
TAP,PNC,cluster,regression,esm2_mean,linear,150,150,5,68,,,False,0.38416438349812915,0.22902712140280984,0.024360058013850994,0.7086544564895597
TAP,PNC,cluster,regression,esm2_mean,linear,all,173,5,68,,,False,0.34825823291859237,0.2304478646375211,0.023890506985489224,0.7088249647826927
TAP,PNC,cluster,regression,esm2_mean,linear,25,25,6,56,,,False,0.2480367860425242,0.18079890348298372,-0.805777750532809,0.8355898595521547
TAP,PNC,cluster,regression,esm2_mean,linear,50,50,6,56,,,False,0.33571857983462666,0.20908341814802806,-0.034708801904734576,0.632513914384288
TAP,PNC,cluster,regression,esm2_mean,linear,100,100,6,56,,,False,0.5310020422325487,0.36899821083255335,0.08325332253711681,0.5953682687052655
TAP,PNC,cluster,regression,esm2_mean,linear,150,150,6,56,,,False,0.5106700320778581,0.37383159483855316,0.09123675527322839,0.5927702359388258
TAP,PNC,cluster,regression,esm2_mean,linear,all,185,6,56,,,False,0.44627388505075594,0.33650586123913,0.044542244940263265,0.6078084827658352
TAP,PNC,cluster,regression,esm2_mean,linear,25,25,7,59,,,False,0.02428147152773715,0.058284565389182155,-0.5209899474274475,0.8686666100985841
TAP,PNC,cluster,regression,esm2_mean,linear,50,50,7,59,,,False,0.2725385855958084,0.22574879765476988,-0.1499196141950918,0.7553073265650836
TAP,PNC,cluster,regression,esm2_mean,linear,100,100,7,59,,,False,0.4120075304300031,0.29830727456226125,0.031688971543819666,0.6931023887557117
TAP,PNC,cluster,regression,esm2_mean,linear,150,150,7,59,,,False,0.5458546567331454,0.4021811409350745,0.11008325873577474,0.6644535788685658
TAP,PNC,cluster,regression,esm2_mean,linear,all,182,7,59,,,False,0.542625101406796,0.3737772469340445,0.09525860772977068,0.6699651101351818
TAP,PNC,cluster,regression,esm2_mean,linear,25,25,8,63,,,False,0.4745003790803984,0.3045598035555126,-0.002797766096116261,0.5421655049260277
TAP,PNC,cluster,regression,esm2_mean,linear,50,50,8,63,,,False,0.27494786693186174,0.15609862420136894,-0.005751670793447516,0.5429634362965498
TAP,PNC,cluster,regression,esm2_mean,linear,100,100,8,63,,,False,0.4570018863723503,0.4485505153086742,-0.02328829320575254,0.5476766259044
TAP,PNC,cluster,regression,esm2_mean,linear,150,150,8,63,,,False,0.5792175324555878,0.45662506465185254,0.11848636709065041,0.508322952478378
TAP,PNC,cluster,regression,esm2_mean,linear,all,178,8,63,,,False,0.6054279347622373,0.53746611348027,0.20454479731256403,0.4828731605246172
TAP,PNC,cluster,regression,esm2_mean,linear,25,25,9,64,,,False,0.24898716660402267,0.24464571120253414,-0.03380337382660081,0.6815530932581313
TAP,PNC,cluster,regression,esm2_mean,linear,50,50,9,64,,,False,0.2668904961467507,0.2584813679628918,-0.13241589434561574,0.7133188468537545
TAP,PNC,cluster,regression,esm2_mean,linear,100,100,9,64,,,False,0.44748974859669743,0.3961848880811521,0.12361498463879728,0.627520896249423
TAP,PNC,cluster,regression,esm2_mean,linear,150,150,9,64,,,False,0.39927229579428514,0.3529595014432894,0.09173102957975177,0.6388339077166618
TAP,PNC,cluster,regression,esm2_mean,linear,all,177,9,64,,,False,0.4471625336964387,0.42358013720178483,0.14420766252560935,0.6201045492112864
TAP,PNC,cluster,regression,esm2_mean,linear,25,25,10,62,,,False,0.36038974387371103,0.35541406740748643,0.1078054774755629,0.6538295630494916
TAP,PNC,cluster,regression,esm2_mean,linear,50,50,10,62,,,False,0.3450207558805422,0.31310860709779836,0.08486117095931123,0.6621833680473669
TAP,PNC,cluster,regression,esm2_mean,linear,100,100,10,62,,,False,0.518820565864308,0.5112705059684399,0.20732583618254963,0.6162857539051533
TAP,PNC,cluster,regression,esm2_mean,linear,150,150,10,62,,,False,0.5790461594917761,0.4567588677066223,0.19046108681611862,0.6228072246371675
TAP,PNC,cluster,regression,esm2_mean,linear,all,179,10,62,,,False,0.5451301893780376,0.4414552360187217,0.1632268138344115,0.6331967172365823
TAP,PNC,cluster,regression,esm2_mean,linear,25,25,11,62,,,False,0.04838645063469359,0.09450356891277142,-0.018623184563305584,0.817119360533403
TAP,PNC,cluster,regression,esm2_mean,linear,50,50,11,62,,,False,0.03907238319348447,0.009778817046331297,-0.1996947354706129,0.886776343174978
TAP,PNC,cluster,regression,esm2_mean,linear,100,100,11,62,,,False,0.275711962946321,0.19398402770939469,0.027250522157924895,0.7985079151700533
TAP,PNC,cluster,regression,esm2_mean,linear,150,150,11,62,,,False,0.357930012308972,0.28332296099539417,0.07914396488713693,0.7769169411446621
TAP,PNC,cluster,regression,esm2_mean,linear,all,179,11,62,,,False,0.39770289639636347,0.3573575922302209,0.12375937310837126,0.7578624943680233
TAP,PNC,cluster,regression,esm2_mean,linear,25,25,12,62,,,False,0.24393985393019676,0.37066574282887865,-0.001606253127719448,0.5869672006558356
TAP,PNC,cluster,regression,esm2_mean,linear,50,50,12,62,,,False,0.2875217754864447,0.37388486384464265,0.06548571791175017,0.5669676657838693
TAP,PNC,cluster,regression,esm2_mean,linear,100,100,12,62,,,False,0.4618494617114364,0.3082939665335902,0.07083635541839484,0.5653422260620788
TAP,PNC,cluster,regression,esm2_mean,linear,150,150,12,62,,,False,0.48868103619268505,0.31303341850516936,0.07669968104944402,0.563555656229608
TAP,PNC,cluster,regression,esm2_mean,linear,all,179,12,62,,,False,0.5532525901947654,0.3547300306294931,0.10818619172712252,0.553863079976961
TAP,PNC,cluster,regression,esm2_mean,linear,25,25,13,61,,,False,0.3897273445205562,0.350041197286308,0.10451491807005187,0.6142454118810118
TAP,PNC,cluster,regression,esm2_mean,linear,50,50,13,61,,,False,0.3895658329811776,0.39576332476045817,0.1066367026061833,0.6135172761619974
TAP,PNC,cluster,regression,esm2_mean,linear,100,100,13,61,,,False,0.4744939841044235,0.38755754829738837,0.13991566550985324,0.6019816629273753
TAP,PNC,cluster,regression,esm2_mean,linear,150,150,13,61,,,False,0.4824349681238712,0.403245200343032,0.15521266586934845,0.5966043842259732
TAP,PNC,cluster,regression,esm2_mean,linear,all,180,13,61,,,False,0.47925857451609216,0.3791793108165755,0.13428618163011885,0.6039485159308893
TAP,PNC,cluster,regression,esm2_mean,linear,25,25,14,59,,,False,0.22392514433783767,0.08954686012009669,0.007139656061606936,0.6171154919654052
TAP,PNC,cluster,regression,esm2_mean,linear,50,50,14,59,,,False,0.4699039729202566,0.35415628320024645,0.11514260466174564,0.5825846117294822
TAP,PNC,cluster,regression,esm2_mean,linear,100,100,14,59,,,False,0.3926863561178008,0.3854955141354387,0.11498227899858593,0.5826373880492635
TAP,PNC,cluster,regression,esm2_mean,linear,150,150,14,59,,,False,0.3796681435852851,0.40768302338064066,0.1286488923551623,0.5781212864548896
TAP,PNC,cluster,regression,esm2_mean,linear,all,182,14,59,,,False,0.4569452042805835,0.451660831520413,0.18769603212940056,0.55818948861273
TAP,PNC,cluster,regression,esm2_mean,linear,25,25,15,58,,,False,0.34254036261015647,0.1604606534646992,-0.014824752733020752,0.8929465088944192
TAP,PNC,cluster,regression,esm2_mean,linear,50,50,15,58,,,False,0.2654025783607024,0.14766125745833894,-0.07376142534362051,0.9185098475780227
TAP,PNC,cluster,regression,esm2_mean,linear,100,100,15,58,,,False,0.5063491144613801,0.3477583561933883,0.01677301264674491,0.8789351098186278
TAP,PNC,cluster,regression,esm2_mean,linear,150,150,15,58,,,False,0.5941416330457748,0.4831751025975262,0.0928517992917941,0.8442460543733467
TAP,PNC,cluster,regression,esm2_mean,linear,all,183,15,58,,,False,0.6011201724932215,0.5124846410132212,0.08901399848390568,0.846030012365139
TAP,PNC,cluster,regression,esm2_mean,linear,25,25,16,55,,,False,0.2090487845807255,0.19279035705716346,-0.01032362107929985,0.6716570813756473
TAP,PNC,cluster,regression,esm2_mean,linear,50,50,16,55,,,False,0.2519081588253094,0.2629163895438413,0.03039967929323517,0.6579815556682167
TAP,PNC,cluster,regression,esm2_mean,linear,100,100,16,55,,,False,0.3579632430529788,0.26973460228867263,0.05228291358913295,0.6505140781898726
TAP,PNC,cluster,regression,esm2_mean,linear,150,150,16,55,,,False,0.3775706778689534,0.3309927257770256,0.09286178747686358,0.6364350296378075
TAP,PNC,cluster,regression,esm2_mean,linear,all,186,16,55,,,False,0.4032279903419016,0.37679451047205437,0.13159616983254774,0.6226990593593087
TAP,PNC,cluster,regression,esm2_mean,linear,25,25,17,58,,,False,0.4056457162346012,0.40734310418277,0.1276874211976562,0.6580946004426765
TAP,PNC,cluster,regression,esm2_mean,linear,50,50,17,58,,,False,0.5048588865171375,0.4073801416789983,0.11676142849945281,0.6622031972751544
TAP,PNC,cluster,regression,esm2_mean,linear,100,100,17,58,,,False,0.4567020490991846,0.4504259559170847,0.20252162293917642,0.6292333290517487
TAP,PNC,cluster,regression,esm2_mean,linear,150,150,17,58,,,False,0.5491707408428191,0.41634047844205563,0.16931187268050585,0.6422014201522874
TAP,PNC,cluster,regression,esm2_mean,linear,all,183,17,58,,,False,0.563605185566263,0.4574106402750167,0.20551541796812378,0.6280511233822939
TAP,PNC,cluster,regression,esm2_mean,linear,25,25,18,56,,,False,0.1762569945496805,0.09499137037816036,-0.018306726859547373,0.8044684162551173
TAP,PNC,cluster,regression,esm2_mean,linear,50,50,18,56,,,False,0.4922885176396412,0.28447675810040673,-0.010191925568463045,0.8012566340271872
TAP,PNC,cluster,regression,esm2_mean,linear,100,100,18,56,,,False,0.5785669562116351,0.35018378465080946,0.05853323593871007,0.7735211419370969
TAP,PNC,cluster,regression,esm2_mean,linear,150,150,18,56,,,False,0.6474859654597248,0.4465839214977055,0.0874849279660106,0.7615347314533221
TAP,PNC,cluster,regression,esm2_mean,linear,all,185,18,56,,,False,0.6490766701388077,0.4744426960304008,0.15514302692862636,0.7327592142824036
TAP,PNC,cluster,regression,esm2_mean,linear,25,25,19,64,,,False,0.1065284879298858,0.2210323324422533,-0.017739909201510917,0.574756014397194
TAP,PNC,cluster,regression,esm2_mean,linear,50,50,19,64,,,False,0.30410837280757197,0.33685052971003504,0.08691807792393424,0.5444023536809061
TAP,PNC,cluster,regression,esm2_mean,linear,100,100,19,64,,,False,0.4037215647667388,0.29988935883152523,0.010192221956741854,0.5668139798540923
TAP,PNC,cluster,regression,esm2_mean,linear,150,150,19,64,,,False,0.36088906829504036,0.30851434122221505,-0.03784539904555051,0.5804054130733978
TAP,PNC,cluster,regression,esm2_mean,linear,all,177,19,64,,,False,0.4199513410245487,0.34687052753529796,0.0012302035783570142,0.5693742499768568
TAP,PNC,cluster,regression,esm2_mean,mlp,25,25,0,63,,,False,0.09607024250491114,0.08599447996812243,-2.1591889609595722,1.391971517543563
TAP,PNC,cluster,regression,esm2_mean,mlp,50,50,0,63,,,False,0.302542998927126,0.3536848950670723,-0.592965759424134,0.9884296572081207
TAP,PNC,cluster,regression,esm2_mean,mlp,100,100,0,63,,,False,0.2923196380902999,0.3515221245076267,-0.34315710932981824,0.9076239656396679
TAP,PNC,cluster,regression,esm2_mean,mlp,150,150,0,63,,,False,0.32083743410881477,0.3370200436384039,-0.28881860369905876,0.8890750962089298
TAP,PNC,cluster,regression,esm2_mean,mlp,all,178,0,63,,,False,0.2859606098185899,0.2828820567072366,-0.364346684696067,0.9147552637433922
TAP,PNC,cluster,regression,esm2_mean,mlp,25,25,1,60,,,False,0.040504538779173066,0.059055471253843535,-9.224670846129463,2.259130481755114
TAP,PNC,cluster,regression,esm2_mean,mlp,50,50,1,60,,,False,0.27437740768284063,0.2676701466433623,-4.824958980140407,1.7051519384055736
TAP,PNC,cluster,regression,esm2_mean,mlp,100,100,1,60,,,False,0.5155456003304622,0.39220230907700615,-1.0902486391750563,1.0214464939392485
TAP,PNC,cluster,regression,esm2_mean,mlp,150,150,1,60,,,False,0.4921949308951809,0.4385914621773267,-1.149505609530693,1.035823927067001
TAP,PNC,cluster,regression,esm2_mean,mlp,all,181,1,60,,,False,0.3166001501237171,0.330214315874087,-1.2445540267032338,1.0584776179790065
TAP,PNC,cluster,regression,esm2_mean,mlp,25,25,2,68,,,False,-0.18258999650418922,-0.02651204120095641,-6.3539231665420814,1.7943389975062591
TAP,PNC,cluster,regression,esm2_mean,mlp,50,50,2,68,,,False,0.060850139725846096,0.1338102006316903,-1.7924462490983162,1.1057001363155121
TAP,PNC,cluster,regression,esm2_mean,mlp,100,100,2,68,,,False,0.22151429726540522,0.19071046360310845,-1.2884295280134133,1.0009530873529526
TAP,PNC,cluster,regression,esm2_mean,mlp,150,150,2,68,,,False,0.26123014455964044,0.18929787988097552,-1.3772661719053976,1.0201965657132661
TAP,PNC,cluster,regression,esm2_mean,mlp,all,173,2,68,,,False,0.3407805711280636,0.29842585955135636,-1.0956595904227222,0.9578672430334162
TAP,PNC,cluster,regression,esm2_mean,mlp,25,25,3,63,,,False,0.09458875933451646,-0.03956730839646585,-5.4343131048029765,1.5309592107011138
TAP,PNC,cluster,regression,esm2_mean,mlp,50,50,3,63,,,False,0.3166839594491044,0.21118501807120152,-4.167982617490031,1.3720598210330526
TAP,PNC,cluster,regression,esm2_mean,mlp,100,100,3,63,,,False,0.31762588105673323,0.29745109037358153,-2.3227277754534734,1.1001702719914046
TAP,PNC,cluster,regression,esm2_mean,mlp,150,150,3,63,,,False,0.42887178039984386,0.3522681539499734,-1.3349670252389134,0.9222589968098569
TAP,PNC,cluster,regression,esm2_mean,mlp,all,178,3,63,,,False,0.507398297583216,0.40575037777942474,-0.7369584496993873,0.7954396576666961
TAP,PNC,cluster,regression,esm2_mean,mlp,25,25,4,57,,,False,-0.08163607613260042,0.024992596183823716,-1.6910258631068635,1.2633911584303545
TAP,PNC,cluster,regression,esm2_mean,mlp,50,50,4,57,,,False,0.07404810751771126,0.23749612334580192,-0.7226626598620145,1.0108320825921897
TAP,PNC,cluster,regression,esm2_mean,mlp,100,100,4,57,,,False,0.13233155610276495,0.2498340589941287,-0.5702972534356896,0.9650944829051317
TAP,PNC,cluster,regression,esm2_mean,mlp,150,150,4,57,,,False,0.20441725794421176,0.32361076505030556,-0.2414361822615363,0.8581063126486896
TAP,PNC,cluster,regression,esm2_mean,mlp,all,184,4,57,,,False,0.21808868415552068,0.30234386548362135,-0.2791048112156822,0.871027694349285
TAP,PNC,cluster,regression,esm2_mean,mlp,25,25,5,68,,,False,-0.027734947821830374,-0.06610846249494574,-3.05563286430991,1.4448376615894338
TAP,PNC,cluster,regression,esm2_mean,mlp,50,50,5,68,,,False,0.17302914685729726,0.0989530751188795,-2.0573087085395603,1.2544674106904334
TAP,PNC,cluster,regression,esm2_mean,mlp,100,100,5,68,,,False,0.10756131322403903,-0.005935381753936826,-1.7208460494568176,1.1834276754212518
TAP,PNC,cluster,regression,esm2_mean,mlp,150,150,5,68,,,False,0.13117137503837337,0.09409266229175048,-1.075361008319537,1.0335620704350363
TAP,PNC,cluster,regression,esm2_mean,mlp,all,173,5,68,,,False,0.17018101128069285,0.09601869170261859,-1.0905302499788414,1.0373324525276264
TAP,PNC,cluster,regression,esm2_mean,mlp,25,25,6,56,,,False,0.21314266050677166,0.10030356737491644,-6.989349313253684,1.7575865360791147
TAP,PNC,cluster,regression,esm2_mean,mlp,50,50,6,56,,,False,0.1807556916286077,0.07336026211915647,-3.552669340910284,1.3267651836225745
TAP,PNC,cluster,regression,esm2_mean,mlp,100,100,6,56,,,False,0.25923312947230304,0.16620069364866577,-1.4794065944920396,0.9791176694237331
TAP,PNC,cluster,regression,esm2_mean,mlp,150,150,6,56,,,False,0.2769206045224138,0.12898470713213636,-1.833811939120371,1.0467585692080374
TAP,PNC,cluster,regression,esm2_mean,mlp,all,185,6,56,,,False,0.16214091206130665,0.02083851235749283,-1.9342819507112439,1.0651528485823516
TAP,PNC,cluster,regression,esm2_mean,mlp,25,25,7,59,,,False,0.08038004367802644,0.0756046781984445,-2.2164074561616447,1.2632098010170223
TAP,PNC,cluster,regression,esm2_mean,mlp,50,50,7,59,,,False,0.022846113604915255,0.023754008842903965,-2.03082561747169,1.226225748315255
TAP,PNC,cluster,regression,esm2_mean,mlp,100,100,7,59,,,False,0.06506955916792616,0.08110392770994998,-1.538985992802282,1.1223288039575203
TAP,PNC,cluster,regression,esm2_mean,mlp,150,150,7,59,,,False,0.1635709966215791,0.20416480298341994,-1.1625920567939012,1.0358032235581918
TAP,PNC,cluster,regression,esm2_mean,mlp,all,182,7,59,,,False,0.2820478318345035,0.26139020831817683,-0.9270691514009564,0.9777742733177835
TAP,PNC,cluster,regression,esm2_mean,mlp,25,25,8,63,,,False,0.16164325980947947,0.018606978753124857,-5.019418223750131,1.3283192386425304
TAP,PNC,cluster,regression,esm2_mean,mlp,50,50,8,63,,,False,0.2759684049134122,0.016599374188965177,-2.359677003205794,0.9923707767440066
TAP,PNC,cluster,regression,esm2_mean,mlp,100,100,8,63,,,False,0.3057133534000657,0.20180714483500903,-1.2043431583833226,0.8038311006049941
TAP,PNC,cluster,regression,esm2_mean,mlp,150,150,8,63,,,False,0.3618927247259042,0.23763584050819778,-1.7013748019498505,0.8898516819245967
TAP,PNC,cluster,regression,esm2_mean,mlp,all,178,8,63,,,False,0.42190533627512733,0.296776735307927,-2.207351842526152,0.9696131692766607
TAP,PNC,cluster,regression,esm2_mean,mlp,25,25,9,64,,,False,0.1346723039493456,0.007126110399916421,-3.5413281907521554,1.4284734235775018
TAP,PNC,cluster,regression,esm2_mean,mlp,50,50,9,64,,,False,0.1306756076676139,0.12210976759251214,-2.677104574461243,1.2853864314180972
TAP,PNC,cluster,regression,esm2_mean,mlp,100,100,9,64,,,False,0.32742525269461686,0.3233979734903141,-0.8646755067517458,0.9153398155028586
TAP,PNC,cluster,regression,esm2_mean,mlp,150,150,9,64,,,False,0.09169028955107303,0.07534891117822184,-1.2200583297313452,0.9987640764209317
TAP,PNC,cluster,regression,esm2_mean,mlp,all,177,9,64,,,False,0.11553023228420954,0.13380062234210674,-1.0787808870786009,0.9664626573122513
TAP,PNC,cluster,regression,esm2_mean,mlp,25,25,10,62,,,False,0.20227151146941566,0.06981693568356089,-2.575796746730885,1.3089443702412982
TAP,PNC,cluster,regression,esm2_mean,mlp,50,50,10,62,,,False,0.26437264261469406,0.1321852241825165,-2.246980380686775,1.2473105891345762
TAP,PNC,cluster,regression,esm2_mean,mlp,100,100,10,62,,,False,0.34246794092574473,0.18887138453979874,-1.5289050390322942,1.100781286819169
TAP,PNC,cluster,regression,esm2_mean,mlp,150,150,10,62,,,False,0.37872833293674624,0.17550249951943994,-0.8561896357255321,0.943074384400706
TAP,PNC,cluster,regression,esm2_mean,mlp,all,179,10,62,,,False,0.341321779109305,0.1399036199492041,-1.0988727715575495,1.0028311922108037
TAP,PNC,cluster,regression,esm2_mean,mlp,25,25,11,62,,,False,0.2541002131454096,0.15674171394468855,-1.0814804284955017,1.1680592906143985
TAP,PNC,cluster,regression,esm2_mean,mlp,50,50,11,62,,,False,0.13753167550375905,0.1771359657196425,-0.9542665447208742,1.1318024270901441
TAP,PNC,cluster,regression,esm2_mean,mlp,100,100,11,62,,,False,0.12287304568681436,0.17745921525807662,-0.5670475457170272,1.013490796050888
TAP,PNC,cluster,regression,esm2_mean,mlp,150,150,11,62,,,False,0.27073062325631503,0.2710042901221351,-0.3372095929102328,0.9362211845248651
TAP,PNC,cluster,regression,esm2_mean,mlp,all,179,11,62,,,False,0.23643202393241966,0.2547365572299148,-0.3354431448372055,0.935602608110888
TAP,PNC,cluster,regression,esm2_mean,mlp,25,25,12,62,,,False,-0.20206398624269875,-0.14343871941745862,-4.208877394576645,1.338558597424489
TAP,PNC,cluster,regression,esm2_mean,mlp,50,50,12,62,,,False,0.01858564744895745,0.01540535114635582,-3.5310295777153478,1.2484287711621183
TAP,PNC,cluster,regression,esm2_mean,mlp,100,100,12,62,,,False,-0.03295785882812343,-0.1530280975954421,-3.154531268507819,1.1954360163510924
TAP,PNC,cluster,regression,esm2_mean,mlp,150,150,12,62,,,False,0.10244078002812013,0.03499849353576162,-1.50644152025435,0.9285260838939409
TAP,PNC,cluster,regression,esm2_mean,mlp,all,179,12,62,,,False,0.08351909166562103,0.13638416499804246,-1.340241911542806,0.8972132873325057
TAP,PNC,cluster,regression,esm2_mean,mlp,25,25,13,61,,,False,-0.034590388016916336,0.08642930751615996,-1.0809767130465113,0.9363675478454864
TAP,PNC,cluster,regression,esm2_mean,mlp,50,50,13,61,,,False,0.07276094849005825,0.055111414110285924,-1.173087063541998,0.9568664044636943
TAP,PNC,cluster,regression,esm2_mean,mlp,100,100,13,61,,,False,0.0645507785716462,-0.043334037252952574,-1.4919963012234057,1.0246757074263937
TAP,PNC,cluster,regression,esm2_mean,mlp,150,150,13,61,,,False,0.23645289365026698,0.19485755700117194,-0.6526959402067063,0.8344671096073074
TAP,PNC,cluster,regression,esm2_mean,mlp,all,180,13,61,,,False,0.16336892208145154,0.10912321708348723,-0.9560784319424607,0.907832812687504
TAP,PNC,cluster,regression,esm2_mean,mlp,25,25,14,59,,,False,0.042442939489571556,0.01145963506816079,-3.97471309233961,1.381358441263854
TAP,PNC,cluster,regression,esm2_mean,mlp,50,50,14,59,,,False,0.056352810414725264,-0.05241850531694567,-2.2088729130798828,1.109426729734164
TAP,PNC,cluster,regression,esm2_mean,mlp,100,100,14,59,,,False,0.1631734858527646,0.04221645591550906,-1.9078084023730209,1.056100529069972
TAP,PNC,cluster,regression,esm2_mean,mlp,150,150,14,59,,,False,0.16002295953211015,0.16136598225561213,-1.2832609344380708,0.9358368445847962
TAP,PNC,cluster,regression,esm2_mean,mlp,all,182,14,59,,,False,0.18754548191820486,0.18232440891193505,-1.1969374064978262,0.9179757493492262
TAP,PNC,cluster,regression,esm2_mean,mlp,25,25,15,58,,,False,0.021776781579308718,0.052994101276341875,-1.3627399879220201,1.3625043064718898
TAP,PNC,cluster,regression,esm2_mean,mlp,50,50,15,58,,,False,0.21611664351311102,0.17066657994259907,-1.4206450550791039,1.379099097000495
TAP,PNC,cluster,regression,esm2_mean,mlp,100,100,15,58,,,False,0.22589906041712093,0.16495407448322164,-1.0296190699456336,1.262807595057673
TAP,PNC,cluster,regression,esm2_mean,mlp,150,150,15,58,,,False,0.20222187300614153,0.1915136608943948,-0.9345650567549009,1.2328822141102966
TAP,PNC,cluster,regression,esm2_mean,mlp,all,183,15,58,,,False,0.3235986126813729,0.2992488449779763,-0.527138957768265,1.095391069774571
TAP,PNC,cluster,regression,esm2_mean,mlp,25,25,16,55,,,False,0.0971624929728407,0.1156077581086946,-3.3049978808921425,1.3864487340675673
TAP,PNC,cluster,regression,esm2_mean,mlp,50,50,16,55,,,False,0.03666371640310493,0.22182196797005266,-1.5665409367022214,1.0705117596158267
TAP,PNC,cluster,regression,esm2_mean,mlp,100,100,16,55,,,False,0.1575154893580711,0.2525980351250041,-0.7330837672754993,0.8796848686696066
TAP,PNC,cluster,regression,esm2_mean,mlp,150,150,16,55,,,False,0.09074816485460364,0.18645864157262082,-1.4895157121548097,1.0543256694892333
TAP,PNC,cluster,regression,esm2_mean,mlp,all,186,16,55,,,False,0.08003332129345768,0.17817746056981693,-1.147691136302841,0.9792718193501758
TAP,PNC,cluster,regression,esm2_mean,mlp,25,25,17,58,,,False,0.1593777008001226,0.14741931587032114,-2.8108467150177803,1.375507618454782
TAP,PNC,cluster,regression,esm2_mean,mlp,50,50,17,58,,,False,0.15849524566419154,0.09916657961385254,-2.4220043771652264,1.3034444893828827
TAP,PNC,cluster,regression,esm2_mean,mlp,100,100,17,58,,,False,0.2701258203594722,0.23354957461043643,-1.251396261208427,1.0572513058517652
TAP,PNC,cluster,regression,esm2_mean,mlp,150,150,17,58,,,False,0.30246149784037507,0.24089234323202405,-0.5298594549496614,0.8715213434938153
TAP,PNC,cluster,regression,esm2_mean,mlp,all,183,17,58,,,False,0.2877118905683843,0.27778985767920195,-0.6371033785633813,0.9015510268112843
TAP,PNC,cluster,regression,esm2_mean,mlp,25,25,18,56,,,False,0.2301334704194867,0.1648646096759174,-5.690994648102404,2.0621252169587927
TAP,PNC,cluster,regression,esm2_mean,mlp,50,50,18,56,,,False,0.0571270463009755,0.017133010671414928,-4.43675575245529,1.85882970106657
TAP,PNC,cluster,regression,esm2_mean,mlp,100,100,18,56,,,False,0.14271387414293335,0.10606166161196573,-2.82071122036369,1.558266731589895
TAP,PNC,cluster,regression,esm2_mean,mlp,150,150,18,56,,,False,0.2043018096526412,0.0719036894059563,-2.188047720145526,1.423416836959491
TAP,PNC,cluster,regression,esm2_mean,mlp,all,185,18,56,,,False,0.2307559200765191,0.0930947600971265,-1.889628892481067,1.3551604779684523
TAP,PNC,cluster,regression,esm2_mean,mlp,25,25,19,64,,,False,-0.03528212229958682,-0.07804025245922426,-4.299014948612726,1.3114830871990062
TAP,PNC,cluster,regression,esm2_mean,mlp,50,50,19,64,,,False,0.02535608522596973,-0.015759977466792946,-3.0113199849387913,1.1410607730514615
TAP,PNC,cluster,regression,esm2_mean,mlp,100,100,19,64,,,False,0.12572196246086104,0.0855212424781174,-1.611061470528068,0.9206057224478319
TAP,PNC,cluster,regression,esm2_mean,mlp,150,150,19,64,,,False,0.19917934108860078,0.11322440357958122,-1.0263854348985602,0.8110098886453233
TAP,PNC,cluster,regression,esm2_mean,mlp,all,177,19,64,,,False,0.2148916462193501,0.11542728520449311,-0.9734166923669234,0.8003399958801882
TAP,PNC,cluster,regression,esm2_max,linear,25,25,0,63,,,False,0.25631775495200326,0.24629430479904377,-0.055359533059873955,0.8045309686996069
TAP,PNC,cluster,regression,esm2_max,linear,50,50,0,63,,,False,0.2448715040629252,0.20025813110933924,0.028517061361092777,0.7718983919267648
TAP,PNC,cluster,regression,esm2_max,linear,100,100,0,63,,,False,0.26047558112965985,0.24541768798271357,-0.018020141223264785,0.7901703556648411
TAP,PNC,cluster,regression,esm2_max,linear,150,150,0,63,,,False,0.322304902171517,0.2902936990985468,0.04603206306899743,0.7649084107821621
TAP,PNC,cluster,regression,esm2_max,linear,all,178,0,63,,,False,0.3545891995509679,0.323400956382421,0.06351904765361083,0.7578652978551657
TAP,PNC,cluster,regression,esm2_max,linear,25,25,1,60,,,False,0.1759609553223186,0.10447036065534909,-0.018207070197170383,0.7129099917223576
TAP,PNC,cluster,regression,esm2_max,linear,50,50,1,60,,,False,0.2940381643364309,0.2573017447290237,0.016901540198994813,0.7005113160145616
TAP,PNC,cluster,regression,esm2_max,linear,100,100,1,60,,,False,0.3538372852183394,0.34880848459768676,0.09638878615665059,0.6715949987092457
TAP,PNC,cluster,regression,esm2_max,linear,150,150,1,60,,,False,0.372850194589648,0.3705688622484614,0.11469987441511387,0.6647554556976168
TAP,PNC,cluster,regression,esm2_max,linear,all,181,1,60,,,False,0.42831155540758387,0.4031884551203102,0.13897700259312784,0.6555774747689256
TAP,PNC,cluster,regression,esm2_max,linear,25,25,2,68,,,False,0.36050986846356553,0.3011405726517825,0.08774099378044442,0.6319810146020903
TAP,PNC,cluster,regression,esm2_max,linear,50,50,2,68,,,False,0.4138007387990789,0.3003598271871836,0.048801421999769445,0.6453280581746843
TAP,PNC,cluster,regression,esm2_max,linear,100,100,2,68,,,False,0.3717102519057863,0.3336575500511559,-0.03057299007422709,0.6717138916582631
TAP,PNC,cluster,regression,esm2_max,linear,150,150,2,68,,,False,0.3676535759240633,0.3276918671753181,0.07097162906751253,0.6377631769237102
TAP,PNC,cluster,regression,esm2_max,linear,all,173,2,68,,,False,0.42387316843174744,0.33181704088329367,0.021470332661423286,0.6545336075050396
TAP,PNC,cluster,regression,esm2_max,linear,25,25,3,63,,,False,0.30409195479975054,0.1548570730835403,-0.060654030221395594,0.6215833860178512
TAP,PNC,cluster,regression,esm2_max,linear,50,50,3,63,,,False,0.21956688422042636,0.12296386061216355,-0.24047558807662228,0.6722125798806129
TAP,PNC,cluster,regression,esm2_max,linear,100,100,3,63,,,False,0.3365634628522182,0.31112899656771176,0.0924990506335912,0.5749579305290914
TAP,PNC,cluster,regression,esm2_max,linear,150,150,3,63,,,False,0.33661303767367234,0.38636452958898515,0.12074865214736319,0.5659382480367018
TAP,PNC,cluster,regression,esm2_max,linear,all,178,3,63,,,False,0.34429713499906545,0.3489564057964275,0.11387233044624134,0.5681469420637607
TAP,PNC,cluster,regression,esm2_max,linear,25,25,4,57,,,False,0.3167976896716216,0.38246136517477475,-0.014008441119959691,0.7755319288547772
TAP,PNC,cluster,regression,esm2_max,linear,50,50,4,57,,,False,0.4081149671404599,0.48102708134193023,-0.02290779793781006,0.7789276887164343
TAP,PNC,cluster,regression,esm2_max,linear,100,100,4,57,,,False,0.38868715094544204,0.40950116212209636,-0.020916683323016994,0.7781692187076165
TAP,PNC,cluster,regression,esm2_max,linear,150,150,4,57,,,False,0.34028114426425266,0.35711539451335067,-0.005207288418816791,0.7721589538204747
TAP,PNC,cluster,regression,esm2_max,linear,all,184,4,57,,,False,0.48634954010086867,0.4521425864162704,0.0694133310429047,0.7429461060070864
TAP,PNC,cluster,regression,esm2_max,linear,25,25,5,68,,,False,0.2761120124160549,0.29047072466353197,-0.003907564309388212,0.7188472241657051
TAP,PNC,cluster,regression,esm2_max,linear,50,50,5,68,,,False,0.2025908299110187,0.12988503947783742,-0.025454089158357007,0.726520456859631
TAP,PNC,cluster,regression,esm2_max,linear,100,100,5,68,,,False,0.20333723785523228,0.1321280216350479,-0.0625682629284594,0.7395510479822811
TAP,PNC,cluster,regression,esm2_max,linear,150,150,5,68,,,False,0.2176368426812185,0.17106383053111993,0.007809545310888288,0.714639898102261
TAP,PNC,cluster,regression,esm2_max,linear,all,173,5,68,,,False,0.24409504007215724,0.18450576754705655,-0.014466655988377042,0.7226177501675418
TAP,PNC,cluster,regression,esm2_max,linear,25,25,6,56,,,False,0.2260905791356877,0.18310712847256436,-0.007802876303508288,0.6242359968065545
TAP,PNC,cluster,regression,esm2_max,linear,50,50,6,56,,,False,0.26713239017429424,0.16143507974292667,-0.0009981076030356473,0.6221249806910453
TAP,PNC,cluster,regression,esm2_max,linear,100,100,6,56,,,False,0.28420166221294485,0.26648745711348776,0.011606684802671019,0.6181956030419776
TAP,PNC,cluster,regression,esm2_max,linear,150,150,6,56,,,False,0.36786513643055613,0.34485500152459153,0.08788552229296731,0.5938622052377077
TAP,PNC,cluster,regression,esm2_max,linear,all,185,6,56,,,False,0.3252091286398036,0.31194084398114225,0.06176037759771669,0.6023069809208429
TAP,PNC,cluster,regression,esm2_max,linear,25,25,7,59,,,False,-0.04347938374548007,0.00466478067519431,-0.5554803814512363,0.8784604742621351
TAP,PNC,cluster,regression,esm2_max,linear,50,50,7,59,,,False,0.09335807156354113,0.12279337306935525,-0.18008208139893567,0.765149087258898
TAP,PNC,cluster,regression,esm2_max,linear,100,100,7,59,,,False,0.2144065897215214,0.23198830394876352,-0.013000358759668096,0.7089159636944925
TAP,PNC,cluster,regression,esm2_max,linear,150,150,7,59,,,False,0.3009467111516585,0.3163200013250949,0.04160771983642042,0.6895434063158649
TAP,PNC,cluster,regression,esm2_max,linear,all,182,7,59,,,False,0.3130276403354095,0.3090434812237274,0.04545471125549483,0.6881580994152581
TAP,PNC,cluster,regression,esm2_max,linear,25,25,8,63,,,False,0.2802994685424312,0.19810762496293985,-0.025122126248267707,0.548167151365451
TAP,PNC,cluster,regression,esm2_max,linear,50,50,8,63,,,False,0.2716622324546749,0.2075819245753128,-0.0055694047817598236,0.5429142351532898
TAP,PNC,cluster,regression,esm2_max,linear,100,100,8,63,,,False,0.47908035441223457,0.48094686210373694,0.18001260105652317,0.4902626322305414
TAP,PNC,cluster,regression,esm2_max,linear,150,150,8,63,,,False,0.5327457175396195,0.4429796224759388,0.13802540680230568,0.5026578113926415
TAP,PNC,cluster,regression,esm2_max,linear,all,178,8,63,,,False,0.5280163951860929,0.48667966315821237,0.16896077126620035,0.4935554658486092
TAP,PNC,cluster,regression,esm2_max,linear,25,25,9,64,,,False,0.27154162222899986,0.24240138087012542,0.010159379427707949,0.6669040529088001
TAP,PNC,cluster,regression,esm2_max,linear,50,50,9,64,,,False,0.33855055930341393,0.2760359892418613,0.024114872769435802,0.6621861153394639
TAP,PNC,cluster,regression,esm2_max,linear,100,100,9,64,,,False,0.37248741895882,0.3705542311655838,-0.008912853968618295,0.673298346940296
TAP,PNC,cluster,regression,esm2_max,linear,150,150,9,64,,,False,0.3877730292994781,0.3574562553338272,0.10996140826669554,0.6323902122558688
TAP,PNC,cluster,regression,esm2_max,linear,all,177,9,64,,,False,0.43980019844061713,0.4405894547083093,0.10660952753653852,0.6335798823688027
TAP,PNC,cluster,regression,esm2_max,linear,25,25,10,62,,,False,0.24952463726536156,0.20846200475366067,-0.0034330640305082483,0.6933922459888674
TAP,PNC,cluster,regression,esm2_max,linear,50,50,10,62,,,False,0.3006851328900792,0.27398337484070917,0.06496449001135729,0.6693431594077065
TAP,PNC,cluster,regression,esm2_max,linear,100,100,10,62,,,False,0.38972106672169066,0.34110778952861986,0.11285653441044075,0.6519761455672921
TAP,PNC,cluster,regression,esm2_max,linear,150,150,10,62,,,False,0.5589362294396977,0.420688114775098,0.1695252560371503,0.6308091610042652
TAP,PNC,cluster,regression,esm2_max,linear,all,179,10,62,,,False,0.5517987672191413,0.4674083830947853,0.2161097682463341,0.6128615897594186
TAP,PNC,cluster,regression,esm2_max,linear,25,25,11,62,,,False,0.0939708976937588,0.1623621942707231,-0.013819969181877223,0.8151905619198864
TAP,PNC,cluster,regression,esm2_max,linear,50,50,11,62,,,False,0.04304188825895799,0.0672338913741074,-0.05051914569855476,0.8298139054365758
TAP,PNC,cluster,regression,esm2_max,linear,100,100,11,62,,,False,0.18023628555453958,0.20048088603830674,0.0393569577908941,0.7935234090529613
TAP,PNC,cluster,regression,esm2_max,linear,150,150,11,62,,,False,0.2441894227205019,0.27760343425434275,0.07348836106189605,0.7792990770918831
TAP,PNC,cluster,regression,esm2_max,linear,all,179,11,62,,,False,0.28668647695086547,0.3290066660848549,0.09819629350354286,0.768837805133973
TAP,PNC,cluster,regression,esm2_max,linear,25,25,12,62,,,False,0.24709346865727994,0.32271294249651167,0.06135687908425935,0.5682187639278234
TAP,PNC,cluster,regression,esm2_max,linear,50,50,12,62,,,False,0.22822347889686412,0.29926116012272175,0.08402149614665255,0.5613166971586229
TAP,PNC,cluster,regression,esm2_max,linear,100,100,12,62,,,False,0.2633268297114458,0.17544336735001764,-0.01572796728829129,0.591090562724433
TAP,PNC,cluster,regression,esm2_max,linear,150,150,12,62,,,False,0.25076406940519635,0.1653310779916105,-0.10716344198268435,0.6171222270594329
TAP,PNC,cluster,regression,esm2_max,linear,all,179,12,62,,,False,0.2607935982093626,0.1459887449503034,-0.16306139746152204,0.6325089002404237
TAP,PNC,cluster,regression,esm2_max,linear,25,25,13,61,,,False,0.3911001926052743,0.3233414306887952,0.09900601784473395,0.6161318913487417
TAP,PNC,cluster,regression,esm2_max,linear,50,50,13,61,,,False,0.4958404258922948,0.3543971260348408,0.07477700460979952,0.6243612661277496
TAP,PNC,cluster,regression,esm2_max,linear,100,100,13,61,,,False,0.3661466597712809,0.2671470974369675,0.033077636053327364,0.6382760462041047
TAP,PNC,cluster,regression,esm2_max,linear,150,150,13,61,,,False,0.44937893973105164,0.37523817439080775,0.13549209685309827,0.6035277276174013
TAP,PNC,cluster,regression,esm2_max,linear,all,180,13,61,,,False,0.47473625141349146,0.37491119328694467,0.1396204763938882,0.6020849569785803
TAP,PNC,cluster,regression,esm2_max,linear,25,25,14,59,,,False,0.21685132108957572,0.11631719828247714,0.012514272754230005,0.6154429203597417
TAP,PNC,cluster,regression,esm2_max,linear,50,50,14,59,,,False,0.4010085011157559,0.3117190345586201,0.06516259759481846,0.5988118782886537
TAP,PNC,cluster,regression,esm2_max,linear,100,100,14,59,,,False,0.32087813356401584,0.34398267137838506,0.11399790578829261,0.5829613212492616
TAP,PNC,cluster,regression,esm2_max,linear,150,150,14,59,,,False,0.40469402247199326,0.3552721947276094,0.1085194503351199,0.5847608688327908
TAP,PNC,cluster,regression,esm2_max,linear,all,182,14,59,,,False,0.4510008149963297,0.35016229212476624,0.10940183420032767,0.5844714002074254
TAP,PNC,cluster,regression,esm2_max,linear,25,25,15,58,,,False,0.34889581817836673,0.27057129999408197,0.03133302155433293,0.8724030301839972
TAP,PNC,cluster,regression,esm2_max,linear,50,50,15,58,,,False,0.27350266879077434,0.22930570535984285,-0.05151669432317729,0.9089458349536206
TAP,PNC,cluster,regression,esm2_max,linear,100,100,15,58,,,False,0.30017065882208804,0.21955282123967468,-0.06390038020599098,0.9142824847603761
TAP,PNC,cluster,regression,esm2_max,linear,150,150,15,58,,,False,0.4278405456776061,0.33332926963040005,0.0015686920446553732,0.8857048304944176
TAP,PNC,cluster,regression,esm2_max,linear,all,183,15,58,,,False,0.5089037583662489,0.4141594043762733,0.04368464809501549,0.8668231106852483
TAP,PNC,cluster,regression,esm2_max,linear,25,25,16,55,,,False,0.27224449456381095,0.20765305474743334,-0.01528925865703612,0.6733056212910444
TAP,PNC,cluster,regression,esm2_max,linear,50,50,16,55,,,False,0.16145155433971656,0.20706062326626248,-0.006318513331757369,0.6703244735888984
TAP,PNC,cluster,regression,esm2_max,linear,100,100,16,55,,,False,0.34542614718551545,0.2761262009571004,0.026735000537647213,0.6592238288285719
TAP,PNC,cluster,regression,esm2_max,linear,150,150,16,55,,,False,0.412412141965741,0.31143041941290805,0.08403797660010193,0.6395228678403287
TAP,PNC,cluster,regression,esm2_max,linear,all,186,16,55,,,False,0.4002394965595411,0.3904219332584352,0.13893149978265462,0.6200635402602718
TAP,PNC,cluster,regression,esm2_max,linear,25,25,17,58,,,False,0.4177479580987988,0.4391968719641945,0.11493589838687868,0.6628871845458862
TAP,PNC,cluster,regression,esm2_max,linear,50,50,17,58,,,False,0.3770919893362601,0.3687079789579939,0.13346515461328412,0.6559115457167487
TAP,PNC,cluster,regression,esm2_max,linear,100,100,17,58,,,False,0.28443420006349746,0.3680338544755659,0.1349597296311491,0.6553456526758156
TAP,PNC,cluster,regression,esm2_max,linear,150,150,17,58,,,False,0.4336951830552674,0.4068388249111661,0.1569239240209802,0.6469722342624252
TAP,PNC,cluster,regression,esm2_max,linear,all,183,17,58,,,False,0.47050616872553497,0.4577155881875113,0.17830189902099514,0.6387168914201092
TAP,PNC,cluster,regression,esm2_max,linear,25,25,18,56,,,False,0.09720588810656304,0.019123728669048837,-0.025366910933702913,0.8072523929454384
TAP,PNC,cluster,regression,esm2_max,linear,50,50,18,56,,,False,0.3787951968407298,0.22957939665306976,-0.03963267383674274,0.8128485810289927
TAP,PNC,cluster,regression,esm2_max,linear,100,100,18,56,,,False,0.5392834667455889,0.29852235091604024,0.03947837783413888,0.7813097873329407
TAP,PNC,cluster,regression,esm2_max,linear,150,150,18,56,,,False,0.6408810829878807,0.42461667239392153,0.10176218030726092,0.7555537409783367
TAP,PNC,cluster,regression,esm2_max,linear,all,185,18,56,,,False,0.5994190197222211,0.41345324604156336,0.09924883738590928,0.7566100531792158
TAP,PNC,cluster,regression,esm2_max,linear,25,25,19,64,,,False,-0.03735200680782925,0.049423936169830346,-0.1167060325160767,0.602052761985442
TAP,PNC,cluster,regression,esm2_max,linear,50,50,19,64,,,False,0.22288892727392312,0.3555073676200623,0.09942342704964824,0.5406614995932507
TAP,PNC,cluster,regression,esm2_max,linear,100,100,19,64,,,False,0.36465249467366295,0.4094462376428696,0.1458413311001705,0.5265436728125714
TAP,PNC,cluster,regression,esm2_max,linear,150,150,19,64,,,False,0.3885502521779165,0.409116307292629,0.15917052011802058,0.5224191484331182
TAP,PNC,cluster,regression,esm2_max,linear,all,177,19,64,,,False,0.42100980469353627,0.4345929318135332,0.18268268084011285,0.5150631421151497
TAP,PNC,cluster,regression,esm2_max,mlp,25,25,0,63,,,False,0.08795025255795838,0.09199748709010461,-1.5291991940068859,1.2454722759087506
TAP,PNC,cluster,regression,esm2_max,mlp,50,50,0,63,,,False,0.060655346591695435,0.09274438251494277,-1.46628173268499,1.2298832600180492
TAP,PNC,cluster,regression,esm2_max,mlp,100,100,0,63,,,False,0.09988565946793716,0.08326209029419109,-1.2465152538970394,1.1738084542643716
TAP,PNC,cluster,regression,esm2_max,mlp,150,150,0,63,,,False,0.18812940563843597,0.14482422162014147,-1.081429844490629,1.1298568837925107
TAP,PNC,cluster,regression,esm2_max,mlp,all,178,0,63,,,False,0.11906057548724731,0.11833035030541376,-1.064807828372098,1.125336398877247
TAP,PNC,cluster,regression,esm2_max,mlp,25,25,1,60,,,False,0.20297337026614817,0.07254372784109306,-7.538373114355945,2.0644492532945193
TAP,PNC,cluster,regression,esm2_max,mlp,50,50,1,60,,,False,0.23201382887625072,0.09787500817493858,-5.763507617072514,1.8373954607518557
TAP,PNC,cluster,regression,esm2_max,mlp,100,100,1,60,,,False,0.18776304276910127,0.11041748640747301,-4.027481060656927,1.5841338312649005
TAP,PNC,cluster,regression,esm2_max,mlp,150,150,1,60,,,False,0.1653700606206711,0.13470830093575112,-2.69943318083126,1.3588898073805569
TAP,PNC,cluster,regression,esm2_max,mlp,all,181,1,60,,,False,0.16328568240811284,0.12090614613656736,-2.64770357820441,1.3493556037981347
TAP,PNC,cluster,regression,esm2_max,mlp,25,25,2,68,,,False,0.15637001759793034,0.24164243931666068,-7.834181489768776,1.9666546829879383
TAP,PNC,cluster,regression,esm2_max,mlp,50,50,2,68,,,False,0.2128270740655202,0.2552420149665692,-3.5006837499131667,1.403732001058647
TAP,PNC,cluster,regression,esm2_max,mlp,100,100,2,68,,,False,0.16691737515041033,0.21936098698691847,-2.504481752454121,1.2386735200558052
TAP,PNC,cluster,regression,esm2_max,mlp,150,150,2,68,,,False,0.11900902123942712,0.2118800882700362,-2.5204487286073136,1.241492109985122
TAP,PNC,cluster,regression,esm2_max,mlp,all,173,2,68,,,False,0.11241939635204282,0.1731940896683566,-2.5826827230586433,1.2524174980638916
TAP,PNC,cluster,regression,esm2_max,mlp,25,25,3,63,,,False,-0.21510515028955293,-0.24568245716130813,-5.821500157128057,1.5763493477478483
TAP,PNC,cluster,regression,esm2_max,mlp,50,50,3,63,,,False,-0.16404308419177935,-0.14201143449962614,-5.430293994614782,1.5304809891082292
TAP,PNC,cluster,regression,esm2_max,mlp,100,100,3,63,,,False,-0.1647867065135916,-0.09552399355328976,-5.175623086247153,1.4998675725373993
TAP,PNC,cluster,regression,esm2_max,mlp,150,150,3,63,,,False,-0.23196058958396362,-0.15107808882560772,-4.5907055810012904,1.4270718374224312
TAP,PNC,cluster,regression,esm2_max,mlp,all,178,3,63,,,False,-0.21108958975176684,-0.16198751714136814,-3.6214296094296845,1.2974800710554772
TAP,PNC,cluster,regression,esm2_max,mlp,25,25,4,57,,,False,0.06835713105654442,0.08493993479352267,-2.4770361549638538,1.4360960930287419
TAP,PNC,cluster,regression,esm2_max,mlp,50,50,4,57,,,False,0.14639546344932672,0.0742403497699498,-1.6448617799633847,1.2525076519663532
TAP,PNC,cluster,regression,esm2_max,mlp,100,100,4,57,,,False,0.12592103089363446,0.016881912460827927,-1.3444457220046186,1.1792312745402405
TAP,PNC,cluster,regression,esm2_max,mlp,150,150,4,57,,,False,0.1917270345710351,0.03543714324500775,-1.3238456547371462,1.174039036225959
TAP,PNC,cluster,regression,esm2_max,mlp,all,184,4,57,,,False,0.24876762622778795,0.1059331287398124,-1.1032481047747926,1.1169253567148343
TAP,PNC,cluster,regression,esm2_max,mlp,25,25,5,68,,,False,0.12195912962163229,0.06063719494666361,-2.085326627951016,1.2602024233808689
TAP,PNC,cluster,regression,esm2_max,mlp,50,50,5,68,,,False,0.08234058163534909,-0.003273751296107711,-1.984919298815511,1.2395271212272307
TAP,PNC,cluster,regression,esm2_max,mlp,100,100,5,68,,,False,0.19573566221284677,0.06720711668585959,-1.7418525466199362,1.1879872630006512
TAP,PNC,cluster,regression,esm2_max,mlp,150,150,5,68,,,False,0.18108249572907523,0.03450881541567043,-1.5879054411330547,1.154154471813544
TAP,PNC,cluster,regression,esm2_max,mlp,all,173,5,68,,,False,0.1800807376986833,0.015571046411199553,-1.546655476548496,1.1449191896818398
TAP,PNC,cluster,regression,esm2_max,mlp,25,25,6,56,,,False,-0.04062967569763308,-0.11758035525959082,-7.202113122920281,1.7808358482252038
TAP,PNC,cluster,regression,esm2_max,mlp,50,50,6,56,,,False,-0.09582146677632823,-0.1660502164121587,-4.779823548617821,1.4949212044435594
TAP,PNC,cluster,regression,esm2_max,mlp,100,100,6,56,,,False,-0.03746997141683659,-0.14606579256587043,-3.735721335206044,1.3531753617007984
TAP,PNC,cluster,regression,esm2_max,mlp,150,150,6,56,,,False,0.0936234116244698,-0.018602118940029944,-2.462037499107297,1.1569827818841458
TAP,PNC,cluster,regression,esm2_max,mlp,all,185,6,56,,,False,0.05876363070046509,-0.05410171903689191,-2.97117473653435,1.2391403826488379
TAP,PNC,cluster,regression,esm2_max,mlp,25,25,7,59,,,False,-0.2519053154552436,-0.08254369771724329,-4.578793717508939,1.6636428892845456
TAP,PNC,cluster,regression,esm2_max,mlp,50,50,7,59,,,False,-0.19191931559731162,0.024657349938941395,-2.7931130742674175,1.3717906904185653
TAP,PNC,cluster,regression,esm2_max,mlp,100,100,7,59,,,False,-0.04395783638642071,0.08745556331611624,-1.5865272177381917,1.1327875909519354
TAP,PNC,cluster,regression,esm2_max,mlp,150,150,7,59,,,False,0.01190150944339826,0.15354966519692415,-1.5897481116996222,1.1334926779763976
TAP,PNC,cluster,regression,esm2_max,mlp,all,182,7,59,,,False,-0.04395783638642071,0.14735288662563847,-1.8777094037384008,1.194850100691708
TAP,PNC,cluster,regression,esm2_max,mlp,25,25,8,63,,,False,0.027803437204679482,-0.08224888485622266,-9.472928866555739,1.7521015760213736
TAP,PNC,cluster,regression,esm2_max,mlp,50,50,8,63,,,False,0.021257059420587535,-0.033732605681366164,-4.835646484404245,1.3078853974815656
TAP,PNC,cluster,regression,esm2_max,mlp,100,100,8,63,,,False,0.2203366393337715,0.20311405241727126,-2.9560185607916982,1.076847895557691
TAP,PNC,cluster,regression,esm2_max,mlp,150,150,8,63,,,False,0.2012700028979752,0.2804042439884385,-2.206699214348541,0.9695145163847754
TAP,PNC,cluster,regression,esm2_max,mlp,all,178,8,63,,,False,0.25809654465113835,0.31979877998184536,-2.4305966427965147,1.0027900879347527
TAP,PNC,cluster,regression,esm2_max,mlp,25,25,9,64,,,False,0.20925392871546186,0.16495347845287076,-3.878907236005146,1.4806145096327983
TAP,PNC,cluster,regression,esm2_max,mlp,50,50,9,64,,,False,0.23099034708979221,0.18177561797148717,-3.488988561973427,1.4202178606433142
TAP,PNC,cluster,regression,esm2_max,mlp,100,100,9,64,,,False,0.2279051780302098,0.17845321103993633,-2.162939420050445,1.1921369734663585
TAP,PNC,cluster,regression,esm2_max,mlp,150,150,9,64,,,False,0.14346036127058023,0.15605083753538915,-1.8722873332535932,1.1360427177336088
TAP,PNC,cluster,regression,esm2_max,mlp,all,177,9,64,,,False,0.1906260518935895,0.22040707711647417,-1.3375126892388218,1.024843873343864
TAP,PNC,cluster,regression,esm2_max,mlp,25,25,10,62,,,False,0.32126394732161023,0.2710069471302472,-2.2275093317957437,1.243565114632029
TAP,PNC,cluster,regression,esm2_max,mlp,50,50,10,62,,,False,0.27093702392703056,0.2638645607420181,-1.3203929596200492,1.0544246414334815
TAP,PNC,cluster,regression,esm2_max,mlp,100,100,10,62,,,False,0.4663055153656162,0.36578013510935253,-1.8050407858987754,1.1593227738677818
TAP,PNC,cluster,regression,esm2_max,mlp,150,150,10,62,,,False,0.6013963149123502,0.4990824604855192,-0.8793076645825626,0.9489290008224622
TAP,PNC,cluster,regression,esm2_max,mlp,all,179,10,62,,,False,0.5964990780602897,0.5219632348562833,-0.9635560258682165,0.9699658090611041
TAP,PNC,cluster,regression,esm2_max,mlp,25,25,11,62,,,False,-0.09526812157136452,0.04556349194947991,-1.297736910898566,1.227238221579398
TAP,PNC,cluster,regression,esm2_max,mlp,50,50,11,62,,,False,-0.08873011322823167,0.05197756242316821,-1.191172092578586,1.1984418497189362
TAP,PNC,cluster,regression,esm2_max,mlp,100,100,11,62,,,False,-0.1736723327338546,0.00815164752830024,-1.1338553307600066,1.1826635401434846
TAP,PNC,cluster,regression,esm2_max,mlp,150,150,11,62,,,False,0.0046181170042763845,0.10059733232900221,-0.758158237688334,1.0735139742957713
TAP,PNC,cluster,regression,esm2_max,mlp,all,179,11,62,,,False,0.08208832697489034,0.20892172850558985,-0.49929549194211464,0.9913393374843498
TAP,PNC,cluster,regression,esm2_max,mlp,25,25,12,62,,,False,-0.1491246177093679,0.07652040410152235,-5.170882120278716,1.45693087002023
TAP,PNC,cluster,regression,esm2_max,mlp,50,50,12,62,,,False,-0.038334513444789844,0.0902950535149485,-4.62629643679109,1.3911585377847897
TAP,PNC,cluster,regression,esm2_max,mlp,100,100,12,62,,,False,0.036473363769789935,0.022435816990444765,-3.1937464444331685,1.2010647052294872
TAP,PNC,cluster,regression,esm2_max,mlp,150,150,12,62,,,False,0.06428721169062195,0.004978947454561195,-3.6498177041351036,1.2646876674947996
TAP,PNC,cluster,regression,esm2_max,mlp,all,179,12,62,,,False,0.08238172241978775,0.04529321925297869,-3.7605950521182407,1.2796639654945132
TAP,PNC,cluster,regression,esm2_max,mlp,25,25,13,61,,,False,0.14436439761456987,0.01573127560646509,-2.865166692049756,1.276135698501556
TAP,PNC,cluster,regression,esm2_max,mlp,50,50,13,61,,,False,0.19400227738359224,0.0010667601049983008,-2.7028726205065676,1.2490566324765355
TAP,PNC,cluster,regression,esm2_max,mlp,100,100,13,61,,,False,0.17244048687654945,0.0412891664069627,-1.7244053981083534,1.071392519108144
TAP,PNC,cluster,regression,esm2_max,mlp,150,150,13,61,,,False,0.2490507937217976,0.0954069961165809,-1.1463007066780815,0.9509507556103227
TAP,PNC,cluster,regression,esm2_max,mlp,all,180,13,61,,,False,0.2973427439959983,0.1308601288757661,-1.4282493457277377,1.0114848534103797
TAP,PNC,cluster,regression,esm2_max,mlp,25,25,14,59,,,False,0.16067684235337806,0.1284249384032403,-4.1455090250175495,1.4048712945810318
TAP,PNC,cluster,regression,esm2_max,mlp,50,50,14,59,,,False,0.25691650486544576,0.183451829657295,-2.8379337064745465,1.2133081113699276
TAP,PNC,cluster,regression,esm2_max,mlp,100,100,14,59,,,False,0.13398653446707884,0.1505813051859592,-2.683566311637192,1.18865716577563
TAP,PNC,cluster,regression,esm2_max,mlp,150,150,14,59,,,False,0.12893380357546316,0.18151156319347506,-2.560243015626106,1.1685900607702946
TAP,PNC,cluster,regression,esm2_max,mlp,all,182,14,59,,,False,0.08619364462167893,0.17864957044126142,-2.0251164275864855,1.0771927298147257
TAP,PNC,cluster,regression,esm2_max,mlp,25,25,15,58,,,False,0.3206701184489623,0.18655317535439842,-1.9193919209583004,1.5145238569612631
TAP,PNC,cluster,regression,esm2_max,mlp,50,50,15,58,,,False,0.2739388275062397,0.13946215029154813,-1.186886055069984,1.3108198081360278
TAP,PNC,cluster,regression,esm2_max,mlp,100,100,15,58,,,False,0.1562382827185025,-0.008167141540580314,-1.330989841205044,1.3533187790809462
TAP,PNC,cluster,regression,esm2_max,mlp,150,150,15,58,,,False,0.12726488233401448,0.03249365683615939,-1.5353178633591438,1.4113870427087472
TAP,PNC,cluster,regression,esm2_max,mlp,all,183,15,58,,,False,0.1560513575547316,0.038161117889231995,-1.2954548147065985,1.3429637557729688
TAP,PNC,cluster,regression,esm2_max,mlp,25,25,16,55,,,False,0.17726870435855108,0.1899712353576588,-2.883105606624426,1.3167609710733805
TAP,PNC,cluster,regression,esm2_max,mlp,50,50,16,55,,,False,0.18331858201552464,0.23001472101622158,-2.103656121446524,1.1772105423558996
TAP,PNC,cluster,regression,esm2_max,mlp,100,100,16,55,,,False,0.1664809707051524,0.16924668340412866,-1.743138137134138,1.1067287286399834
TAP,PNC,cluster,regression,esm2_max,mlp,150,150,16,55,,,False,0.15532878659049026,0.17378390693844503,-1.436712705481611,1.0430845396520343
TAP,PNC,cluster,regression,esm2_max,mlp,all,186,16,55,,,False,0.19614723825199873,0.231486450257375,-1.6378417597397372,1.0852797862737296
TAP,PNC,cluster,regression,esm2_max,mlp,25,25,17,58,,,False,-0.07535536535754266,-0.052849343799353826,-1.9363184056742346,1.207407401170328
TAP,PNC,cluster,regression,esm2_max,mlp,50,50,17,58,,,False,-0.004317726915091319,0.021708487105687357,-1.2873642570980586,1.0656630930459883
TAP,PNC,cluster,regression,esm2_max,mlp,100,100,17,58,,,False,0.02121043951720042,0.06777704288373115,-1.1049604522428074,1.0222902772561653
TAP,PNC,cluster,regression,esm2_max,mlp,150,150,17,58,,,False,0.023227479827900015,0.04165099660639546,-0.9091831105720221,0.9735898819751583
TAP,PNC,cluster,regression,esm2_max,mlp,all,183,17,58,,,False,-0.08260410397411933,-0.03181457829832274,-0.971994878278837,0.9894757415018685
TAP,PNC,cluster,regression,esm2_max,mlp,25,25,18,56,,,False,0.04246489882421181,-0.037650069096634486,-7.032514647954638,2.259412124522021
TAP,PNC,cluster,regression,esm2_max,mlp,50,50,18,56,,,False,0.13659311918211456,0.08626427079485238,-6.912646626128163,2.2424903212344094
TAP,PNC,cluster,regression,esm2_max,mlp,100,100,18,56,,,False,0.15322635723948091,0.09438597499009115,-4.5100621559687815,1.8713194898671668
TAP,PNC,cluster,regression,esm2_max,mlp,150,150,18,56,,,False,0.2490490238859719,0.16659577519879776,-3.591028991798641,1.7081449034294425
TAP,PNC,cluster,regression,esm2_max,mlp,all,185,18,56,,,False,0.17048204495387967,0.11849141260292331,-2.8305463808995275,1.5602710643498383
TAP,PNC,cluster,regression,esm2_max,mlp,25,25,19,64,,,False,-0.07846743999428109,-0.041491466728592906,-3.993309433307493,1.2730907479480804
TAP,PNC,cluster,regression,esm2_max,mlp,50,50,19,64,,,False,0.03394140165220252,0.020977997911310678,-3.4709980820841997,1.2046679711366977
TAP,PNC,cluster,regression,esm2_max,mlp,100,100,19,64,,,False,0.057298166614528995,0.07933229353635653,-3.404139761495907,1.1956268744257206
TAP,PNC,cluster,regression,esm2_max,mlp,150,150,19,64,,,False,0.09450904493315988,0.176643697048049,-2.6897055058677015,1.0943619236413826
TAP,PNC,cluster,regression,esm2_max,mlp,all,177,19,64,,,False,0.1680605092203652,0.20659062585664595,-2.5329711238843666,1.0708660886952517
TAP,PNC,cluster,regression,esm2_cls,linear,25,25,0,63,,,False,0.24682812814652838,0.3384007873387806,-0.030388774214241687,0.7949560273723276
TAP,PNC,cluster,regression,esm2_cls,linear,50,50,0,63,,,False,0.31736442636041934,0.3881172822341618,0.09497988679817204,0.7450264009628329
TAP,PNC,cluster,regression,esm2_cls,linear,100,100,0,63,,,False,0.3899062642600034,0.40057701050239586,0.0386057133804979,0.7678799283483346
TAP,PNC,cluster,regression,esm2_cls,linear,150,150,0,63,,,False,0.41558695535729384,0.42258945134063136,0.10743957981684515,0.7398801220283764
TAP,PNC,cluster,regression,esm2_cls,linear,all,178,0,63,,,False,0.4582413603798409,0.4274316955808468,0.1087531707943834,0.7393354767118969
TAP,PNC,cluster,regression,esm2_cls,linear,25,25,1,60,,,False,0.2772786368165366,0.11025605835390949,-0.02785407796355588,0.7162792645549844
TAP,PNC,cluster,regression,esm2_cls,linear,50,50,1,60,,,False,0.3470771396640963,0.23914112788506062,-0.11845969192387962,0.7471827140355327
TAP,PNC,cluster,regression,esm2_cls,linear,100,100,1,60,,,False,0.4702807923901763,0.40852824550363503,0.13427222988990462,0.6573661268425629
TAP,PNC,cluster,regression,esm2_cls,linear,150,150,1,60,,,False,0.5821330340397564,0.485142845715708,0.2156314241937729,0.6257152510167031
TAP,PNC,cluster,regression,esm2_cls,linear,all,181,1,60,,,False,0.5835413976968904,0.4595725967660688,0.20352811173076069,0.6305243648294128
TAP,PNC,cluster,regression,esm2_cls,linear,25,25,2,68,,,False,0.4431077491841124,0.401297006772642,0.15432631590720636,0.6084800729726373
TAP,PNC,cluster,regression,esm2_cls,linear,50,50,2,68,,,False,0.5431790196210566,0.4119051150638099,0.12952809275650834,0.6173370351373815
TAP,PNC,cluster,regression,esm2_cls,linear,100,100,2,68,,,False,0.47372081134862754,0.47693098070667306,-0.13209398147518536,0.7040219386437332
TAP,PNC,cluster,regression,esm2_cls,linear,150,150,2,68,,,False,0.5018800792607833,0.46888439920698727,0.14361691682350353,0.6123207712076685
TAP,PNC,cluster,regression,esm2_cls,linear,all,173,2,68,,,False,0.4815966993521679,0.4665284054664155,0.14459748198864042,0.6119701148250914
TAP,PNC,cluster,regression,esm2_cls,linear,25,25,3,63,,,False,0.246386862627121,0.15880861453505757,0.020468202570214977,0.5973402700319385
TAP,PNC,cluster,regression,esm2_cls,linear,50,50,3,63,,,False,0.3809825028751358,0.3209569714143716,0.041990375915685885,0.5907414717517938
TAP,PNC,cluster,regression,esm2_cls,linear,100,100,3,63,,,False,0.4504368277323986,0.4137584742015577,0.16610530992049444,0.5511478643127946
TAP,PNC,cluster,regression,esm2_cls,linear,150,150,3,63,,,False,0.47775255435363484,0.4546803374339907,0.19965155684556946,0.5399481741087236
TAP,PNC,cluster,regression,esm2_cls,linear,all,178,3,63,,,False,0.5418527984938496,0.471497998610269,0.20762557876845344,0.5372516382150517
TAP,PNC,cluster,regression,esm2_cls,linear,25,25,4,57,,,False,0.41570293575534906,0.44354599773133485,-0.0073959884954084565,0.7729991314795127
TAP,PNC,cluster,regression,esm2_cls,linear,50,50,4,57,,,False,0.32935708599971397,0.3546979392661461,-0.019022661322204648,0.7774470472187425
TAP,PNC,cluster,regression,esm2_cls,linear,100,100,4,57,,,False,0.3457758801577931,0.33600303968580647,0.009543327991979322,0.7664726072233939
TAP,PNC,cluster,regression,esm2_cls,linear,150,150,4,57,,,False,0.33609467882155525,0.3121046023700693,0.04267669140493513,0.7535433020839202
TAP,PNC,cluster,regression,esm2_cls,linear,all,184,4,57,,,False,0.4618848826701054,0.3935508547117349,0.11416632777122637,0.7248614270211569
TAP,PNC,cluster,regression,esm2_cls,linear,25,25,5,68,,,False,0.29341689133321674,0.3633386903558622,0.0010678076916555979,0.717063706029445
TAP,PNC,cluster,regression,esm2_cls,linear,50,50,5,68,,,False,0.3348425322370696,0.29934752833438033,-0.12032256572651612,0.759383713507021
TAP,PNC,cluster,regression,esm2_cls,linear,100,100,5,68,,,False,0.31708588009051536,0.27451135287360484,-0.005451998794168134,0.7193999572139405
TAP,PNC,cluster,regression,esm2_cls,linear,150,150,5,68,,,False,0.3684898166696443,0.3044102098081273,0.0762042986740924,0.68956896186413
TAP,PNC,cluster,regression,esm2_cls,linear,all,173,5,68,,,False,0.29522398425078644,0.24744138205400945,-0.0005292683340067939,0.7176366918108597
TAP,PNC,cluster,regression,esm2_cls,linear,25,25,6,56,,,False,0.18405277435639533,0.04398965470567573,-0.9665648437794769,0.871997314764827
TAP,PNC,cluster,regression,esm2_cls,linear,50,50,6,56,,,False,0.2759246107817279,0.14808519561754008,-0.05666970795325854,0.6391909844545277
TAP,PNC,cluster,regression,esm2_cls,linear,100,100,6,56,,,False,0.3185119293489849,0.23307486101639696,-0.02585523064214179,0.6298020220324597
TAP,PNC,cluster,regression,esm2_cls,linear,150,150,6,56,,,False,0.35083020900365336,0.31007436477672046,0.030026946641429908,0.612407987884774
TAP,PNC,cluster,regression,esm2_cls,linear,all,185,6,56,,,False,0.37686342470847656,0.28405244747473635,-0.011623855304709663,0.625418239964073
TAP,PNC,cluster,regression,esm2_cls,linear,25,25,7,59,,,False,0.03492704278866625,0.09602368997169518,-0.9902769919939973,0.9936803866699291
TAP,PNC,cluster,regression,esm2_cls,linear,50,50,7,59,,,False,0.17660883108721137,0.20202921429641135,-0.33419845203668475,0.8135798292058197
TAP,PNC,cluster,regression,esm2_cls,linear,100,100,7,59,,,False,0.22804248998832946,0.25210346259518635,-0.018964521810659107,0.7109998155235104
TAP,PNC,cluster,regression,esm2_cls,linear,150,150,7,59,,,False,0.32187901419281123,0.36271478640550653,0.048217292888603325,0.6871615671150858
TAP,PNC,cluster,regression,esm2_cls,linear,all,182,7,59,,,False,0.3430505435544343,0.3529551184516773,0.1097527577716193,0.6645769511756762
TAP,PNC,cluster,regression,esm2_cls,linear,25,25,8,63,,,False,0.3181838297112066,0.24272443653669798,-0.019298847169746836,0.546607982743153
TAP,PNC,cluster,regression,esm2_cls,linear,50,50,8,63,,,False,0.3660993325035146,0.2499931410262524,0.025509463620755124,0.5344585343061592
TAP,PNC,cluster,regression,esm2_cls,linear,100,100,8,63,,,False,0.6130944152090065,0.5798446516924022,0.2882795919610066,0.4567514270625495
TAP,PNC,cluster,regression,esm2_cls,linear,150,150,8,63,,,False,0.6389563411317121,0.5557113007837445,0.2427838746565435,0.471123893392925
TAP,PNC,cluster,regression,esm2_cls,linear,all,178,8,63,,,False,0.6414205669896021,0.6367406233485483,0.31839964110132246,0.44698207636646825
TAP,PNC,cluster,regression,esm2_cls,linear,25,25,9,64,,,False,0.33460060800743346,0.3305468243209716,0.0019446496639590194,0.6696656677265929
TAP,PNC,cluster,regression,esm2_cls,linear,50,50,9,64,,,False,0.32557882575744257,0.2797829755081874,-0.013048613608338533,0.6746769359219847
TAP,PNC,cluster,regression,esm2_cls,linear,100,100,9,64,,,False,0.48137986326635224,0.4116145732810796,0.1397814922473012,0.6217060759258626
TAP,PNC,cluster,regression,esm2_cls,linear,150,150,9,64,,,False,0.38821710666411496,0.36363434219775015,0.11359391284193976,0.6310984092938284
TAP,PNC,cluster,regression,esm2_cls,linear,all,177,9,64,,,False,0.4791361039502924,0.44403597750134327,0.16871972454158735,0.611159347405616
TAP,PNC,cluster,regression,esm2_cls,linear,25,25,10,62,,,False,0.2869311910928028,0.17478780519053025,0.003942253239211491,0.6908393006334761
TAP,PNC,cluster,regression,esm2_cls,linear,50,50,10,62,,,False,0.3268384616106579,0.2842934399318229,0.07324105094482691,0.6663741956093219
TAP,PNC,cluster,regression,esm2_cls,linear,100,100,10,62,,,False,0.45750090868478394,0.38910014235760537,0.13371310907620448,0.644266646070773
TAP,PNC,cluster,regression,esm2_cls,linear,150,150,10,62,,,False,0.5419000969862529,0.44785711821973234,0.19668909465933804,0.6204068845690804
TAP,PNC,cluster,regression,esm2_cls,linear,all,179,10,62,,,False,0.5337206694780241,0.4884371479615016,0.23517969979644204,0.6053610586097256
TAP,PNC,cluster,regression,esm2_cls,linear,25,25,11,62,,,False,0.0984592923102746,0.1555523730505896,-0.01650189667572355,0.8162680895263764
TAP,PNC,cluster,regression,esm2_cls,linear,50,50,11,62,,,False,0.0314447067931628,0.07456302284115741,-0.04817958196958316,0.8288893698721077
TAP,PNC,cluster,regression,esm2_cls,linear,100,100,11,62,,,False,0.19746341864914363,0.19982684449488788,0.03774865746651568,0.7941873862984165
TAP,PNC,cluster,regression,esm2_cls,linear,150,150,11,62,,,False,0.29000737007753613,0.28287375459576397,0.0798230287406636,0.7766304286552601
TAP,PNC,cluster,regression,esm2_cls,linear,all,179,11,62,,,False,0.3456323299492696,0.3487454490545958,0.11839121739115122,0.7601804146848876
TAP,PNC,cluster,regression,esm2_cls,linear,25,25,12,62,,,False,0.33322333972810914,0.4080662491746005,0.07586003568260058,0.5638118455519522
TAP,PNC,cluster,regression,esm2_cls,linear,50,50,12,62,,,False,0.2320491754510306,0.3746416518659505,0.09807833221683437,0.5569929913808037
TAP,PNC,cluster,regression,esm2_cls,linear,100,100,12,62,,,False,0.47642846749893564,0.36854367626954,0.13229755686242195,0.5463245671876854
TAP,PNC,cluster,regression,esm2_cls,linear,150,150,12,62,,,False,0.48542402426143527,0.36290155841803345,0.12832316306626745,0.5475743206710204
TAP,PNC,cluster,regression,esm2_cls,linear,all,179,12,62,,,False,0.5287991514093499,0.37578476208361455,0.13929880248266358,0.5441160339433952
TAP,PNC,cluster,regression,esm2_cls,linear,25,25,13,61,,,False,0.3097522139382539,0.2251394336621874,-0.08356627153616114,0.6756790954113446
TAP,PNC,cluster,regression,esm2_cls,linear,50,50,13,61,,,False,0.31871610437376613,0.2661265335043255,0.025897739288292865,0.6406414275409935
TAP,PNC,cluster,regression,esm2_cls,linear,100,100,13,61,,,False,0.2859561804698072,0.24513914770798467,0.04400920499669425,0.6346577662790799
TAP,PNC,cluster,regression,esm2_cls,linear,150,150,13,61,,,False,0.40900105488640215,0.34866509030094,0.11324228237031542,0.6112448767366222
TAP,PNC,cluster,regression,esm2_cls,linear,all,180,13,61,,,False,0.4460948717636868,0.39268336119435876,0.14908465002093707,0.5987643331457624
TAP,PNC,cluster,regression,esm2_cls,linear,25,25,14,59,,,False,0.2944256012490868,0.2322721067083907,0.02938793947548679,0.6101620722201672
TAP,PNC,cluster,regression,esm2_cls,linear,50,50,14,59,,,False,0.4570640920662685,0.406811412515279,0.10544463631309209,0.5857684528941155
TAP,PNC,cluster,regression,esm2_cls,linear,100,100,14,59,,,False,0.4658023443141215,0.4638892383933609,0.14493865379467508,0.5726918513547975
TAP,PNC,cluster,regression,esm2_cls,linear,150,150,14,59,,,False,0.5068780742683148,0.43258471613017924,0.17310202325684954,0.5631814365538801
TAP,PNC,cluster,regression,esm2_cls,linear,all,182,14,59,,,False,0.5188857406225073,0.43221225469291163,0.1783927682977412,0.5613768421773639
TAP,PNC,cluster,regression,esm2_cls,linear,25,25,15,58,,,False,0.21412277509955485,0.09599256294215432,-0.04243049261997722,0.9050101941574776
TAP,PNC,cluster,regression,esm2_cls,linear,50,50,15,58,,,False,0.17256308035449358,0.07127953492740649,-0.09470401543192808,0.927423878236833
TAP,PNC,cluster,regression,esm2_cls,linear,100,100,15,58,,,False,0.5039190873323585,0.3945414713668207,-0.04563947785695577,0.9064021012363528
TAP,PNC,cluster,regression,esm2_cls,linear,150,150,15,58,,,False,0.5227362204852948,0.46882875550840314,0.07077384826213406,0.8544578219984685
TAP,PNC,cluster,regression,esm2_cls,linear,all,183,15,58,,,False,0.5391233265092095,0.5184672627037201,0.0827208098637926,0.8489472158017498
TAP,PNC,cluster,regression,esm2_cls,linear,25,25,16,55,,,False,0.24738897310564242,0.22820704356963337,-0.009728982528681485,0.6714593962135331
TAP,PNC,cluster,regression,esm2_cls,linear,50,50,16,55,,,False,0.31466652825487873,0.2837080549459719,-0.01966097049192328,0.674753650187931
TAP,PNC,cluster,regression,esm2_cls,linear,100,100,16,55,,,False,0.3251627015392666,0.27922764040706555,0.039011443621134956,0.6550530190193403
TAP,PNC,cluster,regression,esm2_cls,linear,150,150,16,55,,,False,0.37902847971400727,0.3726635491008261,0.1277429234613,0.624079037804744
TAP,PNC,cluster,regression,esm2_cls,linear,all,186,16,55,,,False,0.4148175150100799,0.3840979143430001,0.13963805264397045,0.6198090903657186
TAP,PNC,cluster,regression,esm2_cls,linear,25,25,17,58,,,False,0.33227587493290345,0.3369751321669481,0.04577903582913856,0.6882983632810309
TAP,PNC,cluster,regression,esm2_cls,linear,50,50,17,58,,,False,0.44932724546318925,0.4441127378444013,0.11790796635419987,0.6617732525174603
TAP,PNC,cluster,regression,esm2_cls,linear,100,100,17,58,,,False,0.5037873338520784,0.5515684847341021,0.2888718268686895,0.5941911817954095
TAP,PNC,cluster,regression,esm2_cls,linear,150,150,17,58,,,False,0.4913068969296246,0.41698088116547943,0.17329917511751602,0.6406582829740348
TAP,PNC,cluster,regression,esm2_cls,linear,all,183,17,58,,,False,0.5088929671385367,0.4698606885499149,0.21025378650783144,0.6261754493826001
TAP,PNC,cluster,regression,esm2_cls,linear,25,25,18,56,,,False,0.33643403962602336,0.23130401446776988,-0.42338317324851515,0.9511096883324909
TAP,PNC,cluster,regression,esm2_cls,linear,50,50,18,56,,,False,0.4219517063949777,0.24862225981819747,-0.10445442268913574,0.8378062409517167
TAP,PNC,cluster,regression,esm2_cls,linear,100,100,18,56,,,False,0.5404246244501484,0.3271376131706196,0.06279967963407829,0.7717664693976816
TAP,PNC,cluster,regression,esm2_cls,linear,150,150,18,56,,,False,0.6322013683259287,0.43326940692710086,0.12256869259727388,0.7467517602481126
TAP,PNC,cluster,regression,esm2_cls,linear,all,185,18,56,,,False,0.613182073249938,0.43177600965487567,0.11811549698630852,0.7486443431463754
TAP,PNC,cluster,regression,esm2_cls,linear,25,25,19,64,,,False,-0.0019757988487768617,0.10691074204055691,-0.031887822987530345,0.5787371559647859
TAP,PNC,cluster,regression,esm2_cls,linear,50,50,19,64,,,False,0.1688837587406889,0.1774879963948781,0.0073793470446373854,0.5676188056621924
TAP,PNC,cluster,regression,esm2_cls,linear,100,100,19,64,,,False,0.23340299971919998,0.19915531349055704,-0.07913456263822494,0.5918381046998966
TAP,PNC,cluster,regression,esm2_cls,linear,150,150,19,64,,,False,0.22587614696195482,0.2562290589758619,-0.034519340866819404,0.5794746331474225
TAP,PNC,cluster,regression,esm2_cls,linear,all,177,19,64,,,False,0.2957347491151367,0.31321994673569653,0.0670633411486351,0.5502894684715315
TAP,PNC,cluster,regression,esm2_cls,mlp,25,25,0,63,,,False,0.11989214072277862,0.061150365543731475,-1.4963876390162891,1.2373670843085136
TAP,PNC,cluster,regression,esm2_cls,mlp,50,50,0,63,,,False,0.16861208040449527,0.1326349397772047,-1.3139533404497876,1.1912964454652577
TAP,PNC,cluster,regression,esm2_cls,mlp,100,100,0,63,,,False,0.07244400669540398,0.03416614106343868,-1.3840015022494474,1.209193515741995
TAP,PNC,cluster,regression,esm2_cls,mlp,150,150,0,63,,,False,0.2603288343233896,0.16216220695869396,-0.45515978805736235,0.9447086452643098
TAP,PNC,cluster,regression,esm2_cls,mlp,all,178,0,63,,,False,0.19536891474776738,0.14517582890837702,-0.3956306241581975,0.9251833161607707
TAP,PNC,cluster,regression,esm2_cls,mlp,25,25,1,60,,,False,0.10103600876279122,0.05843758130437793,-4.845834105872356,1.7082046145895293
TAP,PNC,cluster,regression,esm2_cls,mlp,50,50,1,60,,,False,0.18505898454740405,0.0791886768653474,-3.047483351418192,1.4213766703608186
TAP,PNC,cluster,regression,esm2_cls,mlp,100,100,1,60,,,False,0.2076209703346903,0.08647488921508123,-1.3243439351619721,1.0771268282310722
TAP,PNC,cluster,regression,esm2_cls,mlp,150,150,1,60,,,False,0.19480486105477116,0.17206976406296523,-1.2392465881958374,1.0572254472407991
TAP,PNC,cluster,regression,esm2_cls,mlp,all,181,1,60,,,False,0.24905502912757177,0.2238593960623998,-0.9830701727130928,0.9949143355380072
TAP,PNC,cluster,regression,esm2_cls,mlp,25,25,2,68,,,False,0.07252545108787835,0.16298460001416004,-3.920335582269642,1.467716964449974
TAP,PNC,cluster,regression,esm2_cls,mlp,50,50,2,68,,,False,0.18508336808319953,0.1738358868500527,-2.4885402180932035,1.2358530083303019
TAP,PNC,cluster,regression,esm2_cls,mlp,100,100,2,68,,,False,0.20271506710620077,0.2222841370901223,-1.513918267178921,1.0491087974203244
TAP,PNC,cluster,regression,esm2_cls,mlp,150,150,2,68,,,False,0.2853327364900731,0.183388639896561,-1.3627626126870873,1.01707972530644
TAP,PNC,cluster,regression,esm2_cls,mlp,all,173,2,68,,,False,0.22226626647177342,0.24276853109174196,-1.1081968796768025,0.9607281922107194
TAP,PNC,cluster,regression,esm2_cls,mlp,25,25,3,63,,,False,0.08110440789898793,0.10026750050504188,-3.869537824997348,1.3318533164373736
TAP,PNC,cluster,regression,esm2_cls,mlp,50,50,3,63,,,False,0.08036078557717569,0.06898732290624475,-3.7642850147156235,1.3173809890102617
TAP,PNC,cluster,regression,esm2_cls,mlp,100,100,3,63,,,False,0.10678416541223715,0.08360720714089526,-3.092556580199582,1.220983712971046
TAP,PNC,cluster,regression,esm2_cls,mlp,150,150,3,63,,,False,0.15159980400678794,0.21738548613922917,-2.1300233743107966,1.0677911450808637
TAP,PNC,cluster,regression,esm2_cls,mlp,all,178,3,63,,,False,0.23562912637157063,0.20731864007709944,-1.7858839061529905,1.007381641200239
TAP,PNC,cluster,regression,esm2_cls,mlp,25,25,4,57,,,False,0.211154850766053,0.2849010198951005,-0.5633917545482576,0.9629701074464995
TAP,PNC,cluster,regression,esm2_cls,mlp,50,50,4,57,,,False,0.33315107030715857,0.3728112820813412,-0.5967043064798165,0.9731754525079999
TAP,PNC,cluster,regression,esm2_cls,mlp,100,100,4,57,,,False,0.30953678866944323,0.3932619967115319,-0.2591728847001258,0.8642145599263077
TAP,PNC,cluster,regression,esm2_cls,mlp,150,150,4,57,,,False,0.362979636586378,0.3340922662936235,-0.27085266978647127,0.8682134314772627
TAP,PNC,cluster,regression,esm2_cls,mlp,all,184,4,57,,,False,0.23287214025004604,0.20430159499417125,-0.3454533187905844,0.8933326652700341
TAP,PNC,cluster,regression,esm2_cls,mlp,25,25,5,68,,,False,0.08841005676066466,0.08439099550737439,-1.6235890508190578,1.1620843209100697
TAP,PNC,cluster,regression,esm2_cls,mlp,50,50,5,68,,,False,0.23203465907881174,0.2355871315032635,-1.6464569553440649,1.167137851840457
TAP,PNC,cluster,regression,esm2_cls,mlp,100,100,5,68,,,False,0.2512644847994718,0.2798135557273236,-0.5762321787189966,0.9007407925700842
TAP,PNC,cluster,regression,esm2_cls,mlp,150,150,5,68,,,False,0.20086230625073467,0.2797000487605235,-0.4089798348186884,0.8516126924279817
TAP,PNC,cluster,regression,esm2_cls,mlp,all,173,5,68,,,False,0.13820332356543802,0.28712184244300715,-0.4454169255936409,0.862554022259765
TAP,PNC,cluster,regression,esm2_cls,mlp,25,25,6,56,,,False,-0.0218431730715931,-0.04678846496188425,-5.615261499866344,1.5993168771806705
TAP,PNC,cluster,regression,esm2_cls,mlp,50,50,6,56,,,False,-0.059484867547168634,-0.07834435332060538,-5.139822634680551,1.5407739416349973
TAP,PNC,cluster,regression,esm2_cls,mlp,100,100,6,56,,,False,0.05697771088958011,0.020566477253761907,-2.539633794268708,1.1698769345954836
TAP,PNC,cluster,regression,esm2_cls,mlp,150,150,6,56,,,False,0.15530633432349686,0.05128461599836203,-1.4882156054556068,0.9808554664743606
TAP,PNC,cluster,regression,esm2_cls,mlp,all,185,6,56,,,False,0.22945635108697093,0.0651652586008905,-2.012012724926942,1.0791688802831747
TAP,PNC,cluster,regression,esm2_cls,mlp,25,25,7,59,,,False,-0.034149557247137724,0.06374741891428394,-4.177951683041837,1.6027616905600286
TAP,PNC,cluster,regression,esm2_cls,mlp,50,50,7,59,,,False,-0.007236596194227083,0.18997800284493335,-1.7602660540359438,1.170214375110671
TAP,PNC,cluster,regression,esm2_cls,mlp,100,100,7,59,,,False,0.13414615920373013,0.2377061370410542,-0.9248765315517562,0.9772178590722884
TAP,PNC,cluster,regression,esm2_cls,mlp,150,150,7,59,,,False,0.15848743731158488,0.2727273429230194,-0.8483352871527503,0.9575916135867628
TAP,PNC,cluster,regression,esm2_cls,mlp,all,182,7,59,,,False,0.21889208323033987,0.23258251572835648,-0.8345475819827446,0.9540133382566716
TAP,PNC,cluster,regression,esm2_cls,mlp,25,25,8,63,,,False,0.13107690270352926,0.10023353281040805,-3.3590707307702177,1.130374004526413
TAP,PNC,cluster,regression,esm2_cls,mlp,50,50,8,63,,,False,0.08861256620291759,0.10634520883117561,-2.804873653743872,1.056076365400623
TAP,PNC,cluster,regression,esm2_cls,mlp,100,100,8,63,,,False,0.26850105382889666,0.29646399525390893,-1.0216029692440451,0.7697915451235646
TAP,PNC,cluster,regression,esm2_cls,mlp,150,150,8,63,,,False,0.4060247696353909,0.3565047594413147,-1.0984921543440969,0.7842939742286213
TAP,PNC,cluster,regression,esm2_cls,mlp,all,178,8,63,,,False,0.3993290448296087,0.4346311674303531,-0.8309418135893412,0.7325925111502951
TAP,PNC,cluster,regression,esm2_cls,mlp,25,25,9,64,,,False,0.19780140720640607,0.14590497938090144,-3.219601213132581,1.3769444658245342
TAP,PNC,cluster,regression,esm2_cls,mlp,50,50,9,64,,,False,0.19457600318956997,0.235343891817895,-1.234206321662739,1.001941485011228
TAP,PNC,cluster,regression,esm2_cls,mlp,100,100,9,64,,,False,0.20072296881585908,0.32411414614094675,-0.592795212411728,0.8459811600557505
TAP,PNC,cluster,regression,esm2_cls,mlp,150,150,9,64,,,False,0.14121660195452035,0.19858890799361173,-1.177918080643091,0.9892395945918019
TAP,PNC,cluster,regression,esm2_cls,mlp,all,177,9,64,,,False,0.1669964615963336,0.23611773136248354,-1.1446733299678913,0.9816604547350977
TAP,PNC,cluster,regression,esm2_cls,mlp,25,25,10,62,,,False,0.09119801180353178,0.05550488295426518,-2.6847664460411,1.3287392380674772
TAP,PNC,cluster,regression,esm2_cls,mlp,50,50,10,62,,,False,0.10312851434738139,0.12367157391001393,-1.7172116178909937,1.1410285430169826
TAP,PNC,cluster,regression,esm2_cls,mlp,100,100,10,62,,,False,0.3162625139407824,0.29618961182983466,-0.6583998952462375,0.8914139124636361
TAP,PNC,cluster,regression,esm2_cls,mlp,150,150,10,62,,,False,0.2258720252351968,0.23847768710639045,-0.7591623672923578,0.9180952490536973
TAP,PNC,cluster,regression,esm2_cls,mlp,all,179,10,62,,,False,0.26682126104072434,0.23190589830362604,-0.7657070730888977,0.9198014829959708
TAP,PNC,cluster,regression,esm2_cls,mlp,25,25,11,62,,,False,0.09256989590594461,0.035352496473886504,-1.559293279816338,1.2952057100912753
TAP,PNC,cluster,regression,esm2_cls,mlp,50,50,11,62,,,False,0.18602190404866112,0.1544111104870026,-1.3037809024361904,1.2288512317726057
TAP,PNC,cluster,regression,esm2_cls,mlp,100,100,11,62,,,False,0.2318657958832475,0.20860988138767095,-0.44114129123273327,0.9719233211294642
TAP,PNC,cluster,regression,esm2_cls,mlp,150,150,11,62,,,False,0.25804377373333104,0.11616738172032422,-0.5137204245178131,0.9960968292759432
TAP,PNC,cluster,regression,esm2_cls,mlp,all,179,11,62,,,False,0.2170514992009901,0.21141760561056785,-0.28654302285921274,0.9183133103686034
TAP,PNC,cluster,regression,esm2_cls,mlp,25,25,12,62,,,False,0.2289472593260308,0.2109552105475745,-3.4686850400963616,1.2398101663630419
TAP,PNC,cluster,regression,esm2_cls,mlp,50,50,12,62,,,False,0.24662818123852995,0.14296371031108054,-3.453776234800327,1.2377402586580901
TAP,PNC,cluster,regression,esm2_cls,mlp,100,100,12,62,,,False,0.17631808240519992,0.19821367967959608,-1.7579698290284171,0.9740025091189557
TAP,PNC,cluster,regression,esm2_cls,mlp,150,150,12,62,,,False,0.14224870363228492,0.1094592665387083,-1.766431084299025,0.975495450146904
TAP,PNC,cluster,regression,esm2_cls,mlp,all,179,12,62,,,False,0.11226351442395299,0.17049715719169983,-1.8223440831359765,0.9853041223874928
TAP,PNC,cluster,regression,esm2_cls,mlp,25,25,13,61,,,False,-0.04783433424596134,-0.09475368050402357,-4.42116782542931,1.5113295351717886
TAP,PNC,cluster,regression,esm2_cls,mlp,50,50,13,61,,,False,-0.038251316242831214,-0.18621110349338,-2.975403824097219,1.294205881526222
TAP,PNC,cluster,regression,esm2_cls,mlp,100,100,13,61,,,False,-0.04115852395164598,-0.18369231961867627,-2.082498297582653,1.1396307689821314
TAP,PNC,cluster,regression,esm2_cls,mlp,150,150,13,61,,,False,0.08468588381417805,-0.0038589413078874493,-1.2256258273780394,0.9683644105195377
TAP,PNC,cluster,regression,esm2_cls,mlp,all,180,13,61,,,False,0.14377218863684837,0.11515892355269121,-0.7145252952997807,0.8499330005216378
TAP,PNC,cluster,regression,esm2_cls,mlp,25,25,14,59,,,False,-0.06378329702004241,-0.1374865073925612,-2.9042839672139307,1.2237510157416314
TAP,PNC,cluster,regression,esm2_cls,mlp,50,50,14,59,,,False,0.11639114218568784,-0.06779584889168716,-2.791666716066098,1.2059726114180096
TAP,PNC,cluster,regression,esm2_cls,mlp,100,100,14,59,,,False,0.23076119201472942,0.10023427042572772,-1.2581660169242115,0.9306798267609759
TAP,PNC,cluster,regression,esm2_cls,mlp,150,150,14,59,,,False,0.21298746805481078,0.15317516859690644,-0.9838154762334534,0.8723143233077951
TAP,PNC,cluster,regression,esm2_cls,mlp,all,182,14,59,,,False,0.27136137082618234,0.2094569831661867,-0.9435569220472522,0.8634178023635906
TAP,PNC,cluster,regression,esm2_cls,mlp,25,25,15,58,,,False,0.20259572333368328,0.12434377034625228,-2.7271646675475236,1.7112726448835085
TAP,PNC,cluster,regression,esm2_cls,mlp,50,50,15,58,,,False,0.1401004102462823,0.18137451147222086,-1.9050178538289848,1.5107907626800328
TAP,PNC,cluster,regression,esm2_cls,mlp,100,100,15,58,,,False,0.2575517214823251,0.21076966883775308,-0.6066304663391999,1.1235383915728923
TAP,PNC,cluster,regression,esm2_cls,mlp,150,150,15,58,,,False,0.22054053905568877,0.14274898228808675,-0.786777844816098,1.184854977312509
TAP,PNC,cluster,regression,esm2_cls,mlp,all,183,15,58,,,False,0.1934986986968333,0.1727435534010913,-0.557518132365824,1.1062326530360829
TAP,PNC,cluster,regression,esm2_cls,mlp,25,25,16,55,,,False,-0.05743739269512263,-0.008180341316216479,-2.9492409250584233,1.3279268706957723
TAP,PNC,cluster,regression,esm2_cls,mlp,50,50,16,55,,,False,0.004373405535161622,-0.017959383918855442,-2.0293675167803205,1.1630364520903504
TAP,PNC,cluster,regression,esm2_cls,mlp,100,100,16,55,,,False,0.032363200960196,0.07761869755514883,-1.5580895096069929,1.0687477487027404
TAP,PNC,cluster,regression,esm2_cls,mlp,150,150,16,55,,,False,-0.008601030885817857,0.10203509496546678,-1.2799641482649813,1.0089772022363759
TAP,PNC,cluster,regression,esm2_cls,mlp,all,186,16,55,,,False,-0.04971104291633711,0.12302076359740068,-1.0062285091148095,0.9464715048840141
TAP,PNC,cluster,regression,esm2_cls,mlp,25,25,17,58,,,False,0.046738605949492154,0.0033590767072035014,-2.217703935879816,1.2639366316430896
TAP,PNC,cluster,regression,esm2_cls,mlp,50,50,17,58,,,False,0.21484630934436144,0.192580619218431,-0.6693619571883027,0.9103900784305863
TAP,PNC,cluster,regression,esm2_cls,mlp,100,100,17,58,,,False,0.4674806082594856,0.3852112497566126,-0.2893292081792198,0.8000813932734396
TAP,PNC,cluster,regression,esm2_cls,mlp,150,150,17,58,,,False,0.36713285280218083,0.286212558899633,-0.25830729240755823,0.7903976070179474
TAP,PNC,cluster,regression,esm2_cls,mlp,all,183,17,58,,,False,0.39486715707430026,0.28631314359320226,-0.17788160235682016,0.764721110385085
TAP,PNC,cluster,regression,esm2_cls,mlp,25,25,18,56,,,False,-0.08541392515944884,-0.07406881740180042,-6.359352557284139,2.1626662171956874
TAP,PNC,cluster,regression,esm2_cls,mlp,50,50,18,56,,,False,-0.06331696233479792,-0.13679637581588489,-4.411560999338662,1.8545176498037192
TAP,PNC,cluster,regression,esm2_cls,mlp,100,100,18,56,,,False,-0.03063835534059582,-0.14921081386332086,-3.2984944249619543,1.6528288155030164
TAP,PNC,cluster,regression,esm2_cls,mlp,150,150,18,56,,,False,0.14032781712430908,0.06197112266524532,-1.975778495575121,1.3752130736021917
TAP,PNC,cluster,regression,esm2_cls,mlp,all,185,18,56,,,False,0.1444083204315216,0.05311605444312234,-1.3346959642792453,1.2181053710369718
TAP,PNC,cluster,regression,esm2_cls,mlp,25,25,19,64,,,False,0.15197186145175362,0.1362686258835053,-4.478557867281118,1.3335160544733187
TAP,PNC,cluster,regression,esm2_cls,mlp,50,50,19,64,,,False,0.26694453731867385,0.14595208382195515,-3.850529265615883,1.254757171691085
TAP,PNC,cluster,regression,esm2_cls,mlp,100,100,19,64,,,False,0.22121890681840936,0.06429791824181919,-1.9203419663247225,0.9736031643070292
TAP,PNC,cluster,regression,esm2_cls,mlp,150,150,19,64,,,False,0.16683739564731287,0.09556757818083149,-2.1906955802830512,1.01767195728362
TAP,PNC,cluster,regression,esm2_cls,mlp,all,177,19,64,,,False,0.24419932914287354,0.17198205209641254,-1.9408405166481586,0.9770141611316188
TAP,PNC,cluster,regression,esm2_mean+max,linear,25,25,0,63,,,False,0.26771509023899115,0.32638008570597077,-0.024422767880363017,0.7926512673144764
TAP,PNC,cluster,regression,esm2_mean+max,linear,50,50,0,63,,,False,0.28224302405974405,0.27437914195843416,0.05854712303262366,0.7598744476758172
TAP,PNC,cluster,regression,esm2_mean+max,linear,100,100,0,63,,,False,0.30347239536683746,0.30868155863150293,0.005512227880501541,0.7809842417732951
TAP,PNC,cluster,regression,esm2_mean+max,linear,150,150,0,63,,,False,0.3964120393379837,0.3486533409467432,0.07697751071994507,0.7523998297151258
TAP,PNC,cluster,regression,esm2_mean+max,linear,all,178,0,63,,,False,0.39841757902367686,0.36496866340885026,0.08195439649048974,0.7503686390433801
TAP,PNC,cluster,regression,esm2_mean+max,linear,25,25,1,60,,,False,0.3903139039381093,0.17575267133200256,-0.012599845962427247,0.7109442988153709
TAP,PNC,cluster,regression,esm2_mean+max,linear,50,50,1,60,,,False,0.471632821501025,0.34185258496627224,0.06326036489502773,0.6837952751130147
TAP,PNC,cluster,regression,esm2_mean+max,linear,100,100,1,60,,,False,0.5337416587806331,0.4196084454455433,0.15010086648062526,0.651328888036279
TAP,PNC,cluster,regression,esm2_mean+max,linear,150,150,1,60,,,False,0.5284462114298093,0.45392644397438675,0.19483896633760356,0.6339544019332235
TAP,PNC,cluster,regression,esm2_mean+max,linear,all,181,1,60,,,False,0.5729786702683856,0.4814473417603793,0.22449227215116652,0.6221709254658297
TAP,PNC,cluster,regression,esm2_mean+max,linear,25,25,2,68,,,False,0.48129986940228575,0.400524618631544,0.14568190232623113,0.611582085046741
TAP,PNC,cluster,regression,esm2_mean+max,linear,50,50,2,68,,,False,0.5521432841074985,0.41961743018713094,0.1285490955890598,0.6176840890566806
TAP,PNC,cluster,regression,esm2_mean+max,linear,100,100,2,68,,,False,0.4477976623922509,0.39843085333276096,-0.0474647321009547,0.6771964248297906
TAP,PNC,cluster,regression,esm2_mean+max,linear,150,150,2,68,,,False,0.5403888180921642,0.4170627869502645,0.12463888129060186,0.6190683172784214
TAP,PNC,cluster,regression,esm2_mean+max,linear,all,173,2,68,,,False,0.5612856465638694,0.4390352170372314,0.1395539884790309,0.6137715656689687
TAP,PNC,cluster,regression,esm2_mean+max,linear,25,25,3,63,,,False,0.320848244451253,0.20063299442668356,-0.09768511447308614,0.632341102478466
TAP,PNC,cluster,regression,esm2_mean+max,linear,50,50,3,63,,,False,0.34697417535758956,0.26235703745788064,-0.08070412844237129,0.6274309385843305
TAP,PNC,cluster,regression,esm2_mean+max,linear,100,100,3,63,,,False,0.46694524327663034,0.4415093338314347,0.1871968562773043,0.544133183760198
TAP,PNC,cluster,regression,esm2_mean+max,linear,150,150,3,63,,,False,0.541307475457854,0.5099455070926522,0.2546773032072248,0.5210563561069006
TAP,PNC,cluster,regression,esm2_mean+max,linear,all,178,3,63,,,False,0.5317395349172033,0.49047135547355947,0.23281772265567058,0.5286421717777101
TAP,PNC,cluster,regression,esm2_mean+max,linear,25,25,4,57,,,False,0.38397737732240744,0.41820861419562566,-0.00143961855774144,0.7707105106778332
TAP,PNC,cluster,regression,esm2_mean+max,linear,50,50,4,57,,,False,0.3879021886749363,0.4212425783095309,-0.009490347795239051,0.7738022403739372
TAP,PNC,cluster,regression,esm2_mean+max,linear,100,100,4,57,,,False,0.36114805795519783,0.33197228721414734,-0.0074015561041114175,0.7730012675564847
TAP,PNC,cluster,regression,esm2_mean+max,linear,150,150,4,57,,,False,0.3868555723142619,0.32222870990460445,0.027996136614564016,0.7592991136907897
TAP,PNC,cluster,regression,esm2_mean+max,linear,all,184,4,57,,,False,0.5255976536261574,0.42583705338548794,0.12172358379807868,0.7217628222186786
TAP,PNC,cluster,regression,esm2_mean+max,linear,25,25,5,68,,,False,0.31115390116544966,0.3449431597005029,0.006880490229571823,0.7149744026700484
TAP,PNC,cluster,regression,esm2_mean+max,linear,50,50,5,68,,,False,0.2718889148369518,0.1984104572991699,-0.09034255334081909,0.7491541982995197
TAP,PNC,cluster,regression,esm2_mean+max,linear,100,100,5,68,,,False,0.3700219171867143,0.22846297977299415,0.007250801419457442,0.7148410915706375
TAP,PNC,cluster,regression,esm2_mean+max,linear,150,150,5,68,,,False,0.37412716087988884,0.23798349420862958,0.026184122026570833,0.7079916936302233
TAP,PNC,cluster,regression,esm2_mean+max,linear,all,173,5,68,,,False,0.3551330429310858,0.2409029113523416,0.0248994267978373,0.7084585445974284
TAP,PNC,cluster,regression,esm2_mean+max,linear,25,25,6,56,,,False,0.25542087756829857,0.1828480225880615,-0.3934467538645676,0.734017139863506
TAP,PNC,cluster,regression,esm2_mean+max,linear,50,50,6,56,,,False,0.3122612100108876,0.20500643556765535,-0.030421717900393386,0.6312022144730753
TAP,PNC,cluster,regression,esm2_mean+max,linear,100,100,6,56,,,False,0.4674988551108888,0.3534405689157075,0.07594482497501476,0.5977367581576949
TAP,PNC,cluster,regression,esm2_mean+max,linear,150,150,6,56,,,False,0.46018345280861,0.3660592635522215,0.10246344140394725,0.5890973725508089
TAP,PNC,cluster,regression,esm2_mean+max,linear,all,185,6,56,,,False,0.4105211442213087,0.34902540817264255,0.03899627306440678,0.6095699480334809
TAP,PNC,cluster,regression,esm2_mean+max,linear,25,25,7,59,,,False,0.013875126587278373,0.045128594730373416,-0.5777064974295225,0.8847143337200957
TAP,PNC,cluster,regression,esm2_mean+max,linear,50,50,7,59,,,False,0.2305543663532678,0.21223768989349143,-0.20247857485164622,0.7723757502193515
TAP,PNC,cluster,regression,esm2_mean+max,linear,100,100,7,59,,,False,0.3774393271220423,0.30240043266862304,-0.0014993421990452394,0.7048801663214375
TAP,PNC,cluster,regression,esm2_mean+max,linear,150,150,7,59,,,False,0.4673884236188814,0.3925568737311087,0.06117425960372325,0.6824682483223773
TAP,PNC,cluster,regression,esm2_mean+max,linear,all,182,7,59,,,False,0.43616938879750505,0.36210235536311375,0.10819915529061386,0.665156586969913
TAP,PNC,cluster,regression,esm2_mean+max,linear,25,25,8,63,,,False,0.4488873648605101,0.28473979721267034,-0.01634391123470591,0.5458151024801622
TAP,PNC,cluster,regression,esm2_mean+max,linear,50,50,8,63,,,False,0.28209163280271493,0.185588980143318,0.0002170221154084162,0.5413499144999894
TAP,PNC,cluster,regression,esm2_mean+max,linear,100,100,8,63,,,False,0.53376625552117,0.534075851579895,0.2254895150463576,0.4764736125432887
TAP,PNC,cluster,regression,esm2_mean+max,linear,150,150,8,63,,,False,0.5676431382745887,0.456130691252552,0.09046587624237523,0.5163387299043848
TAP,PNC,cluster,regression,esm2_mean+max,linear,all,178,8,63,,,False,0.5842953311930584,0.5460545243203573,0.23029162824967075,0.47499420203701276
TAP,PNC,cluster,regression,esm2_mean+max,linear,25,25,9,64,,,False,0.30206609792456485,0.28646133106680566,0.037822666211933864,0.6575189616183911
TAP,PNC,cluster,regression,esm2_mean+max,linear,50,50,9,64,,,False,0.34004639884745386,0.3192536927106565,0.03386567130198315,0.6588696116374837
TAP,PNC,cluster,regression,esm2_mean+max,linear,100,100,9,64,,,False,0.5255071298155304,0.45391784492493126,0.1289117029807727,0.6256217088283866
TAP,PNC,cluster,regression,esm2_mean+max,linear,150,150,9,64,,,False,0.41799366258765996,0.37672103070178475,0.12341445566344822,0.627592684859847
TAP,PNC,cluster,regression,esm2_mean+max,linear,all,177,9,64,,,False,0.5079310151730612,0.46671680515093794,0.1637585249849639,0.6129803775957501
TAP,PNC,cluster,regression,esm2_mean+max,linear,25,25,10,62,,,False,0.331787796727102,0.3097189424418881,0.0801240250082238,0.6638950265446137
TAP,PNC,cluster,regression,esm2_mean+max,linear,50,50,10,62,,,False,0.31053170485858395,0.2954868018369932,0.06443613052471198,0.6695322452010989
TAP,PNC,cluster,regression,esm2_mean+max,linear,100,100,10,62,,,False,0.5003777802725056,0.44838094877190215,0.15362423954928783,0.636819547166135
TAP,PNC,cluster,regression,esm2_mean+max,linear,150,150,10,62,,,False,0.588996927989048,0.46020817026371336,0.1583576624294991,0.635036318805634
TAP,PNC,cluster,regression,esm2_mean+max,linear,all,179,10,62,,,False,0.5723254833862887,0.4701668933563212,0.18617255492586093,0.6244547060792165
TAP,PNC,cluster,regression,esm2_mean+max,linear,25,25,11,62,,,False,0.060839799859708554,0.13237813297651516,-0.016138186516313713,0.8161220437789602
TAP,PNC,cluster,regression,esm2_mean+max,linear,50,50,11,62,,,False,0.09347795262026863,0.0362965603415366,-0.11265722325402017,0.8540030427993379
TAP,PNC,cluster,regression,esm2_mean+max,linear,100,100,11,62,,,False,0.2822240268119018,0.20615520400762527,0.03139360410697467,0.7968056197988304
TAP,PNC,cluster,regression,esm2_mean+max,linear,150,150,11,62,,,False,0.3382640983244691,0.3040740658084097,0.09081029599366841,0.7719798714665508
TAP,PNC,cluster,regression,esm2_mean+max,linear,all,179,11,62,,,False,0.3895303859674474,0.38562512603774907,0.14282089580927426,0.7495739930284558
TAP,PNC,cluster,regression,esm2_mean+max,linear,25,25,12,62,,,False,0.28292059990102825,0.37635491419470746,0.08314175629921261,0.5615861871910505
TAP,PNC,cluster,regression,esm2_mean+max,linear,50,50,12,62,,,False,0.32810517812185935,0.37373468929586107,0.12830756388130882,0.5475792202361633
TAP,PNC,cluster,regression,esm2_mean+max,linear,100,100,12,62,,,False,0.40772102533018895,0.2695160355950285,0.026009638775995825,0.5788188282718948
TAP,PNC,cluster,regression,esm2_mean+max,linear,150,150,12,62,,,False,0.4200252926260217,0.282668258636754,0.03249383340771894,0.5768889111411032
TAP,PNC,cluster,regression,esm2_mean+max,linear,all,179,12,62,,,False,0.38662799568018996,0.2740146093897461,-0.06543460556594738,0.605380906798849
TAP,PNC,cluster,regression,esm2_mean+max,linear,25,25,13,61,,,False,0.39871815354596485,0.3560455803507743,0.12157690161418255,0.6083655554959468
TAP,PNC,cluster,regression,esm2_mean+max,linear,50,50,13,61,,,False,0.47820874951013126,0.4167120808511533,0.11573599390758071,0.6103848100549458
TAP,PNC,cluster,regression,esm2_mean+max,linear,100,100,13,61,,,False,0.4681142782989689,0.3423542927819371,0.09657691043902272,0.616961887538163
TAP,PNC,cluster,regression,esm2_mean+max,linear,150,150,13,61,,,False,0.5052888509459429,0.41776442134589997,0.16918982181924624,0.5916483364920865
TAP,PNC,cluster,regression,esm2_mean+max,linear,all,180,13,61,,,False,0.5003089118151027,0.3992281799078278,0.14140983810900298,0.6014585424286683
TAP,PNC,cluster,regression,esm2_mean+max,linear,25,25,14,59,,,False,0.2361705862634003,0.10477541560481439,0.010225267505566626,0.6161558099764441
TAP,PNC,cluster,regression,esm2_mean+max,linear,50,50,14,59,,,False,0.472935611455226,0.369307190719563,0.10748405153362195,0.5851003518444108
TAP,PNC,cluster,regression,esm2_mean+max,linear,100,100,14,59,,,False,0.4100439728278216,0.4147035744387501,0.1405746960690063,0.5741514088296966
TAP,PNC,cluster,regression,esm2_mean+max,linear,150,150,14,59,,,False,0.35327505516319857,0.39108529881357584,0.1050630022755571,0.5858933894555248
TAP,PNC,cluster,regression,esm2_mean+max,linear,all,182,14,59,,,False,0.4304926719656544,0.4193267023379144,0.15068872310178127,0.5707629998630612
TAP,PNC,cluster,regression,esm2_mean+max,linear,25,25,15,58,,,False,0.3681491100467685,0.19728943148840153,0.01540252739657122,0.8795474547606479
TAP,PNC,cluster,regression,esm2_mean+max,linear,50,50,15,58,,,False,0.31811547454409356,0.17632309904212543,-0.049423566681631614,0.9080407198019895
TAP,PNC,cluster,regression,esm2_mean+max,linear,100,100,15,58,,,False,0.4377475793574633,0.3203894355229911,0.015808024749325078,0.879366319371215
TAP,PNC,cluster,regression,esm2_mean+max,linear,150,150,15,58,,,False,0.5828015064436741,0.4611522872065355,0.0867240494025322,0.8470926794551423
TAP,PNC,cluster,regression,esm2_mean+max,linear,all,183,15,58,,,False,0.5869138600466338,0.49791301673148725,0.0952815313667682,0.8431146697119009
TAP,PNC,cluster,regression,esm2_mean+max,linear,25,25,16,55,,,False,0.24738897310564242,0.2057768523844069,-0.004479316099454511,0.669711634450997
TAP,PNC,cluster,regression,esm2_mean+max,linear,50,50,16,55,,,False,0.26597594663007934,0.2621358774722205,-0.0014609326637149422,0.6687046613204358
TAP,PNC,cluster,regression,esm2_mean+max,linear,100,100,16,55,,,False,0.3548289690861129,0.2921366374656875,0.06317720082192568,0.6467643454425615
TAP,PNC,cluster,regression,esm2_mean+max,linear,150,150,16,55,,,False,0.4011870677588261,0.331072723678868,0.09006602215937576,0.6374150093781242
TAP,PNC,cluster,regression,esm2_mean+max,linear,all,186,16,55,,,False,0.41503618528683794,0.39603042681063527,0.14821105776444332,0.6167133411398851
TAP,PNC,cluster,regression,esm2_mean+max,linear,25,25,17,58,,,False,0.41383994249681827,0.44106921068148064,0.15157963451111944,0.6490195849394764
TAP,PNC,cluster,regression,esm2_mean+max,linear,50,50,17,58,,,False,0.46262710501186466,0.41802105930995864,0.1371011889517939,0.6545339761973417
TAP,PNC,cluster,regression,esm2_mean+max,linear,100,100,17,58,,,False,0.4321824028222427,0.47883123189788007,0.22836663400816737,0.6189531239906954
TAP,PNC,cluster,regression,esm2_mean+max,linear,150,150,17,58,,,False,0.5153222831288916,0.43760843016456275,0.19065487560446792,0.633897643607545
TAP,PNC,cluster,regression,esm2_mean+max,linear,all,183,17,58,,,False,0.5411025796000208,0.5006243876208343,0.23689415116662016,0.6155235178744147
TAP,PNC,cluster,regression,esm2_mean+max,linear,25,25,18,56,,,False,0.10858288461565561,0.06055394099595118,-0.02126184879243387,0.8056348526373165
TAP,PNC,cluster,regression,esm2_mean+max,linear,50,50,18,56,,,False,0.5368974097269646,0.3004142283622238,0.001178532163675472,0.7967345048394603
TAP,PNC,cluster,regression,esm2_mean+max,linear,100,100,18,56,,,False,0.6029462344454048,0.362575276033376,0.06907679261529442,0.769177586196642
TAP,PNC,cluster,regression,esm2_mean+max,linear,150,150,18,56,,,False,0.683968431469125,0.4654388339019068,0.11482594028989068,0.7500393193098576
TAP,PNC,cluster,regression,esm2_mean+max,linear,all,185,18,56,,,False,0.6770869047052666,0.49203856024180154,0.18266491120865214,0.7207252937019998
TAP,PNC,cluster,regression,esm2_mean+max,linear,25,25,19,64,,,False,0.01672372597000415,0.15239940115359119,-0.019746169155031135,0.575322240721502
TAP,PNC,cluster,regression,esm2_mean+max,linear,50,50,19,64,,,False,0.3647230589182622,0.3684485894333581,0.10995297996569287,0.537491495801898
TAP,PNC,cluster,regression,esm2_mean+max,linear,100,100,19,64,,,False,0.440109193565046,0.3903712614997819,0.1347690670388848,0.5299454170840582
TAP,PNC,cluster,regression,esm2_mean+max,linear,150,150,19,64,,,False,0.3842693546722332,0.3845381677458293,0.13385049831061058,0.5302266496069891
TAP,PNC,cluster,regression,esm2_mean+max,linear,all,177,19,64,,,False,0.439991586490714,0.40673770816902544,0.14636244659837772,0.5263830282262927
TAP,PNC,cluster,regression,esm2_mean+max,mlp,25,25,0,63,,,False,-0.2821451928555639,-0.265079039264437,-4.232666226638704,1.7914474122048993
TAP,PNC,cluster,regression,esm2_mean+max,mlp,50,50,0,63,,,False,-0.09435819643175845,-0.03385996589111358,-4.152942446493316,1.7777479772705749
TAP,PNC,cluster,regression,esm2_mean+max,mlp,100,100,0,63,,,False,-0.06031293737706489,0.003805432748974655,-3.0860481761375143,1.5830487481827402
TAP,PNC,cluster,regression,esm2_mean+max,mlp,150,150,0,63,,,False,-0.1044837260644044,-0.12321993527581636,-1.426299109072704,1.2198732742878091
TAP,PNC,cluster,regression,esm2_mean+max,mlp,all,178,0,63,,,False,-0.11886491307888701,-0.16119280152836046,-1.5862625752767099,1.2594439802022033
TAP,PNC,cluster,regression,esm2_mean+max,mlp,25,25,1,60,,,False,0.12540070003120896,0.04307437961067355,-3.556013596752238,1.508027124473063
TAP,PNC,cluster,regression,esm2_mean+max,mlp,50,50,1,60,,,False,0.2558996765012429,0.2857261960714017,-1.3125481319136805,1.0743901985849478
TAP,PNC,cluster,regression,esm2_mean+max,mlp,100,100,1,60,,,False,0.2714761785491447,0.24438304215099593,-0.7773107773696777,0.9418859846229595
TAP,PNC,cluster,regression,esm2_mean+max,mlp,150,150,1,60,,,False,0.14979355857276938,0.23305267036396915,-0.8623522524078715,0.9641565626055947
TAP,PNC,cluster,regression,esm2_mean+max,mlp,all,181,1,60,,,False,0.27133534218343125,0.37653236338562057,-0.6766305623623283,0.9148193383922898
TAP,PNC,cluster,regression,esm2_mean+max,mlp,25,25,2,68,,,False,0.3121265866327709,0.20671366708176733,-9.232914129771176,2.1166283895612272
TAP,PNC,cluster,regression,esm2_mean+max,mlp,50,50,2,68,,,False,0.39401207547360045,0.2825921063333329,-7.630430369179933,1.9438429709706861
TAP,PNC,cluster,regression,esm2_mean+max,mlp,100,100,2,68,,,False,0.26536597519466537,0.1525880267220132,-2.5187827162447474,1.2411983142043288
TAP,PNC,cluster,regression,esm2_mean+max,mlp,150,150,2,68,,,False,0.27209412072532807,0.1873023222826195,-1.8080775890179064,1.1087905189829008
TAP,PNC,cluster,regression,esm2_mean+max,mlp,all,173,2,68,,,False,0.266672026974147,0.19356639444624385,-1.3392228182980008,1.0120005483894343
TAP,PNC,cluster,regression,esm2_mean+max,mlp,25,25,3,63,,,False,0.1651833050852248,0.024441830126205967,-5.213657045818378,1.5044791185106807
TAP,PNC,cluster,regression,esm2_mean+max,mlp,50,50,3,63,,,False,-0.028406372693227433,-0.0024688777510998086,-3.2545886373562984,1.244919623177896
TAP,PNC,cluster,regression,esm2_mean+max,mlp,100,100,3,63,,,False,0.15169895364969624,0.08820182550928159,-3.086172868636825,1.2200310749850636
TAP,PNC,cluster,regression,esm2_mean+max,mlp,150,150,3,63,,,False,0.08769785915238976,0.059001000198842996,-2.6983314866510155,1.160687860299731
TAP,PNC,cluster,regression,esm2_mean+max,mlp,all,178,3,63,,,False,0.19854715992386712,0.10909346198310212,-1.937099124986137,1.034360259896056
TAP,PNC,cluster,regression,esm2_mean+max,mlp,25,25,4,57,,,False,0.008896239065732097,0.025702602511561395,-6.482016227805947,2.1066297851950906
TAP,PNC,cluster,regression,esm2_mean+max,mlp,50,50,4,57,,,False,0.021848116529077352,0.04680164738364407,-2.467377113486159,1.43410000239648
TAP,PNC,cluster,regression,esm2_mean+max,mlp,100,100,4,57,,,False,0.048863901338984383,0.15274197231751688,-2.5835268390993824,1.4579217940056206
TAP,PNC,cluster,regression,esm2_mean+max,mlp,150,150,4,57,,,False,-0.04742480384305713,0.006398966722980285,-2.2177983130975285,1.3815235969220307
TAP,PNC,cluster,regression,esm2_mean+max,mlp,all,184,4,57,,,False,-0.0012428569283008076,0.06731683024339344,-2.0050107080558113,1.3350634590460235
TAP,PNC,cluster,regression,esm2_mean+max,mlp,25,25,5,68,,,False,-0.3587079441375823,-0.19079436734798538,-6.077381426495462,1.908648862157089
TAP,PNC,cluster,regression,esm2_mean+max,mlp,50,50,5,68,,,False,0.07560326782310559,0.0824626080633045,-2.280575926597454,1.2994655892554519
TAP,PNC,cluster,regression,esm2_mean+max,mlp,100,100,5,68,,,False,0.02419933124397664,0.0242725236703102,-2.202797533976654,1.283968826067744
TAP,PNC,cluster,regression,esm2_mean+max,mlp,150,150,5,68,,,False,-0.05395743744091219,-0.009282204779024375,-1.846713632207924,1.2104911741554707
TAP,PNC,cluster,regression,esm2_mean+max,mlp,all,173,5,68,,,False,0.0011392542306417573,0.0032865715252454117,-1.3603101023828024,1.1022351827567818
TAP,PNC,cluster,regression,esm2_mean+max,mlp,25,25,6,56,,,False,0.14352613249400561,0.057915058997410784,-6.900465381060064,1.7477823497598575
TAP,PNC,cluster,regression,esm2_mean+max,mlp,50,50,6,56,,,False,0.16808252989367398,0.08534287090099074,-5.423218871910338,1.575931631129663
TAP,PNC,cluster,regression,esm2_mean+max,mlp,100,100,6,56,,,False,0.12844884793672673,-0.0062276165198915465,-4.366119912676785,1.440426818636481
TAP,PNC,cluster,regression,esm2_mean+max,mlp,150,150,6,56,,,False,0.0581454276890049,-0.015590320809078385,-2.72944106157472,1.200833751842235
TAP,PNC,cluster,regression,esm2_mean+max,mlp,all,185,6,56,,,False,0.17515751991371825,0.08459535988440636,-2.5396643473134914,1.169881983595934
TAP,PNC,cluster,regression,esm2_mean+max,mlp,25,25,7,59,,,False,-0.003767814547407489,-0.001278704990514641,-5.955476403662723,1.85760511107828
TAP,PNC,cluster,regression,esm2_mean+max,mlp,50,50,7,59,,,False,-0.0968268532103607,-0.11141480593681774,-8.319622169109,2.150250757899488
TAP,PNC,cluster,regression,esm2_mean+max,mlp,100,100,7,59,,,False,-0.03355149144596193,-0.03436685201162502,-3.6817762092715727,1.5240361962309212
TAP,PNC,cluster,regression,esm2_mean+max,mlp,150,150,7,59,,,False,0.22929842817079862,0.06918903099974245,-3.2681073882896188,1.4551495372354104
TAP,PNC,cluster,regression,esm2_mean+max,mlp,all,182,7,59,,,False,0.21231335941740614,0.08688896127208269,-3.5791497652278306,1.5072398932421318
TAP,PNC,cluster,regression,esm2_mean+max,mlp,25,25,8,63,,,False,0.2187187132654598,0.11163813093646692,-10.939039018578644,1.8707247374720672
TAP,PNC,cluster,regression,esm2_mean+max,mlp,50,50,8,63,,,False,0.2173496988999653,0.06961329907280052,-5.032179720635903,1.329726547975838
TAP,PNC,cluster,regression,esm2_mean+max,mlp,100,100,8,63,,,False,-0.022750529637490646,-0.09167884291219523,-4.3284039633446625,1.2497518109062957
TAP,PNC,cluster,regression,esm2_mean+max,mlp,150,150,8,63,,,False,-0.024418238046365778,-0.12235437701697607,-3.16639605732509,1.1051099246186145
TAP,PNC,cluster,regression,esm2_mean+max,mlp,all,178,8,63,,,False,0.03467340020243377,-0.08650904902014724,-2.880207932369463,1.0664799694507694
TAP,PNC,cluster,regression,esm2_mean+max,mlp,25,25,9,64,,,False,-0.00011686246437812011,0.028100821814012675,-3.746243739227433,1.4603459119826667
TAP,PNC,cluster,regression,esm2_mean+max,mlp,50,50,9,64,,,False,0.05607061040862202,0.07162306470109142,-2.8947840499159696,1.322885974555259
TAP,PNC,cluster,regression,esm2_mean+max,mlp,100,100,9,64,,,False,0.002711209173572386,0.007641458521739447,-2.1498921701285787,1.1896756265254982
TAP,PNC,cluster,regression,esm2_mean+max,mlp,150,150,9,64,,,False,0.04228083961200385,0.13197385473497486,-0.8524097205164618,0.9123243077727367
TAP,PNC,cluster,regression,esm2_mean+max,mlp,all,177,9,64,,,False,0.1433668712990777,0.20517226213525733,-0.957299966774048,0.9377982435427964
TAP,PNC,cluster,regression,esm2_mean+max,mlp,25,25,10,62,,,False,-0.12105031729534765,-0.06800225630003187,-27.929956097023148,3.723133975219454
TAP,PNC,cluster,regression,esm2_mean+max,mlp,50,50,10,62,,,False,0.03670322725826229,0.12286573104297537,-5.490954189955219,1.7635551647932424
TAP,PNC,cluster,regression,esm2_mean+max,mlp,100,100,10,62,,,False,0.04920681071033177,0.1090561765290483,-1.3598402716481086,1.063349622496121
TAP,PNC,cluster,regression,esm2_mean+max,mlp,150,150,10,62,,,False,0.14313998139400375,0.13385738157904198,-0.7844381911134637,0.924667368985587
TAP,PNC,cluster,regression,esm2_mean+max,mlp,all,179,10,62,,,False,0.20383445940092434,0.34860777376967755,-0.8569386766219562,0.9432646478356298
TAP,PNC,cluster,regression,esm2_mean+max,mlp,25,25,11,62,,,False,0.006096952224746912,-0.21786825863608786,-3.4866380817042595,1.714901741417361
TAP,PNC,cluster,regression,esm2_mean+max,mlp,50,50,11,62,,,False,-0.2874648112774289,-0.31907288977022163,-2.055581226190905,1.4152254788679732
TAP,PNC,cluster,regression,esm2_mean+max,mlp,100,100,11,62,,,False,-0.203897649082068,-0.23670625610663643,-2.135925111014575,1.433710822679648
TAP,PNC,cluster,regression,esm2_mean+max,mlp,150,150,11,62,,,False,0.029446982021649984,-0.20676241869887438,-1.4540855229152618,1.268304604039085
TAP,PNC,cluster,regression,esm2_mean+max,mlp,all,179,11,62,,,False,-0.07573192997462229,-0.16642731104939096,-1.2226475188717516,1.2070187589870407
TAP,PNC,cluster,regression,esm2_mean+max,mlp,25,25,12,62,,,False,0.015638827130207592,-0.042091029152336125,-19.844803056628773,2.6777141794535617
TAP,PNC,cluster,regression,esm2_mean+max,mlp,50,50,12,62,,,False,0.17600789079269996,0.172482782072326,-3.866371550984966,1.2938024002469604
TAP,PNC,cluster,regression,esm2_mean+max,mlp,100,100,12,62,,,False,0.02639213636354041,0.08204437287640456,-1.7058712013107407,0.9647590927802053
TAP,PNC,cluster,regression,esm2_mean+max,mlp,150,150,12,62,,,False,0.10740384582811989,0.14347345334083203,-1.5091299055222365,0.9290239145482105
TAP,PNC,cluster,regression,esm2_mean+max,mlp,all,179,12,62,,,False,0.1107642549635364,0.15026149392355614,-1.4808325163425788,0.9237704017033396
TAP,PNC,cluster,regression,esm2_mean+max,mlp,25,25,13,61,,,False,0.01205952827360196,-0.055254592957700376,-12.668544921601528,2.3997935723663266
TAP,PNC,cluster,regression,esm2_mean+max,mlp,50,50,13,61,,,False,0.02506120719357907,0.060284736060463855,-6.5364458699941235,1.781952140725471
TAP,PNC,cluster,regression,esm2_mean+max,mlp,100,100,13,61,,,False,0.06138865585402494,0.15131666079733974,-2.0447439520943194,1.1326301856925296
TAP,PNC,cluster,regression,esm2_mean+max,mlp,150,150,13,61,,,False,0.039381897018481396,0.10123938873186407,-1.9784197190011907,1.1202261149875066
TAP,PNC,cluster,regression,esm2_mean+max,mlp,all,180,13,61,,,False,0.11976080644923018,0.1649438964342171,-1.787519769785709,1.08373156190409
TAP,PNC,cluster,regression,esm2_mean+max,mlp,25,25,14,59,,,False,-0.22772955347976,-0.4561857534263869,-7.476992756053917,1.8031974005455673
TAP,PNC,cluster,regression,esm2_mean+max,mlp,50,50,14,59,,,False,-0.06699326723353942,-0.1797372329885889,-3.420703409670236,1.3021711101076527
TAP,PNC,cluster,regression,esm2_mean+max,mlp,100,100,14,59,,,False,0.048565660452352895,-0.024373476040704587,-1.8058105056281852,1.037412639780505
TAP,PNC,cluster,regression,esm2_mean+max,mlp,150,150,14,59,,,False,0.24437384347567043,0.3048612983218476,-1.0529799388702767,0.8873903863197019
TAP,PNC,cluster,regression,esm2_mean+max,mlp,all,182,14,59,,,False,0.19408431013088395,0.2287411322108331,-1.3683327875008162,0.9531115453752009
TAP,PNC,cluster,regression,esm2_mean+max,mlp,25,25,15,58,,,False,-0.029814563621457003,0.017417765772715508,-8.609363405579177,2.747750064640552
TAP,PNC,cluster,regression,esm2_mean+max,mlp,50,50,15,58,,,False,0.053180209092818294,0.011880643856251665,-5.001748212213473,2.171544851293562
TAP,PNC,cluster,regression,esm2_mean+max,mlp,100,100,15,58,,,False,-0.018162895079738176,-0.0267275865926742,-3.53232234866989,1.887080005041451
TAP,PNC,cluster,regression,esm2_mean+max,mlp,150,150,15,58,,,False,0.10358769492303505,0.1453622898149156,-2.276980773104218,1.604600283140601
TAP,PNC,cluster,regression,esm2_mean+max,mlp,all,183,15,58,,,False,0.2169266525561182,0.29982046264032824,-1.176792667737561,1.3077913207715484
TAP,PNC,cluster,regression,esm2_mean+max,mlp,25,25,16,55,,,False,0.013849117528011804,-0.05369313469550183,-7.449875519690195,1.9424171331157423
TAP,PNC,cluster,regression,esm2_mean+max,mlp,50,50,16,55,,,False,0.020773676292017703,-0.05044479081010171,-3.7665038809895837,1.4588724401723365
TAP,PNC,cluster,regression,esm2_mean+max,mlp,100,100,16,55,,,False,0.12012287203243921,0.028554701901984933,-2.8366255895211516,1.308856560239062
TAP,PNC,cluster,regression,esm2_mean+max,mlp,150,150,16,55,,,False,0.1677929923657009,0.07307724693389034,-2.8426151022387818,1.3098778164978897
TAP,PNC,cluster,regression,esm2_mean+max,mlp,all,186,16,55,,,False,0.20285312673924658,0.10815140567783617,-2.1391311879644896,1.183919237370525
TAP,PNC,cluster,regression,esm2_mean+max,mlp,25,25,17,58,,,False,-0.13176946154742192,-0.1696105178538746,-11.320083262541724,2.4731991093207495
TAP,PNC,cluster,regression,esm2_mean+max,mlp,50,50,17,58,,,False,0.25140516497579163,0.17835907490124983,-2.007415615512142,1.2219374777805345
TAP,PNC,cluster,regression,esm2_mean+max,mlp,100,100,17,58,,,False,0.3050458307384589,0.28562533299306925,-0.9357413043551988,0.9803381835783305
TAP,PNC,cluster,regression,esm2_mean+max,mlp,150,150,17,58,,,False,0.2020507098733609,0.12552238238691915,-1.0149645727749368,1.000197966707189
TAP,PNC,cluster,regression,esm2_mean+max,mlp,all,183,17,58,,,False,0.30347001799572487,0.16868119134694612,-0.9776971645264014,0.9909053093508718
TAP,PNC,cluster,regression,esm2_mean+max,mlp,25,25,18,56,,,False,0.13631647489010013,0.009569054453918507,-2.404466144541735,1.4709374381131595
TAP,PNC,cluster,regression,esm2_mean+max,mlp,50,50,18,56,,,False,0.05553634162189265,0.04169413981086893,-3.298931599479438,1.6529128631016872
TAP,PNC,cluster,regression,esm2_mean+max,mlp,100,100,18,56,,,False,0.04011342234208933,0.0903408022758945,-1.908998640191275,1.359694844856992
TAP,PNC,cluster,regression,esm2_mean+max,mlp,150,150,18,56,,,False,0.08901030095563617,0.13512688318390229,-1.5739790369178444,1.279004859759667
TAP,PNC,cluster,regression,esm2_mean+max,mlp,all,185,18,56,,,False,0.2901998623231153,0.2706324651992474,-0.8844472071655107,1.0943637009058433
TAP,PNC,cluster,regression,esm2_mean+max,mlp,25,25,19,64,,,False,0.09003997610854556,0.14096444299181876,-8.275371898337704,1.7351250825335305
TAP,PNC,cluster,regression,esm2_mean+max,mlp,50,50,19,64,,,False,0.02653215596928929,0.0838433307820032,-3.912626018635514,1.2627633657720059
TAP,PNC,cluster,regression,esm2_mean+max,mlp,100,100,19,64,,,False,0.15277158955721093,0.12010038654459645,-4.192414702844047,1.2982245198673619
TAP,PNC,cluster,regression,esm2_mean+max,mlp,150,150,19,64,,,False,0.09697879349413097,0.03200201542140818,-3.53202694714229,1.2128619281926516
TAP,PNC,cluster,regression,esm2_mean+max,mlp,all,177,19,64,,,False,0.050030049420814106,0.053410472020467614,-2.3569748943913726,1.0438525792756939
TAP,SFvCSP,cluster,regression,cheap,linear,25,25,0,63,,,False,0.5480300101319472,0.6364197477717705,-0.05304945856262133,6.306319260260902
TAP,SFvCSP,cluster,regression,cheap,linear,50,50,0,63,,,False,0.6971800063049893,0.7262295277444637,0.5080106863736147,4.310517410435671
TAP,SFvCSP,cluster,regression,cheap,linear,100,100,0,63,,,False,0.700860643307324,0.7515438381509599,0.500673062546725,4.342542391058058
TAP,SFvCSP,cluster,regression,cheap,linear,150,150,0,63,,,False,0.7404575616461672,0.7747960677851916,0.5456872594839984,4.142180566535846
TAP,SFvCSP,cluster,regression,cheap,linear,all,178,0,63,,,False,0.7408665213130932,0.7660553410569988,0.49304177992056253,4.375600400366369
TAP,SFvCSP,cluster,regression,cheap,linear,25,25,1,60,,,False,0.6690438965677383,0.6385121387199892,0.3933894731852082,5.130241448477017
TAP,SFvCSP,cluster,regression,cheap,linear,50,50,1,60,,,False,0.7326907691251187,0.7085093927472411,0.48153809832550676,4.742870405033206
TAP,SFvCSP,cluster,regression,cheap,linear,100,100,1,60,,,False,0.7538785512844216,0.7437002289545127,0.5279724588015405,4.525499313292672
TAP,SFvCSP,cluster,regression,cheap,linear,150,150,1,60,,,False,0.7520409775360458,0.7509902393106399,0.5573037907292449,4.382639366881635
TAP,SFvCSP,cluster,regression,cheap,linear,all,181,1,60,,,False,0.7712519758145202,0.7611562563568463,0.5741992639535125,4.298194239269966
TAP,SFvCSP,cluster,regression,cheap,linear,25,25,2,68,,,False,0.6912447304655679,0.6843590210028206,0.3872516899458932,6.069369444540872
TAP,SFvCSP,cluster,regression,cheap,linear,50,50,2,68,,,False,0.7485650409138157,0.7681183871119326,0.5113974777751633,5.419763865766604
TAP,SFvCSP,cluster,regression,cheap,linear,100,100,2,68,,,False,0.7677673449139787,0.8083119691067134,0.652680396682088,4.5694840005025235
TAP,SFvCSP,cluster,regression,cheap,linear,150,150,2,68,,,False,0.781619753272305,0.8281040168817855,0.6852207425275503,4.350163360109939
TAP,SFvCSP,cluster,regression,cheap,linear,all,173,2,68,,,False,0.798987807338124,0.847337076834267,0.7171415302248442,4.123700416884381
TAP,SFvCSP,cluster,regression,cheap,linear,25,25,3,63,,,False,0.3611145345776427,0.36159802625682985,0.0032115208566462217,6.902032802664082
TAP,SFvCSP,cluster,regression,cheap,linear,50,50,3,63,,,False,0.7484810270065233,0.711321335111468,0.5007812689478041,4.884509404471933
TAP,SFvCSP,cluster,regression,cheap,linear,100,100,3,63,,,False,0.7632522567215383,0.8071921480798867,0.6216485458772467,4.252293355532215
TAP,SFvCSP,cluster,regression,cheap,linear,150,150,3,63,,,False,0.8623275779807852,0.8402359590137499,0.697334413419043,3.803268934731302
TAP,SFvCSP,cluster,regression,cheap,linear,all,178,3,63,,,False,0.849693973379,0.8454741858581959,0.7079014519163714,3.7362868657663255
TAP,SFvCSP,cluster,regression,cheap,linear,25,25,4,57,,,False,0.7112260228231382,0.6541077312220618,0.12343344519554922,6.52540631788478
TAP,SFvCSP,cluster,regression,cheap,linear,50,50,4,57,,,False,0.7802061824990473,0.7258267371113406,0.49317865778165415,4.961837743309179
TAP,SFvCSP,cluster,regression,cheap,linear,100,100,4,57,,,False,0.6931126444235347,0.736624770986918,0.2905387342493051,5.870558980284182
TAP,SFvCSP,cluster,regression,cheap,linear,150,150,4,57,,,False,0.8148423379692568,0.8084374421955784,0.5825359972153525,4.503235169772082
TAP,SFvCSP,cluster,regression,cheap,linear,all,184,4,57,,,False,0.8614891565359774,0.8276938173676269,0.6698446534965554,4.004739563541512
TAP,SFvCSP,cluster,regression,cheap,linear,25,25,5,68,,,False,0.6960156489505482,0.758734307871153,-0.22510463952380144,7.28421958485157
TAP,SFvCSP,cluster,regression,cheap,linear,50,50,5,68,,,False,0.6869722635546136,0.7876669064274986,0.5923321083893569,4.2019384890325115
TAP,SFvCSP,cluster,regression,cheap,linear,100,100,5,68,,,False,0.7356306479788292,0.7947121679423155,0.6152992152281935,4.081858758695122
TAP,SFvCSP,cluster,regression,cheap,linear,150,150,5,68,,,False,0.7515951866798979,0.8200201184511762,0.6543480234008502,3.8691534965080026
TAP,SFvCSP,cluster,regression,cheap,linear,all,173,5,68,,,False,0.7452858480315714,0.8183682953376721,0.6446951957024272,3.9228073190140638
TAP,SFvCSP,cluster,regression,cheap,linear,25,25,6,56,,,False,0.7057557660995702,0.5853192084931295,0.28688819764998097,6.233841268888411
TAP,SFvCSP,cluster,regression,cheap,linear,50,50,6,56,,,False,0.7619782053818155,0.6582386090639084,0.420086469737739,5.621581979815952
TAP,SFvCSP,cluster,regression,cheap,linear,100,100,6,56,,,False,0.7728875473106697,0.7437287617138104,0.5227328349720987,5.099853563481777
TAP,SFvCSP,cluster,regression,cheap,linear,150,150,6,56,,,False,0.8031190779222904,0.8090172542973937,0.6412067183329193,4.42179983108513
TAP,SFvCSP,cluster,regression,cheap,linear,all,185,6,56,,,False,0.7944668412200959,0.8140783575442253,0.6504018640224265,4.364771186958508
TAP,SFvCSP,cluster,regression,cheap,linear,25,25,7,59,,,False,0.6015126434176427,0.49168876498789105,0.21483653410380743,6.12333571910869
TAP,SFvCSP,cluster,regression,cheap,linear,50,50,7,59,,,False,0.7523661522492715,0.7489824268682135,0.5421523264392627,4.675935748786023
TAP,SFvCSP,cluster,regression,cheap,linear,100,100,7,59,,,False,0.7670800004056239,0.7965353891772681,0.6331472181685412,4.185563522477669
TAP,SFvCSP,cluster,regression,cheap,linear,150,150,7,59,,,False,0.7874395199221671,0.8110905048439927,0.6476130795637528,4.102210285891891
TAP,SFvCSP,cluster,regression,cheap,linear,all,182,7,59,,,False,0.7954546181226454,0.8176498643148618,0.6580866893824631,4.040787696400244
TAP,SFvCSP,cluster,regression,cheap,linear,25,25,8,63,,,False,0.6659544022181848,0.6417647281570683,0.39230831502457053,6.3959944249542175
TAP,SFvCSP,cluster,regression,cheap,linear,50,50,8,63,,,False,0.7859827428833387,0.7514655484353241,0.5163598916668682,5.705945043213853
TAP,SFvCSP,cluster,regression,cheap,linear,100,100,8,63,,,False,0.7886959260189982,0.7782310272717828,0.5827290077677113,5.299995816882999
TAP,SFvCSP,cluster,regression,cheap,linear,150,150,8,63,,,False,0.816379998190817,0.8017362132457212,0.6183100956006355,5.068993870968795
TAP,SFvCSP,cluster,regression,cheap,linear,all,178,8,63,,,False,0.7903766589348935,0.7813188612773585,0.5804440816773453,5.314487077740337
TAP,SFvCSP,cluster,regression,cheap,linear,25,25,9,64,,,False,0.7201549751683892,0.7592625692575807,0.1332862852695752,6.397828435042877
TAP,SFvCSP,cluster,regression,cheap,linear,50,50,9,64,,,False,0.7263169984625012,0.7828207891681331,0.5416756868424311,4.652444526754762
TAP,SFvCSP,cluster,regression,cheap,linear,100,100,9,64,,,False,0.8056215510432304,0.8380704263729792,0.676318714075922,3.9097910740940507
TAP,SFvCSP,cluster,regression,cheap,linear,150,150,9,64,,,False,0.8143033608144886,0.8469843273267255,0.7001934183193996,3.762836401877043
TAP,SFvCSP,cluster,regression,cheap,linear,all,177,9,64,,,False,0.8284141650865076,0.8592846797590495,0.7235758244632531,3.6131231709521927
TAP,SFvCSP,cluster,regression,cheap,linear,25,25,10,62,,,False,0.6010433082901735,0.5773003737554364,0.33210014115611874,5.811636409526105
TAP,SFvCSP,cluster,regression,cheap,linear,50,50,10,62,,,False,0.6786273583562216,0.6838919941266323,0.40898453597487394,5.466913247743098
TAP,SFvCSP,cluster,regression,cheap,linear,100,100,10,62,,,False,0.8575065955822283,0.8337337401927236,0.68985090686057,3.9602993811619545
TAP,SFvCSP,cluster,regression,cheap,linear,150,150,10,62,,,False,0.796931065748263,0.7991810993600991,0.6277082843947543,4.338948008280821
TAP,SFvCSP,cluster,regression,cheap,linear,all,179,10,62,,,False,0.8255809731614154,0.8431252452382388,0.707409060103167,3.8465660759346147
TAP,SFvCSP,cluster,regression,cheap,linear,25,25,11,62,,,False,0.8009739098631624,0.7513232623962467,0.5097052049047722,4.899604203646142
TAP,SFvCSP,cluster,regression,cheap,linear,50,50,11,62,,,False,0.7506971454136663,0.7280877296835134,0.5007321732151164,4.944235487854797
TAP,SFvCSP,cluster,regression,cheap,linear,100,100,11,62,,,False,0.7959815330522295,0.7975880933275211,0.5792707406246238,4.538723383213331
TAP,SFvCSP,cluster,regression,cheap,linear,150,150,11,62,,,False,0.822784040880622,0.8270798787645235,0.6565943820326383,4.100492812868002
TAP,SFvCSP,cluster,regression,cheap,linear,all,179,11,62,,,False,0.846510437744702,0.8545905892965112,0.7056524878828392,3.796317630585188
TAP,SFvCSP,cluster,regression,cheap,linear,25,25,12,62,,,False,0.6440789377040579,0.7654746039622999,0.4947081252194142,5.336068977868318
TAP,SFvCSP,cluster,regression,cheap,linear,50,50,12,62,,,False,0.714789575146771,0.7639378471604057,0.48666996846495403,5.378344465495246
TAP,SFvCSP,cluster,regression,cheap,linear,100,100,12,62,,,False,0.7554475619057803,0.8010225630558243,0.5792063657632457,4.869505471767933
TAP,SFvCSP,cluster,regression,cheap,linear,150,150,12,62,,,False,0.7838376183353983,0.8389979310446904,0.6883882910781192,4.190416215150254
TAP,SFvCSP,cluster,regression,cheap,linear,all,179,12,62,,,False,0.7871124251995069,0.8402705888366042,0.6923516679007521,4.163682067626009
TAP,SFvCSP,cluster,regression,cheap,linear,25,25,13,61,,,False,0.7007054171820828,0.6382427552870706,0.3086918113587078,6.045370549020659
TAP,SFvCSP,cluster,regression,cheap,linear,50,50,13,61,,,False,0.7246267803668488,0.6551180185328828,0.4007739427465905,5.628367161791263
TAP,SFvCSP,cluster,regression,cheap,linear,100,100,13,61,,,False,0.7761741426278268,0.7706839086916051,0.5907978573591167,4.6511037250379905
TAP,SFvCSP,cluster,regression,cheap,linear,150,150,13,61,,,False,0.8103891012538251,0.8171848226697621,0.6574708433052056,4.255355503387017
TAP,SFvCSP,cluster,regression,cheap,linear,all,180,13,61,,,False,0.8369037095626033,0.8256648602593524,0.662772463000721,4.222295171857659
TAP,SFvCSP,cluster,regression,cheap,linear,25,25,14,59,,,False,0.5042437375330062,0.5784834597590451,-0.17219363239849628,6.41300237591174
TAP,SFvCSP,cluster,regression,cheap,linear,50,50,14,59,,,False,0.5009076696275587,0.5730458422592365,0.15650993891624054,5.4400351607009965
TAP,SFvCSP,cluster,regression,cheap,linear,100,100,14,59,,,False,0.6165287599295092,0.7052261876800707,0.384405872382376,4.647388254210991
TAP,SFvCSP,cluster,regression,cheap,linear,150,150,14,59,,,False,0.614304714659211,0.7408097310744288,0.4808890717053227,4.267679608088872
TAP,SFvCSP,cluster,regression,cheap,linear,all,182,14,59,,,False,0.6479872950028063,0.7636279764406615,0.5348703823534255,4.039696324368451
TAP,SFvCSP,cluster,regression,cheap,linear,25,25,15,58,,,False,0.7844630984939844,0.7241458920105894,0.45599723721107,5.783655735988153
TAP,SFvCSP,cluster,regression,cheap,linear,50,50,15,58,,,False,0.824939989698771,0.7976319973348521,0.6346093799865167,4.74002441650321
TAP,SFvCSP,cluster,regression,cheap,linear,100,100,15,58,,,False,0.87662965746257,0.85261090988809,0.7202628759938534,4.147409655444855
TAP,SFvCSP,cluster,regression,cheap,linear,150,150,15,58,,,False,0.8489365637083058,0.859270638976361,0.7292152940995962,4.080505310105945
TAP,SFvCSP,cluster,regression,cheap,linear,all,183,15,58,,,False,0.863969077336872,0.8704644051617253,0.7439677457671845,3.9677949615780737
TAP,SFvCSP,cluster,regression,cheap,linear,25,25,16,55,,,False,0.6513712090996683,0.6755773841123994,0.3930095254499866,6.01304669034135
TAP,SFvCSP,cluster,regression,cheap,linear,50,50,16,55,,,False,0.7900430201046468,0.8186147212946461,0.6429845528519658,4.611552337051544
TAP,SFvCSP,cluster,regression,cheap,linear,100,100,16,55,,,False,0.7893209591257092,0.8305277058350774,0.5899548765498654,4.942190298564762
TAP,SFvCSP,cluster,regression,cheap,linear,150,150,16,55,,,False,0.8024263658934278,0.8412111817803116,0.6874886687123332,4.314560097722034
TAP,SFvCSP,cluster,regression,cheap,linear,all,186,16,55,,,False,0.8103329336127953,0.8552771677404668,0.723829026515549,4.055950569992253
TAP,SFvCSP,cluster,regression,cheap,linear,25,25,17,58,,,False,0.751640285745581,0.749037727291852,0.4926408219967131,4.851966965961977
TAP,SFvCSP,cluster,regression,cheap,linear,50,50,17,58,,,False,0.5816836019931284,0.6450948752584535,-0.5297091654206048,8.424895238662142
TAP,SFvCSP,cluster,regression,cheap,linear,100,100,17,58,,,False,0.8337085158960225,0.8536377280166421,0.6722269775143543,3.8998389971958933
TAP,SFvCSP,cluster,regression,cheap,linear,150,150,17,58,,,False,0.8475046011145582,0.8617489502130694,0.7373435062445286,3.49103454299005
TAP,SFvCSP,cluster,regression,cheap,linear,all,183,17,58,,,False,0.8774063840324113,0.8759544536446573,0.7638443993753843,3.310237846069555
TAP,SFvCSP,cluster,regression,cheap,linear,25,25,18,56,,,False,0.6697892703231434,0.6623835626288885,0.3664231143071991,6.449115143301377
TAP,SFvCSP,cluster,regression,cheap,linear,50,50,18,56,,,False,0.7320809374421656,0.7399015341598578,0.49506342004284376,5.7573003374583696
TAP,SFvCSP,cluster,regression,cheap,linear,100,100,18,56,,,False,0.8412452036941078,0.8102484406954527,0.6545483881473688,4.762051416657703
TAP,SFvCSP,cluster,regression,cheap,linear,150,150,18,56,,,False,0.817928564300489,0.8227833894022775,0.6735574694832435,4.629177530261985
TAP,SFvCSP,cluster,regression,cheap,linear,all,185,18,56,,,False,0.7912272514465063,0.8001370688988207,0.6370807928339325,4.880962210455026
TAP,SFvCSP,cluster,regression,cheap,linear,25,25,19,64,,,False,0.6773197104928861,0.6509577798430743,0.2213383040902418,5.32706155843121
TAP,SFvCSP,cluster,regression,cheap,linear,50,50,19,64,,,False,0.7540761878792301,0.7404093686416182,0.5428265449151329,4.081819656583819
TAP,SFvCSP,cluster,regression,cheap,linear,100,100,19,64,,,False,0.7822691677679979,0.7831652024771995,0.5310954055836403,4.133857995044592
TAP,SFvCSP,cluster,regression,cheap,linear,150,150,19,64,,,False,0.7977535139233425,0.8119781220776588,0.5791510362133514,3.916304402779718
TAP,SFvCSP,cluster,regression,cheap,linear,all,177,19,64,,,False,0.7954136571709791,0.8114467092533191,0.5937756577682097,3.8476563975426314
TAP,SFvCSP,cluster,regression,cheap,mlp,25,25,0,63,,,False,0.5387923329496168,0.5645662198358603,0.16042805922941583,5.630935161013737
TAP,SFvCSP,cluster,regression,cheap,mlp,50,50,0,63,,,False,0.5904896461392728,0.5750766969638026,0.25328071064813007,5.310436912790009
TAP,SFvCSP,cluster,regression,cheap,mlp,100,100,0,63,,,False,0.6713914908376503,0.6978089972951812,0.4253113221867163,4.658733732010046
TAP,SFvCSP,cluster,regression,cheap,mlp,150,150,0,63,,,False,0.6291483628892856,0.7049035192572399,0.4598395803204154,4.516613702493549
TAP,SFvCSP,cluster,regression,cheap,mlp,all,178,0,63,,,False,0.647022305979055,0.7080521632104443,0.44830712575793785,4.564574040518559
TAP,SFvCSP,cluster,regression,cheap,mlp,25,25,1,60,,,False,0.5542233793207407,0.556790109042654,0.3091309221839754,5.474956982856291
TAP,SFvCSP,cluster,regression,cheap,mlp,50,50,1,60,,,False,0.6752248264486388,0.5924537468152558,0.30408093269072456,5.494930473487739
TAP,SFvCSP,cluster,regression,cheap,mlp,100,100,1,60,,,False,0.7412104292312247,0.7175261347475927,0.5141084604103751,4.5914779436108555
TAP,SFvCSP,cluster,regression,cheap,mlp,150,150,1,60,,,False,0.6713826267929439,0.6709794085565522,0.4396645774594752,4.930680624453481
TAP,SFvCSP,cluster,regression,cheap,mlp,all,181,1,60,,,False,0.7482823039598225,0.7212115017012781,0.5095849640979069,4.612801033359861
TAP,SFvCSP,cluster,regression,cheap,mlp,25,25,2,68,,,False,0.7390116558391077,0.7414521958338454,0.51575043442035,5.3955675337072595
TAP,SFvCSP,cluster,regression,cheap,mlp,50,50,2,68,,,False,0.7060715841015146,0.778891677549097,0.5460502219673895,5.224039077090045
TAP,SFvCSP,cluster,regression,cheap,mlp,100,100,2,68,,,False,0.6638647288414551,0.725348776151452,0.5130663463000242,5.41050008842086
TAP,SFvCSP,cluster,regression,cheap,mlp,150,150,2,68,,,False,0.6840223713490888,0.7509285115455772,0.556272171933363,5.164887257344185
TAP,SFvCSP,cluster,regression,cheap,mlp,all,173,2,68,,,False,0.7219110965553804,0.769166729017609,0.566059142902215,5.10761065281445
TAP,SFvCSP,cluster,regression,cheap,mlp,25,25,3,63,,,False,0.37881599197596144,0.40283899022269504,0.15877066541539997,6.340634485363922
TAP,SFvCSP,cluster,regression,cheap,mlp,50,50,3,63,,,False,0.6619912738296634,0.6539640972007896,0.419094529367406,5.269000591391096
TAP,SFvCSP,cluster,regression,cheap,mlp,100,100,3,63,,,False,0.6859374787497771,0.7294465457712574,0.4487392815999879,5.13279639767229
TAP,SFvCSP,cluster,regression,cheap,mlp,150,150,3,63,,,False,0.8101358996543989,0.7547385859833327,0.5370509588885075,4.7037270087177445
TAP,SFvCSP,cluster,regression,cheap,mlp,all,178,3,63,,,False,0.8154439350479247,0.7809047135224423,0.5908124204133886,4.422183252135218
TAP,SFvCSP,cluster,regression,cheap,mlp,25,25,4,57,,,False,0.6091029252511805,0.502742152482801,0.1780405493833288,6.318882905543753
TAP,SFvCSP,cluster,regression,cheap,mlp,50,50,4,57,,,False,0.7621577266026682,0.711981123370215,0.4785646758437748,5.032865627648461
TAP,SFvCSP,cluster,regression,cheap,mlp,100,100,4,57,,,False,0.7436872744353307,0.6816894420336962,0.4265158030313483,5.278078418702795
TAP,SFvCSP,cluster,regression,cheap,mlp,150,150,4,57,,,False,0.7575157676221247,0.7010068896449186,0.4696371885591335,5.075766593148449
TAP,SFvCSP,cluster,regression,cheap,mlp,all,184,4,57,,,False,0.7637807891832779,0.692605883395433,0.44066886234167246,5.212542505656096
TAP,SFvCSP,cluster,regression,cheap,mlp,25,25,5,68,,,False,0.6269761887714353,0.7273232345575602,0.45862661151016004,4.842224145369505
TAP,SFvCSP,cluster,regression,cheap,mlp,50,50,5,68,,,False,0.6198638433860489,0.7190027360818043,0.4987913614457852,4.659139466455782
TAP,SFvCSP,cluster,regression,cheap,mlp,100,100,5,68,,,False,0.671600420302327,0.7348795999014393,0.5329319260075693,4.497659029765047
TAP,SFvCSP,cluster,regression,cheap,mlp,150,150,5,68,,,False,0.638658024874852,0.7183423409468892,0.49725832697973515,4.666259423527819
TAP,SFvCSP,cluster,regression,cheap,mlp,all,173,5,68,,,False,0.6322913286024497,0.7135456244003122,0.4770804736697638,4.758979856269227
TAP,SFvCSP,cluster,regression,cheap,mlp,25,25,6,56,,,False,0.5958757798381021,0.4000549888906112,0.023319572510093423,7.295468218822537
TAP,SFvCSP,cluster,regression,cheap,mlp,50,50,6,56,,,False,0.628774798444866,0.4793245781890599,0.1463947765050454,6.820331117971559
TAP,SFvCSP,cluster,regression,cheap,mlp,100,100,6,56,,,False,0.638863374836753,0.6072229162049854,0.3335960345526504,6.0262301494723225
TAP,SFvCSP,cluster,regression,cheap,mlp,150,150,6,56,,,False,0.7434767822360159,0.7193552935075131,0.5086504372629934,5.174545553115996
TAP,SFvCSP,cluster,regression,cheap,mlp,all,185,6,56,,,False,0.719503588843769,0.7119573557536376,0.4874773167187515,5.2848598317889
TAP,SFvCSP,cluster,regression,cheap,mlp,25,25,7,59,,,False,0.5483614265188508,0.44950980041454275,0.16688611620349936,6.307542930384315
TAP,SFvCSP,cluster,regression,cheap,mlp,50,50,7,59,,,False,0.6592272008977287,0.6378202933350173,0.3846996009668109,5.420653254525905
TAP,SFvCSP,cluster,regression,cheap,mlp,100,100,7,59,,,False,0.6858174354387313,0.7038769633256101,0.48360415433010584,4.965916342030927
TAP,SFvCSP,cluster,regression,cheap,mlp,150,150,7,59,,,False,0.6848521133926884,0.7207438841696766,0.5117560778940471,4.828658058584708
TAP,SFvCSP,cluster,regression,cheap,mlp,all,182,7,59,,,False,0.7126416874454414,0.7206134590242514,0.49675023832989174,4.902299247238943
TAP,SFvCSP,cluster,regression,cheap,mlp,25,25,8,63,,,False,0.49540803219526275,0.4694637139181369,0.17055723388149602,7.472391908198028
TAP,SFvCSP,cluster,regression,cheap,mlp,50,50,8,63,,,False,0.5680637151023952,0.567269436742737,0.2936044858701975,6.895891121995173
TAP,SFvCSP,cluster,regression,cheap,mlp,100,100,8,63,,,False,0.7014178667435763,0.6990067170229861,0.45100929199816775,6.079234924150531
TAP,SFvCSP,cluster,regression,cheap,mlp,150,150,8,63,,,False,0.7030505787190174,0.7192068858347672,0.46639834732710284,5.993424137339947
TAP,SFvCSP,cluster,regression,cheap,mlp,all,178,8,63,,,False,0.7030985996594717,0.7335691157707653,0.4908690857926232,5.854383438314822
TAP,SFvCSP,cluster,regression,cheap,mlp,25,25,9,64,,,False,0.6840533070958215,0.6891375910240983,0.23534858341230136,6.009336231333418
TAP,SFvCSP,cluster,regression,cheap,mlp,50,50,9,64,,,False,0.5948528658048453,0.6677524665070811,0.34052708481450167,5.58075860024475
TAP,SFvCSP,cluster,regression,cheap,mlp,100,100,9,64,,,False,0.6705380887184009,0.7150297209824457,0.4338741847451839,5.170722548493022
TAP,SFvCSP,cluster,regression,cheap,mlp,150,150,9,64,,,False,0.7266147914098002,0.7437006955389983,0.5325390986498996,4.698588392549057
TAP,SFvCSP,cluster,regression,cheap,mlp,all,177,9,64,,,False,0.7089533789199847,0.7466844806588206,0.5279939024578664,4.721375694015109
TAP,SFvCSP,cluster,regression,cheap,mlp,25,25,10,62,,,False,0.6234693571887714,0.5631485519202906,0.3094764482550654,5.9092451569084945
TAP,SFvCSP,cluster,regression,cheap,mlp,50,50,10,62,,,False,0.6791565123189974,0.6912567562806439,0.43939968426699016,5.324384728327998
TAP,SFvCSP,cluster,regression,cheap,mlp,100,100,10,62,,,False,0.7873307009950429,0.769553449499928,0.5808446964077968,4.603946231220714
TAP,SFvCSP,cluster,regression,cheap,mlp,150,150,10,62,,,False,0.7117876733568448,0.7475186028815684,0.543084380648337,4.80685212839261
TAP,SFvCSP,cluster,regression,cheap,mlp,all,179,10,62,,,False,0.7288213913966787,0.7711015774893263,0.5807863110054649,4.60426686881109
TAP,SFvCSP,cluster,regression,cheap,mlp,25,25,11,62,,,False,0.783374520903409,0.6912495204890828,0.4552313448476796,5.164620476242395
TAP,SFvCSP,cluster,regression,cheap,mlp,50,50,11,62,,,False,0.7068499571600685,0.6870813391170926,0.44898316643887615,5.19415362641278
TAP,SFvCSP,cluster,regression,cheap,mlp,100,100,11,62,,,False,0.7780795758009045,0.7622176528307364,0.5134012142118634,4.881101824991738
TAP,SFvCSP,cluster,regression,cheap,mlp,150,150,11,62,,,False,0.7920481452617976,0.7811894552783671,0.5573109877636295,4.6556650594452025
TAP,SFvCSP,cluster,regression,cheap,mlp,all,179,11,62,,,False,0.7866271300378047,0.7972050633505885,0.6019708780679949,4.414583964373156
TAP,SFvCSP,cluster,regression,cheap,mlp,25,25,12,62,,,False,0.5422324442302818,0.6688891426341326,0.30333834587030917,6.265579298690207
TAP,SFvCSP,cluster,regression,cheap,mlp,50,50,12,62,,,False,0.5735950176596291,0.6304812150496565,0.3604309992000505,6.003354377634089
TAP,SFvCSP,cluster,regression,cheap,mlp,100,100,12,62,,,False,0.5807492111166047,0.673231092172964,0.389451387056711,5.865572431130281
TAP,SFvCSP,cluster,regression,cheap,mlp,150,150,12,62,,,False,0.6882888303695233,0.7441796923360224,0.502210707662594,5.296305802832445
TAP,SFvCSP,cluster,regression,cheap,mlp,all,179,12,62,,,False,0.7104567537573351,0.7667568623839923,0.5720328497609435,4.910836725223271
TAP,SFvCSP,cluster,regression,cheap,mlp,25,25,13,61,,,False,0.4135961355950134,0.31149855944227395,-0.2203252617978897,8.032021756331835
TAP,SFvCSP,cluster,regression,cheap,mlp,50,50,13,61,,,False,0.6857281035066651,0.5867249737825975,0.33844764188721965,5.913834768780537
TAP,SFvCSP,cluster,regression,cheap,mlp,100,100,13,61,,,False,0.6304231819843633,0.5854701422582904,0.32898611991133475,5.955974466296413
TAP,SFvCSP,cluster,regression,cheap,mlp,150,150,13,61,,,False,0.5801989039703304,0.6055834464059342,0.3531265555936517,5.847856900762151
TAP,SFvCSP,cluster,regression,cheap,mlp,all,180,13,61,,,False,0.6038291886207684,0.6423854194261377,0.40599159314664546,5.603809602696344
TAP,SFvCSP,cluster,regression,cheap,mlp,25,25,14,59,,,False,0.5159785027091849,0.5406223413172111,-0.23696986518078744,6.587813284582018
TAP,SFvCSP,cluster,regression,cheap,mlp,50,50,14,59,,,False,0.482266658612033,0.4792164204646016,-0.1582389922067362,6.374715578711174
TAP,SFvCSP,cluster,regression,cheap,mlp,100,100,14,59,,,False,0.5630638821816825,0.6201371089573648,-0.02087880446886392,5.984788612872735
TAP,SFvCSP,cluster,regression,cheap,mlp,150,150,14,59,,,False,0.5996728378809333,0.6859445397636391,0.3187193239593309,4.88905313461137
TAP,SFvCSP,cluster,regression,cheap,mlp,all,182,14,59,,,False,0.6278830963094527,0.7134411636386935,0.4012299550927363,4.583442153622572
TAP,SFvCSP,cluster,regression,cheap,mlp,25,25,15,58,,,False,0.8049171744148202,0.774134849596966,0.5479553410744313,5.272208206040757
TAP,SFvCSP,cluster,regression,cheap,mlp,50,50,15,58,,,False,0.7997420467721992,0.8260981403354893,0.6730112958636121,4.4840273895026295
TAP,SFvCSP,cluster,regression,cheap,mlp,100,100,15,58,,,False,0.8427448931358842,0.8407534643769057,0.7014651546629722,4.284492594503626
TAP,SFvCSP,cluster,regression,cheap,mlp,150,150,15,58,,,False,0.8194876230752952,0.7638717954751617,0.5827431821388824,5.065281691613615
TAP,SFvCSP,cluster,regression,cheap,mlp,all,183,15,58,,,False,0.8344893323726553,0.8097991114112194,0.6521968048187579,4.624541332219835
TAP,SFvCSP,cluster,regression,cheap,mlp,25,25,16,55,,,False,0.5015435559701026,0.5557180028072789,0.24842698145687925,6.6909722464181005
TAP,SFvCSP,cluster,regression,cheap,mlp,50,50,16,55,,,False,0.6442589084571322,0.6996509621571922,0.4689775812502017,5.624191069613573
TAP,SFvCSP,cluster,regression,cheap,mlp,100,100,16,55,,,False,0.741448316222142,0.7574349574565277,0.5491635404803537,5.182187870530817
TAP,SFvCSP,cluster,regression,cheap,mlp,150,150,16,55,,,False,0.7342277064327654,0.725536259632655,0.503010034443601,5.440983993809791
TAP,SFvCSP,cluster,regression,cheap,mlp,all,186,16,55,,,False,0.7607634474087246,0.7434005693359522,0.5211081918168377,5.340997101408336
TAP,SFvCSP,cluster,regression,cheap,mlp,25,25,17,58,,,False,0.7042162428068645,0.6682420885660235,0.41403113182726836,5.2143159935202075
TAP,SFvCSP,cluster,regression,cheap,mlp,50,50,17,58,,,False,0.7335329238962529,0.7415596485103707,0.5306781421625391,4.666545078323164
TAP,SFvCSP,cluster,regression,cheap,mlp,100,100,17,58,,,False,0.749915775093264,0.7810617611231185,0.5755368273073074,4.437926270387777
TAP,SFvCSP,cluster,regression,cheap,mlp,150,150,17,58,,,False,0.735288229381647,0.7168770232500611,0.4478326160481487,5.061688905791045
TAP,SFvCSP,cluster,regression,cheap,mlp,all,183,17,58,,,False,0.7270968037831413,0.7216493018354311,0.4736187939420533,4.9420855869600135
TAP,SFvCSP,cluster,regression,cheap,mlp,25,25,18,56,,,False,0.5859929607135255,0.43054771202165387,0.17364824383332167,7.365172886813816
TAP,SFvCSP,cluster,regression,cheap,mlp,50,50,18,56,,,False,0.6722850396424016,0.6064609894644261,0.3666163410944182,6.448131650331915
TAP,SFvCSP,cluster,regression,cheap,mlp,100,100,18,56,,,False,0.713995157032746,0.6618537385228541,0.4327866108170606,6.102021106261577
TAP,SFvCSP,cluster,regression,cheap,mlp,150,150,18,56,,,False,0.7541325978657494,0.7638216160986225,0.5686410618208444,5.321326041465547
TAP,SFvCSP,cluster,regression,cheap,mlp,all,185,18,56,,,False,0.7202516746412976,0.7275893842377518,0.5097303669188309,5.673067691685774
TAP,SFvCSP,cluster,regression,cheap,mlp,25,25,19,64,,,False,0.5549360264354606,0.4982877862098306,0.19106871165226313,5.429616132968674
TAP,SFvCSP,cluster,regression,cheap,mlp,50,50,19,64,,,False,0.6460528011451315,0.6237425704463975,0.38328520820736534,4.7408421161288645
TAP,SFvCSP,cluster,regression,cheap,mlp,100,100,19,64,,,False,0.7022552427460111,0.6824115376404721,0.3174112779384538,4.987614329483955
TAP,SFvCSP,cluster,regression,cheap,mlp,150,150,19,64,,,False,0.732627500982568,0.7529137571439322,0.4544538258989166,4.458913701073129
TAP,SFvCSP,cluster,regression,cheap,mlp,all,177,19,64,,,False,0.7736667532372511,0.768510645136445,0.493299692962451,4.297232914159036
TAP,SFvCSP,cluster,regression,esm2_mean,linear,25,25,0,63,,,False,0.5017213419653171,0.44161422935336203,0.0646852341968549,5.943338473205343
TAP,SFvCSP,cluster,regression,esm2_mean,linear,50,50,0,63,,,False,0.5127391965213257,0.4219000812365256,0.11574593462436478,5.778832430010755
TAP,SFvCSP,cluster,regression,esm2_mean,linear,100,100,0,63,,,False,0.5938334928276685,0.5318283623046379,0.2087885859608919,5.466355101795772
TAP,SFvCSP,cluster,regression,esm2_mean,linear,150,150,0,63,,,False,0.5991740249487032,0.5169251158839583,0.12852945494401724,5.736908526129373
TAP,SFvCSP,cluster,regression,esm2_mean,linear,all,178,0,63,,,False,0.5866646704309642,0.5030128542673737,0.09659450355853016,5.841077022106823
TAP,SFvCSP,cluster,regression,esm2_mean,linear,25,25,1,60,,,False,0.4473099975970572,0.4316261062057611,0.16155922998501437,6.031412447086111
TAP,SFvCSP,cluster,regression,esm2_mean,linear,50,50,1,60,,,False,0.575021373109176,0.5480897414889442,0.2423922298208796,5.733304973560598
TAP,SFvCSP,cluster,regression,esm2_mean,linear,100,100,1,60,,,False,0.5051935706708952,0.5178796696781568,0.10837046196431899,6.21978048736409
TAP,SFvCSP,cluster,regression,esm2_mean,linear,150,150,1,60,,,False,0.5063907778099886,0.45868111745994905,-0.011524259301220807,6.624772750740563
TAP,SFvCSP,cluster,regression,esm2_mean,linear,all,181,1,60,,,False,0.565165295731524,0.4885436732163244,0.056062200714036114,6.399624944951921
TAP,SFvCSP,cluster,regression,esm2_mean,linear,25,25,2,68,,,False,0.5708147582137996,0.5150265452648587,0.24848790592147896,6.72156650330461
TAP,SFvCSP,cluster,regression,esm2_mean,linear,50,50,2,68,,,False,0.6334467507635849,0.6137277500766015,0.3051292976686971,6.463302958704119
TAP,SFvCSP,cluster,regression,esm2_mean,linear,100,100,2,68,,,False,0.62738990462622,0.6092079564220618,0.3489988980046602,6.255951522878146
TAP,SFvCSP,cluster,regression,esm2_mean,linear,150,150,2,68,,,False,0.7060142637910665,0.6871019763859885,0.4496498381869434,5.7520421804187185
TAP,SFvCSP,cluster,regression,esm2_mean,linear,all,173,2,68,,,False,0.7606978399586948,0.7093283481883768,0.42305354198026546,5.889389376460882
TAP,SFvCSP,cluster,regression,esm2_mean,linear,25,25,3,63,,,False,0.21462716867215265,0.22180351727679037,-0.13462474646503408,7.363794153745852
TAP,SFvCSP,cluster,regression,esm2_mean,linear,50,50,3,63,,,False,0.5304913019764812,0.4832882779670709,0.07776142795502816,6.638915718458334
TAP,SFvCSP,cluster,regression,esm2_mean,linear,100,100,3,63,,,False,0.6978985720799842,0.7054803157012414,0.48732201050960333,4.949916243224569
TAP,SFvCSP,cluster,regression,esm2_mean,linear,150,150,3,63,,,False,0.7496579217317847,0.675833728599767,0.44961765394713515,5.128705498709933
TAP,SFvCSP,cluster,regression,esm2_mean,linear,all,178,3,63,,,False,0.7508588347167452,0.6750317532313528,0.45011501261918996,5.126387671202767
TAP,SFvCSP,cluster,regression,esm2_mean,linear,25,25,4,57,,,False,0.43429908531952377,0.33130589116953363,0.10119585230803663,6.607659343388038
TAP,SFvCSP,cluster,regression,esm2_mean,linear,50,50,4,57,,,False,0.5609304278586869,0.4863350287521527,0.23579551339137939,6.092841809276519
TAP,SFvCSP,cluster,regression,esm2_mean,linear,100,100,4,57,,,False,0.5605733540909527,0.48856512868642565,-0.2566669057656128,7.813132691209161
TAP,SFvCSP,cluster,regression,esm2_mean,linear,150,150,4,57,,,False,0.6139396517413971,0.5134225254252663,0.15630741120694724,6.401875560229918
TAP,SFvCSP,cluster,regression,esm2_mean,linear,all,184,4,57,,,False,0.6026106749287421,0.5043370716878809,0.11980553622975831,6.538895958590606
TAP,SFvCSP,cluster,regression,esm2_mean,linear,25,25,5,68,,,False,0.47996859826542587,0.47891721653738045,-0.009517276875195435,6.6123116567943585
TAP,SFvCSP,cluster,regression,esm2_mean,linear,50,50,5,68,,,False,0.5093165825841571,0.5217180408736339,0.2625954197761804,5.651312880947759
TAP,SFvCSP,cluster,regression,esm2_mean,linear,100,100,5,68,,,False,0.5691023460790579,0.5575807869189062,0.2789107656052252,5.588444508025043
TAP,SFvCSP,cluster,regression,esm2_mean,linear,150,150,5,68,,,False,0.6323678054345507,0.5931643330310636,0.27293677056967625,5.611546002529329
TAP,SFvCSP,cluster,regression,esm2_mean,linear,all,173,5,68,,,False,0.6070348548011182,0.5638245809860842,0.18689318949732892,5.9343100930282615
TAP,SFvCSP,cluster,regression,esm2_mean,linear,25,25,6,56,,,False,0.5411580773736299,0.4237708058934868,0.13427859978028966,6.868564868281681
TAP,SFvCSP,cluster,regression,esm2_mean,linear,50,50,6,56,,,False,0.6742246900544182,0.5380009618128219,0.2770651578157902,6.276629674279666
TAP,SFvCSP,cluster,regression,esm2_mean,linear,100,100,6,56,,,False,0.7120141033189442,0.6255204933647649,0.3676971108576551,5.870019050209941
TAP,SFvCSP,cluster,regression,esm2_mean,linear,150,150,6,56,,,False,0.7221710768389119,0.60048429140681,0.31933557218684616,6.090366877092867
TAP,SFvCSP,cluster,regression,esm2_mean,linear,all,185,6,56,,,False,0.7419378468542026,0.5961835355264953,0.347148997446295,5.9646362727523945
TAP,SFvCSP,cluster,regression,esm2_mean,linear,25,25,7,59,,,False,0.37121020497835366,0.2626871085061482,-0.09931341701005514,7.245507216504294
TAP,SFvCSP,cluster,regression,esm2_mean,linear,50,50,7,59,,,False,0.5653569449658502,0.5532292682496193,0.13300823721860733,6.434510512203266
TAP,SFvCSP,cluster,regression,esm2_mean,linear,100,100,7,59,,,False,0.588641682803736,0.5752366636450905,0.3204329792206988,5.696710849460799
TAP,SFvCSP,cluster,regression,esm2_mean,linear,150,150,7,59,,,False,0.6309403397303474,0.602132393601822,0.3434412381241434,5.59944302231937
TAP,SFvCSP,cluster,regression,esm2_mean,linear,all,182,7,59,,,False,0.6276348430272305,0.5964218716688828,0.3433312806160722,5.599911887454168
TAP,SFvCSP,cluster,regression,esm2_mean,linear,25,25,8,63,,,False,0.3641908124042914,0.3055452018711148,0.0864529351025688,7.842091276081274
TAP,SFvCSP,cluster,regression,esm2_mean,linear,50,50,8,63,,,False,0.5766114425032344,0.5012968893887954,0.22109020076694952,7.2411911731680085
TAP,SFvCSP,cluster,regression,esm2_mean,linear,100,100,8,63,,,False,0.63889460227227,0.6021568802523121,0.3194720923429326,6.768452718344036
TAP,SFvCSP,cluster,regression,esm2_mean,linear,150,150,8,63,,,False,0.7098695522635071,0.6128894822211884,0.30860003315578954,6.82230461565748
TAP,SFvCSP,cluster,regression,esm2_mean,linear,all,178,8,63,,,False,0.6772153127546835,0.5883850262674651,0.29211563799718177,6.903154424560107
TAP,SFvCSP,cluster,regression,esm2_mean,linear,25,25,9,64,,,False,0.4071974947068288,0.426492267027018,-0.09880628720693463,7.203695107574374
TAP,SFvCSP,cluster,regression,esm2_mean,linear,50,50,9,64,,,False,0.48402807510999624,0.51637499989664,0.13648554539914093,6.386009514643248
TAP,SFvCSP,cluster,regression,esm2_mean,linear,100,100,9,64,,,False,0.7323644860076521,0.7351116141669656,0.5270320239416548,4.726183977801235
TAP,SFvCSP,cluster,regression,esm2_mean,linear,150,150,9,64,,,False,0.7763462136087498,0.7749836333194416,0.5865352412789573,4.418898282801029
TAP,SFvCSP,cluster,regression,esm2_mean,linear,all,177,9,64,,,False,0.7812941579638732,0.7253531552488925,0.48440999929175654,4.934543689127433
TAP,SFvCSP,cluster,regression,esm2_mean,linear,25,25,10,62,,,False,0.35324806686454285,0.3134761288723366,-0.005716717318806852,7.131495207174808
TAP,SFvCSP,cluster,regression,esm2_mean,linear,50,50,10,62,,,False,0.3540543967125824,0.33710552461532456,-0.009026420378968947,7.1432200518375435
TAP,SFvCSP,cluster,regression,esm2_mean,linear,100,100,10,62,,,False,0.6062340566869275,0.5284517860483054,0.23225700917925673,6.230898692861759
TAP,SFvCSP,cluster,regression,esm2_mean,linear,150,150,10,62,,,False,0.5722674118382647,0.5169116728793447,0.19773912904528257,6.369429946384419
TAP,SFvCSP,cluster,regression,esm2_mean,linear,all,179,10,62,,,False,0.5785920615838244,0.518909623099405,0.16959122714058672,6.480204694113734
TAP,SFvCSP,cluster,regression,esm2_mean,linear,25,25,11,62,,,False,0.5253594102656485,0.5264414278208288,0.0103505695051197,6.961022646824741
TAP,SFvCSP,cluster,regression,esm2_mean,linear,50,50,11,62,,,False,0.49023627441903445,0.42101289506464323,-0.020450057666764998,7.068515821620819
TAP,SFvCSP,cluster,regression,esm2_mean,linear,100,100,11,62,,,False,0.6246522379497589,0.6022933978227891,0.31728808727986424,5.781640682518259
TAP,SFvCSP,cluster,regression,esm2_mean,linear,150,150,11,62,,,False,0.6213239867424702,0.6232053095120581,0.3451351009398098,5.662499980452578
TAP,SFvCSP,cluster,regression,esm2_mean,linear,all,179,11,62,,,False,0.621197916620982,0.615729093848377,0.2924443490726373,5.8858970155790225
TAP,SFvCSP,cluster,regression,esm2_mean,linear,25,25,12,62,,,False,0.4763836354396683,0.47567410426790524,0.192393771838955,6.746058568093759
TAP,SFvCSP,cluster,regression,esm2_mean,linear,50,50,12,62,,,False,0.5240950523675267,0.5431670789653867,0.26661847491008783,6.428583070006113
TAP,SFvCSP,cluster,regression,esm2_mean,linear,100,100,12,62,,,False,0.5641232685757459,0.5928919273333557,0.34118897288290473,6.092993396631202
TAP,SFvCSP,cluster,regression,esm2_mean,linear,150,150,12,62,,,False,0.49867751293763796,0.5571893308154295,0.2948522383668333,6.303624624885765
TAP,SFvCSP,cluster,regression,esm2_mean,linear,all,179,12,62,,,False,0.5555080074409372,0.5745237414685364,0.3103907521608542,6.233784948365575
TAP,SFvCSP,cluster,regression,esm2_mean,linear,25,25,13,61,,,False,0.5504295084140673,0.45886697894578177,-0.05483595044339329,7.467574031193807
TAP,SFvCSP,cluster,regression,esm2_mean,linear,50,50,13,61,,,False,0.531932790641776,0.42574112910302403,-0.018015333550453594,7.336082980149366
TAP,SFvCSP,cluster,regression,esm2_mean,linear,100,100,13,61,,,False,0.6816794657110133,0.5394934663438392,0.28911345353579887,6.13037756227203
TAP,SFvCSP,cluster,regression,esm2_mean,linear,150,150,13,61,,,False,0.6837170154513087,0.562968233837636,0.3041443009893362,6.065221552792574
TAP,SFvCSP,cluster,regression,esm2_mean,linear,all,180,13,61,,,False,0.6914173657685287,0.5598004711375155,0.29943138058342733,6.085726284891174
TAP,SFvCSP,cluster,regression,esm2_mean,linear,25,25,14,59,,,False,0.31192234915932404,0.42215487247119693,-0.6634963043596773,7.639635569030034
TAP,SFvCSP,cluster,regression,esm2_mean,linear,50,50,14,59,,,False,0.36951341615862504,0.4247090925802656,-0.7333849539157198,7.798466899324747
TAP,SFvCSP,cluster,regression,esm2_mean,linear,100,100,14,59,,,False,0.5054728151823814,0.522644006429435,0.1433032630891522,5.482457557091231
TAP,SFvCSP,cluster,regression,esm2_mean,linear,150,150,14,59,,,False,0.5038047812296578,0.5372195230569452,0.1493409868322575,5.463104096605438
TAP,SFvCSP,cluster,regression,esm2_mean,linear,all,182,14,59,,,False,0.5879673364583111,0.6252074669182978,0.36000103613681766,4.7386142631631865
TAP,SFvCSP,cluster,regression,esm2_mean,linear,25,25,15,58,,,False,0.507686182607373,0.5182071588184091,0.24548876997702362,6.811374132357061
TAP,SFvCSP,cluster,regression,esm2_mean,linear,50,50,15,58,,,False,0.47660461242044005,0.5086610972835391,0.17347099302073377,7.129038030087487
TAP,SFvCSP,cluster,regression,esm2_mean,linear,100,100,15,58,,,False,0.5452982710099943,0.5346263959856097,0.2660295139094968,6.718018260543601
TAP,SFvCSP,cluster,regression,esm2_mean,linear,150,150,15,58,,,False,0.6264060750755978,0.5855158457497038,0.2904445907548985,6.6053379017706595
TAP,SFvCSP,cluster,regression,esm2_mean,linear,all,183,15,58,,,False,0.6496633451361868,0.5487846160911648,0.23938482292255148,6.838870421685543
TAP,SFvCSP,cluster,regression,esm2_mean,linear,25,25,16,55,,,False,0.44803883743082157,0.35512409661308003,0.0007892351382390306,7.714933559438605
TAP,SFvCSP,cluster,regression,esm2_mean,linear,50,50,16,55,,,False,0.5687674331091993,0.4605149140450922,0.0006534588334288216,7.7154577079091435
TAP,SFvCSP,cluster,regression,esm2_mean,linear,100,100,16,55,,,False,0.7138655868267232,0.5736435261646284,0.3257914128567184,6.3372490946585875
TAP,SFvCSP,cluster,regression,esm2_mean,linear,150,150,16,55,,,False,0.7461417125852369,0.6110926823660203,0.3639577656201217,6.155263020176148
TAP,SFvCSP,cluster,regression,esm2_mean,linear,all,186,16,55,,,False,0.7053091642263118,0.5773084978566506,0.324549656704469,6.3430823769028875
TAP,SFvCSP,cluster,regression,esm2_mean,linear,25,25,17,58,,,False,0.42657002778383274,0.4492604978824127,0.19043075116661645,6.128964085541521
TAP,SFvCSP,cluster,regression,esm2_mean,linear,50,50,17,58,,,False,0.6946698445529669,0.6214636080019701,0.24988596457808632,5.899615672308123
TAP,SFvCSP,cluster,regression,esm2_mean,linear,100,100,17,58,,,False,0.7451733707993924,0.6706425195490107,0.4458244208211618,5.070885061104758
TAP,SFvCSP,cluster,regression,esm2_mean,linear,150,150,17,58,,,False,0.7873622921150039,0.662407827998755,0.4224071159495597,5.1769144937780665
TAP,SFvCSP,cluster,regression,esm2_mean,linear,all,183,17,58,,,False,0.8119057740774436,0.6824121405968846,0.46164864202958245,4.997962361966559
TAP,SFvCSP,cluster,regression,esm2_mean,linear,25,25,18,56,,,False,0.5738901889461633,0.4382984267956408,-0.04449106186899021,8.280428900777183
TAP,SFvCSP,cluster,regression,esm2_mean,linear,50,50,18,56,,,False,0.6892425955650334,0.5607997560043518,0.2654124598957467,6.944200430197614
TAP,SFvCSP,cluster,regression,esm2_mean,linear,100,100,18,56,,,False,0.681413401399141,0.5968186406338232,0.3056838768503084,6.751170772885431
TAP,SFvCSP,cluster,regression,esm2_mean,linear,150,150,18,56,,,False,0.7684576299858757,0.6657981207222818,0.3778796168584315,6.390541859713949
TAP,SFvCSP,cluster,regression,esm2_mean,linear,all,185,18,56,,,False,0.7102002201226408,0.600693404617655,0.3487903256656395,6.538240484619262
TAP,SFvCSP,cluster,regression,esm2_mean,linear,25,25,19,64,,,False,0.37350536903898846,0.43980385061316335,0.07653307953572785,5.801282058132718
TAP,SFvCSP,cluster,regression,esm2_mean,linear,50,50,19,64,,,False,0.5506233492840461,0.5472880665716866,0.24387290257663874,5.2494126185988925
TAP,SFvCSP,cluster,regression,esm2_mean,linear,100,100,19,64,,,False,0.6128360111704075,0.598830871653523,0.34802897773123265,4.874470612709474
TAP,SFvCSP,cluster,regression,esm2_mean,linear,150,150,19,64,,,False,0.6861285829723709,0.6857489039574536,0.46287018182414374,4.42438530278832
TAP,SFvCSP,cluster,regression,esm2_mean,linear,all,177,19,64,,,False,0.7331551157404539,0.7211845007630944,0.5125661160096606,4.2147436762781085
TAP,SFvCSP,cluster,regression,esm2_mean,mlp,25,25,0,63,,,False,0.4703757863179827,0.48629151638145574,0.15855174059475208,5.637223801454403
TAP,SFvCSP,cluster,regression,esm2_mean,mlp,50,50,0,63,,,False,0.5653747112998122,0.5361876343146736,0.1998455575972552,5.497161283707927
TAP,SFvCSP,cluster,regression,esm2_mean,mlp,100,100,0,63,,,False,0.6102640488576988,0.6388814476819106,0.29812393176320384,5.148512672337651
TAP,SFvCSP,cluster,regression,esm2_mean,mlp,150,150,0,63,,,False,0.6312893870278986,0.6215850936749814,0.1935176871863059,5.518855109113455
TAP,SFvCSP,cluster,regression,esm2_mean,mlp,all,178,0,63,,,False,0.6526515155120375,0.6407760846314225,0.2507622679143985,5.31938456812167
TAP,SFvCSP,cluster,regression,esm2_mean,mlp,25,25,1,60,,,False,0.5806176204337751,0.5971972017210865,0.30942477038115557,5.473792523918996
TAP,SFvCSP,cluster,regression,esm2_mean,mlp,50,50,1,60,,,False,0.589025912433919,0.5951386356881814,0.30130664108191985,5.505872389927643
TAP,SFvCSP,cluster,regression,esm2_mean,mlp,100,100,1,60,,,False,0.6305105319048273,0.6421613892946364,0.3298908044020247,5.392071254663045
TAP,SFvCSP,cluster,regression,esm2_mean,mlp,150,150,1,60,,,False,0.5627430394268468,0.5609613888252822,0.18282951210691767,5.954415968774088
TAP,SFvCSP,cluster,regression,esm2_mean,mlp,all,181,1,60,,,False,0.6218238196397782,0.5991701683338373,0.2679192696688538,5.635887580819774
TAP,SFvCSP,cluster,regression,esm2_mean,mlp,25,25,2,68,,,False,0.6101364911812975,0.5705862726732591,0.24237145651131464,6.748864007277488
TAP,SFvCSP,cluster,regression,esm2_mean,mlp,50,50,2,68,,,False,0.5565802144524847,0.5507376505138689,0.14436331958336623,7.172114428147745
TAP,SFvCSP,cluster,regression,esm2_mean,mlp,100,100,2,68,,,False,0.5887178018438023,0.586360488723751,0.3097244880630432,6.441896549989508
TAP,SFvCSP,cluster,regression,esm2_mean,mlp,150,150,2,68,,,False,0.6240653266202216,0.6245564100673517,0.3792878781968603,6.108683527739679
TAP,SFvCSP,cluster,regression,esm2_mean,mlp,all,173,2,68,,,False,0.7038360919940331,0.6886276033067043,0.44297139523521567,5.786837162254767
TAP,SFvCSP,cluster,regression,esm2_mean,mlp,25,25,3,63,,,False,0.15662307149855723,0.07052441460213378,-0.31831815787191076,7.9375345932945525
TAP,SFvCSP,cluster,regression,esm2_mean,mlp,50,50,3,63,,,False,0.5270566908394939,0.4628102519045411,0.12923799561122018,6.450973372849262
TAP,SFvCSP,cluster,regression,esm2_mean,mlp,100,100,3,63,,,False,0.7714665015386686,0.7778696306626633,0.5928167253708265,4.411339467128202
TAP,SFvCSP,cluster,regression,esm2_mean,mlp,150,150,3,63,,,False,0.7618351793992849,0.7319858325025846,0.5218163227038537,4.780495215172647
TAP,SFvCSP,cluster,regression,esm2_mean,mlp,all,178,3,63,,,False,0.7603940838173322,0.7337559949800221,0.5285780121191253,4.7465759184751475
TAP,SFvCSP,cluster,regression,esm2_mean,mlp,25,25,4,57,,,False,0.45851517902221933,0.31355587881831337,-0.1973682642866379,7.626565114761506
TAP,SFvCSP,cluster,regression,esm2_mean,mlp,50,50,4,57,,,False,0.5714803346326494,0.5086702205588608,0.13387634287674255,6.486419930893013
TAP,SFvCSP,cluster,regression,esm2_mean,mlp,100,100,4,57,,,False,0.6616901528629324,0.5885544477605432,0.2711324394345691,5.950307664953566
TAP,SFvCSP,cluster,regression,esm2_mean,mlp,150,150,4,57,,,False,0.6265670786185401,0.5609628541646742,0.2587591560101834,6.000601440550169
TAP,SFvCSP,cluster,regression,esm2_mean,mlp,all,184,4,57,,,False,0.6385452804634391,0.5557828126218235,0.24343224139601916,6.062322358357335
TAP,SFvCSP,cluster,regression,esm2_mean,mlp,25,25,5,68,,,False,0.5020895219506194,0.5031068015003219,0.10429788916969696,6.228424950980868
TAP,SFvCSP,cluster,regression,esm2_mean,mlp,50,50,5,68,,,False,0.46641307977553637,0.5205204883048673,0.2132666633888154,5.837275802137318
TAP,SFvCSP,cluster,regression,esm2_mean,mlp,100,100,5,68,,,False,0.5344583411373373,0.5610479972356662,0.21559864881310253,5.828618139039831
TAP,SFvCSP,cluster,regression,esm2_mean,mlp,150,150,5,68,,,False,0.618391664368106,0.6438979277466435,0.33838532660732346,5.3530216666875186
TAP,SFvCSP,cluster,regression,esm2_mean,mlp,all,173,5,68,,,False,0.5710716245056567,0.5996994720658262,0.2354260404318087,5.754481367230363
TAP,SFvCSP,cluster,regression,esm2_mean,mlp,25,25,6,56,,,False,0.6268254802945692,0.5059031986685241,0.20995750635799493,6.561485193285656
TAP,SFvCSP,cluster,regression,esm2_mean,mlp,50,50,6,56,,,False,0.653226771733677,0.5690213935613521,0.296076244127227,6.193551291713934
TAP,SFvCSP,cluster,regression,esm2_mean,mlp,100,100,6,56,,,False,0.7069527158409806,0.64903122381661,0.385730716066053,5.7857055467708784
TAP,SFvCSP,cluster,regression,esm2_mean,mlp,150,150,6,56,,,False,0.7108855507056147,0.6361892210418464,0.3885568923294491,5.772380548096178
TAP,SFvCSP,cluster,regression,esm2_mean,mlp,all,185,6,56,,,False,0.7465888515636826,0.6455538425284478,0.39874557412045775,5.724084953929017
TAP,SFvCSP,cluster,regression,esm2_mean,mlp,25,25,7,59,,,False,0.29366266727956597,0.1889443938118917,-0.23946446127059473,7.693519670960566
TAP,SFvCSP,cluster,regression,esm2_mean,mlp,50,50,7,59,,,False,0.5650059187672892,0.5581716325721928,0.21892064913927545,6.107389349706111
TAP,SFvCSP,cluster,regression,esm2_mean,mlp,100,100,7,59,,,False,0.5610276218502634,0.5948622487851639,0.2906294236259439,5.820289868416033
TAP,SFvCSP,cluster,regression,esm2_mean,mlp,150,150,7,59,,,False,0.6113413769773532,0.6239913286317211,0.29846553369376816,5.788053482923436
TAP,SFvCSP,cluster,regression,esm2_mean,mlp,all,182,7,59,,,False,0.6443378396420957,0.65366388816773,0.37051510709516344,5.482778297276953
TAP,SFvCSP,cluster,regression,esm2_mean,mlp,25,25,8,63,,,False,0.293768103228277,0.22763514282264805,-0.05186459076991379,8.414849390147106
TAP,SFvCSP,cluster,regression,esm2_mean,mlp,50,50,8,63,,,False,0.530487329197021,0.45967309969482684,0.1555503081851778,7.539687055976857
TAP,SFvCSP,cluster,regression,esm2_mean,mlp,100,100,8,63,,,False,0.608977556369333,0.5960294961566783,0.31599985680034937,6.785697977594155
TAP,SFvCSP,cluster,regression,esm2_mean,mlp,150,150,8,63,,,False,0.6429523717406458,0.6097994882927241,0.33681422881186485,6.681654720985736
TAP,SFvCSP,cluster,regression,esm2_mean,mlp,all,178,8,63,,,False,0.6195661737394736,0.5861156671605652,0.30386082856425867,6.845646445648744
TAP,SFvCSP,cluster,regression,esm2_mean,mlp,25,25,9,64,,,False,0.5986783598201492,0.5644264309594343,0.17529651562923554,6.240848933349634
TAP,SFvCSP,cluster,regression,esm2_mean,mlp,50,50,9,64,,,False,0.6489824607639045,0.6829016983816013,0.35413866676964745,5.522864621585442
TAP,SFvCSP,cluster,regression,esm2_mean,mlp,100,100,9,64,,,False,0.7603112087541829,0.7787047673756398,0.590285905935876,4.39881003679922
TAP,SFvCSP,cluster,regression,esm2_mean,mlp,150,150,9,64,,,False,0.7388243022490634,0.7433288669035911,0.5226788769678417,4.747883808892691
TAP,SFvCSP,cluster,regression,esm2_mean,mlp,all,177,9,64,,,False,0.7691762757237792,0.7291910092424234,0.5025731395136988,4.846847683959507
TAP,SFvCSP,cluster,regression,esm2_mean,mlp,25,25,10,62,,,False,0.3887265801782797,0.33418556854273945,0.003817043436850187,7.097612969199877
TAP,SFvCSP,cluster,regression,esm2_mean,mlp,50,50,10,62,,,False,0.41168178303965347,0.3845021798676534,0.003559854814720209,7.0985291199349225
TAP,SFvCSP,cluster,regression,esm2_mean,mlp,100,100,10,62,,,False,0.6379580966457307,0.6238602259395398,0.3429548067447209,5.764217788481149
TAP,SFvCSP,cluster,regression,esm2_mean,mlp,150,150,10,62,,,False,0.5866301622564679,0.6068826806064352,0.27869906815107126,6.039500293628403
TAP,SFvCSP,cluster,regression,esm2_mean,mlp,all,179,10,62,,,False,0.6154060587083766,0.6221071647517316,0.29590809930964634,5.967019187705102
TAP,SFvCSP,cluster,regression,esm2_mean,mlp,25,25,11,62,,,False,0.517517848709082,0.5127053256802337,0.24922116068648636,6.063011178002303
TAP,SFvCSP,cluster,regression,esm2_mean,mlp,50,50,11,62,,,False,0.45977773306748415,0.4826438924694089,0.17343941391228201,6.361648997951024
TAP,SFvCSP,cluster,regression,esm2_mean,mlp,100,100,11,62,,,False,0.6206179940621361,0.6175971762217385,0.3075551464425115,5.822707217193539
TAP,SFvCSP,cluster,regression,esm2_mean,mlp,150,150,11,62,,,False,0.5989087191418673,0.6402338866569371,0.2878403711381996,5.905015371191959
TAP,SFvCSP,cluster,regression,esm2_mean,mlp,all,179,11,62,,,False,0.6405622872815702,0.6790319484627448,0.3114497427269375,5.806309470785828
TAP,SFvCSP,cluster,regression,esm2_mean,mlp,25,25,12,62,,,False,0.48356301971867555,0.481268941940812,0.13410571145162098,6.985262241724244
TAP,SFvCSP,cluster,regression,esm2_mean,mlp,50,50,12,62,,,False,0.5181248275460366,0.5097738039041417,0.19510774935019048,6.734713894071535
TAP,SFvCSP,cluster,regression,esm2_mean,mlp,100,100,12,62,,,False,0.5587072418389509,0.6032414645421059,0.3030512063272284,6.266870391879735
TAP,SFvCSP,cluster,regression,esm2_mean,mlp,150,150,12,62,,,False,0.5756606650662206,0.6424813132966419,0.377262872662386,5.92383095840285
TAP,SFvCSP,cluster,regression,esm2_mean,mlp,all,179,12,62,,,False,0.5981560691404433,0.6497774836034903,0.40253743960878974,5.802372757595153
TAP,SFvCSP,cluster,regression,esm2_mean,mlp,25,25,13,61,,,False,0.5761502661746786,0.4556132669835568,0.08582074833184994,6.95188782057651
TAP,SFvCSP,cluster,regression,esm2_mean,mlp,50,50,13,61,,,False,0.5989073152221329,0.4768939082267351,0.16572158265691128,6.641139144872382
TAP,SFvCSP,cluster,regression,esm2_mean,mlp,100,100,13,61,,,False,0.6388379977949337,0.577003656158891,0.25345099767795964,6.2822647555506865
TAP,SFvCSP,cluster,regression,esm2_mean,mlp,150,150,13,61,,,False,0.6858868736162986,0.6576686025602799,0.35470944063057275,5.8406977301323835
TAP,SFvCSP,cluster,regression,esm2_mean,mlp,all,180,13,61,,,False,0.6770751325316448,0.6255604896465061,0.28855885904394907,6.132768387366372
TAP,SFvCSP,cluster,regression,esm2_mean,mlp,25,25,14,59,,,False,0.24417675967589828,0.43109538308670414,-0.39591449859435457,6.998277040850482
TAP,SFvCSP,cluster,regression,esm2_mean,mlp,50,50,14,59,,,False,0.42640215307256873,0.5235674452217118,0.034061198067370624,5.821521797577481
TAP,SFvCSP,cluster,regression,esm2_mean,mlp,100,100,14,59,,,False,0.5187585592970575,0.5563786563968028,0.20923271123390985,5.2672759299639536
TAP,SFvCSP,cluster,regression,esm2_mean,mlp,150,150,14,59,,,False,0.5412916495356052,0.5834080063837803,0.1531847131417552,5.450747528849508
TAP,SFvCSP,cluster,regression,esm2_mean,mlp,all,182,14,59,,,False,0.6151240997587945,0.622979498391687,0.2520691474995035,5.12262360155479
TAP,SFvCSP,cluster,regression,esm2_mean,mlp,25,25,15,58,,,False,0.5300193227317795,0.5616295652174913,0.29931487231369314,6.5639207871575005
TAP,SFvCSP,cluster,regression,esm2_mean,mlp,50,50,15,58,,,False,0.5599611326640874,0.5513394500699943,0.29301180655812975,6.593377811266098
TAP,SFvCSP,cluster,regression,esm2_mean,mlp,100,100,15,58,,,False,0.5324220605658536,0.5905552607372616,0.3442870604844587,6.349781169174716
TAP,SFvCSP,cluster,regression,esm2_mean,mlp,150,150,15,58,,,False,0.6142075599179908,0.649504795475576,0.3781387355820036,6.183703169827126
TAP,SFvCSP,cluster,regression,esm2_mean,mlp,all,183,15,58,,,False,0.6199063611911153,0.6258851014929602,0.32667519226054453,6.434490877580841
TAP,SFvCSP,cluster,regression,esm2_mean,mlp,25,25,16,55,,,False,0.436449758718872,0.4444255294238544,0.17591790548597908,7.006302386350945
TAP,SFvCSP,cluster,regression,esm2_mean,mlp,50,50,16,55,,,False,0.5036014297600748,0.5063073662176654,0.22466993882566622,6.795899528824916
TAP,SFvCSP,cluster,regression,esm2_mean,mlp,100,100,16,55,,,False,0.6242217162916119,0.6096968350273353,0.35507745061796403,6.19808345032055
TAP,SFvCSP,cluster,regression,esm2_mean,mlp,150,150,16,55,,,False,0.7275486423775919,0.6794562694220013,0.451898011592738,5.713922255367738
TAP,SFvCSP,cluster,regression,esm2_mean,mlp,all,186,16,55,,,False,0.7197142807561182,0.6684695365360834,0.4373955471403401,5.78902227670777
TAP,SFvCSP,cluster,regression,esm2_mean,mlp,25,25,17,58,,,False,0.39232617340211007,0.4122610594121628,0.037197127301799804,6.683881837731631
TAP,SFvCSP,cluster,regression,esm2_mean,mlp,50,50,17,58,,,False,0.6285225431033804,0.6346694935463172,0.3832513489971243,5.349512158762697
TAP,SFvCSP,cluster,regression,esm2_mean,mlp,100,100,17,58,,,False,0.7501313389248037,0.7229468771895512,0.5165309747175048,4.736356702788374
TAP,SFvCSP,cluster,regression,esm2_mean,mlp,150,150,17,58,,,False,0.7020298096583911,0.6022885655944964,0.31663978658238956,5.630992121277085
TAP,SFvCSP,cluster,regression,esm2_mean,mlp,all,183,17,58,,,False,0.7011367594991555,0.6027894311089138,0.3323164158070706,5.566028480059476
TAP,SFvCSP,cluster,regression,esm2_mean,mlp,25,25,18,56,,,False,0.43573397224585075,0.3976659378334356,0.07974176022313728,7.7724032713193685
TAP,SFvCSP,cluster,regression,esm2_mean,mlp,50,50,18,56,,,False,0.6381989846930792,0.5673418805553321,0.30443112243427073,6.757258595969319
TAP,SFvCSP,cluster,regression,esm2_mean,mlp,100,100,18,56,,,False,0.5903007269358069,0.5547163629659058,0.2941790309684523,6.806874552110918
TAP,SFvCSP,cluster,regression,esm2_mean,mlp,150,150,18,56,,,False,0.6642507137516387,0.6551644457671979,0.416977432362464,6.186473421177965
TAP,SFvCSP,cluster,regression,esm2_mean,mlp,all,185,18,56,,,False,0.6870887124538927,0.6551961159550552,0.40738104228148864,6.237179441047863
TAP,SFvCSP,cluster,regression,esm2_mean,mlp,25,25,19,64,,,False,0.46668672323603855,0.5031234554524879,0.17471831064764298,5.484214270391549
TAP,SFvCSP,cluster,regression,esm2_mean,mlp,50,50,19,64,,,False,0.5494763606799465,0.5675224962936938,0.30997692982905034,5.014701830118771
TAP,SFvCSP,cluster,regression,esm2_mean,mlp,100,100,19,64,,,False,0.6633723290670352,0.6233037073836389,0.3122201063392257,5.006544118529705
TAP,SFvCSP,cluster,regression,esm2_mean,mlp,150,150,19,64,,,False,0.6790172536269535,0.6845267511656163,0.4072584409086939,4.647784666646173
TAP,SFvCSP,cluster,regression,esm2_mean,mlp,all,177,19,64,,,False,0.6866103181860927,0.6796193417089683,0.3903143044210039,4.713747473571891
TAP,SFvCSP,cluster,regression,esm2_max,linear,25,25,0,63,,,False,0.3741259258843792,0.3358747094213261,-0.0013946140350138414,6.149703741018737
TAP,SFvCSP,cluster,regression,esm2_max,linear,50,50,0,63,,,False,0.3763150629249835,0.2945111036977545,0.058030659006050644,5.964443824627178
TAP,SFvCSP,cluster,regression,esm2_max,linear,100,100,0,63,,,False,0.47157860886776526,0.39457008889487294,0.14965888970132002,5.666934026097131
TAP,SFvCSP,cluster,regression,esm2_max,linear,150,150,0,63,,,False,0.34128887027531424,0.307992926100905,0.04126137954316722,6.017300215099466
TAP,SFvCSP,cluster,regression,esm2_max,linear,all,178,0,63,,,False,0.34492139437565766,0.2951376843913779,-0.07720805661540475,6.378247466223501
TAP,SFvCSP,cluster,regression,esm2_max,linear,25,25,1,60,,,False,0.19996143425507684,0.18470101503913516,0.0060722631141850725,6.566897521099133
TAP,SFvCSP,cluster,regression,esm2_max,linear,50,50,1,60,,,False,0.33079111673413647,0.3245069747955395,0.07229830603346477,6.344348172030696
TAP,SFvCSP,cluster,regression,esm2_max,linear,100,100,1,60,,,False,0.49077140094879407,0.5131469309585108,0.2125649345977093,5.845076628530091
TAP,SFvCSP,cluster,regression,esm2_max,linear,150,150,1,60,,,False,0.4275143167622814,0.4338594540852363,0.09379791123644154,6.270401691378801
TAP,SFvCSP,cluster,regression,esm2_max,linear,all,181,1,60,,,False,0.42395053737149196,0.41299414362097425,0.04885650222757343,6.424004781172328
TAP,SFvCSP,cluster,regression,esm2_max,linear,25,25,2,68,,,False,0.36276113805681004,0.2694521436457971,0.05057873010161362,7.554956904807759
TAP,SFvCSP,cluster,regression,esm2_max,linear,50,50,2,68,,,False,0.4570912622844763,0.4332678459812336,0.1197852056210591,7.274394416883474
TAP,SFvCSP,cluster,regression,esm2_max,linear,100,100,2,68,,,False,0.4707526029413086,0.42505405850884304,0.14305914096441774,7.177578287362935
TAP,SFvCSP,cluster,regression,esm2_max,linear,150,150,2,68,,,False,0.5571916310972661,0.5263379508873636,0.22274502485345327,6.835720047663768
TAP,SFvCSP,cluster,regression,esm2_max,linear,all,173,2,68,,,False,0.6207025350739245,0.5783594856766885,0.2607517770205213,6.66649653146134
TAP,SFvCSP,cluster,regression,esm2_max,linear,25,25,3,63,,,False,0.03338538098190377,-0.0019386477569898343,-0.029116138579457607,7.013062487174365
TAP,SFvCSP,cluster,regression,esm2_max,linear,50,50,3,63,,,False,0.22798132106491417,0.11361928626152047,-0.3233355050124904,7.952624860258691
TAP,SFvCSP,cluster,regression,esm2_max,linear,100,100,3,63,,,False,0.33529490540099044,0.4026502678922477,0.029116648687456337,6.811755342595163
TAP,SFvCSP,cluster,regression,esm2_max,linear,150,150,3,63,,,False,0.3612346258761387,0.3797083112955015,0.06676698188232821,6.678371315655212
TAP,SFvCSP,cluster,regression,esm2_max,linear,all,178,3,63,,,False,0.4029303247139696,0.3867920039613634,0.12758216211963613,6.457104017306489
TAP,SFvCSP,cluster,regression,esm2_max,linear,25,25,4,57,,,False,0.31205001174800673,0.2653131442819958,-0.005334626331007453,6.988282155041805
TAP,SFvCSP,cluster,regression,esm2_max,linear,50,50,4,57,,,False,0.437382904222682,0.38967461160698347,-0.0022082862150996085,6.9774077864519075
TAP,SFvCSP,cluster,regression,esm2_max,linear,100,100,4,57,,,False,0.4050190363653261,0.36060599799704757,0.10930983490474733,6.577766299490781
TAP,SFvCSP,cluster,regression,esm2_max,linear,150,150,4,57,,,False,0.52100308837569,0.4493274363420584,0.16630044006461153,6.363849452127122
TAP,SFvCSP,cluster,regression,esm2_max,linear,all,184,4,57,,,False,0.5139914580274564,0.4166350628493052,0.0943414041814985,6.632807110555335
TAP,SFvCSP,cluster,regression,esm2_max,linear,25,25,5,68,,,False,0.165266434170106,0.2586764131045304,-0.07191649613568907,6.813604392607466
TAP,SFvCSP,cluster,regression,esm2_max,linear,50,50,5,68,,,False,0.2938239889317664,0.3543976528058705,0.12391799214191623,6.159831290976524
TAP,SFvCSP,cluster,regression,esm2_max,linear,100,100,5,68,,,False,0.3961691094908337,0.3962788724614752,0.15685669183493667,6.042924047433775
TAP,SFvCSP,cluster,regression,esm2_max,linear,150,150,5,68,,,False,0.6174739423828949,0.5460486069721845,0.2916181201703164,5.538984613573587
TAP,SFvCSP,cluster,regression,esm2_max,linear,all,173,5,68,,,False,0.5546864632280328,0.5166740972420931,0.2663720202944261,5.636822770273873
TAP,SFvCSP,cluster,regression,esm2_max,linear,25,25,6,56,,,False,0.32929797314400167,0.2638242659027663,0.00010400189070824961,7.381665184159264
TAP,SFvCSP,cluster,regression,esm2_max,linear,50,50,6,56,,,False,0.5218016901268229,0.42001483808271,0.17523454210766498,6.704125869286503
TAP,SFvCSP,cluster,regression,esm2_max,linear,100,100,6,56,,,False,0.5678671558891003,0.485315891507159,0.17667993337352061,6.6982488444629364
TAP,SFvCSP,cluster,regression,esm2_max,linear,150,150,6,56,,,False,0.5830513183229914,0.49032056673425695,0.21536599623601782,6.538987244767056
TAP,SFvCSP,cluster,regression,esm2_max,linear,all,185,6,56,,,False,0.6233372267624591,0.5253423329816341,0.26386227095208004,6.333685084218036
TAP,SFvCSP,cluster,regression,esm2_max,linear,25,25,7,59,,,False,0.20064072466087687,0.10665217025451458,-0.07092250095516617,7.151333815593296
TAP,SFvCSP,cluster,regression,esm2_max,linear,50,50,7,59,,,False,0.34505875318555235,0.3376152742262874,0.07953561021011935,6.629969413387188
TAP,SFvCSP,cluster,regression,esm2_max,linear,100,100,7,59,,,False,0.41228027021000124,0.38219044638453853,0.11468961739716732,6.50213238859499
TAP,SFvCSP,cluster,regression,esm2_max,linear,150,150,7,59,,,False,0.4427610451183893,0.4379633553688236,0.17031029071563997,6.294567293767922
TAP,SFvCSP,cluster,regression,esm2_max,linear,all,182,7,59,,,False,0.4814324313265361,0.45406390768720384,0.19988748827142755,6.181353203338829
TAP,SFvCSP,cluster,regression,esm2_max,linear,25,25,8,63,,,False,-0.0796187192729846,-0.11835524443619926,-0.2543795451342583,9.18926786469762
TAP,SFvCSP,cluster,regression,esm2_max,linear,50,50,8,63,,,False,0.1085513358966114,0.05511110030747128,-0.04807199618287039,8.399665434044707
TAP,SFvCSP,cluster,regression,esm2_max,linear,100,100,8,63,,,False,0.43247658973009606,0.38127362047155045,0.08696411139199856,7.839896943573524
TAP,SFvCSP,cluster,regression,esm2_max,linear,150,150,8,63,,,False,0.5640059456340194,0.4722157082163312,0.15446928362049694,7.5445114878913975
TAP,SFvCSP,cluster,regression,esm2_max,linear,all,178,8,63,,,False,0.5422524596082883,0.47812761526686776,0.1738109662906272,7.457721182573589
TAP,SFvCSP,cluster,regression,esm2_max,linear,25,25,9,64,,,False,0.1666724218883262,0.21941798538627005,-0.10689033442850593,7.230145763093484
TAP,SFvCSP,cluster,regression,esm2_max,linear,50,50,9,64,,,False,0.1824783552449707,0.23833979603563638,-0.01361643859582018,6.918812765066914
TAP,SFvCSP,cluster,regression,esm2_max,linear,100,100,9,64,,,False,0.45062945071291277,0.5748873600525294,0.29773175994455403,5.758989270314709
TAP,SFvCSP,cluster,regression,esm2_max,linear,150,150,9,64,,,False,0.6124226496954921,0.672074520403378,0.382121968005837,5.401894930602811
TAP,SFvCSP,cluster,regression,esm2_max,linear,all,177,9,64,,,False,0.5346986904504275,0.5788973104075111,0.3197138674609046,5.668139946308442
TAP,SFvCSP,cluster,regression,esm2_max,linear,25,25,10,62,,,False,0.24582981242103433,0.19220222654370608,-0.014088420813791469,7.161115394232556
TAP,SFvCSP,cluster,regression,esm2_max,linear,50,50,10,62,,,False,0.2834249415858748,0.2888553016458602,0.058373995644881216,6.900522589596409
TAP,SFvCSP,cluster,regression,esm2_max,linear,100,100,10,62,,,False,0.5359321730609861,0.5196523723991747,0.2530694308005528,6.145863029196848
TAP,SFvCSP,cluster,regression,esm2_max,linear,150,150,10,62,,,False,0.5326816558610769,0.5252269225053914,0.2466629073490727,6.1721636983622385
TAP,SFvCSP,cluster,regression,esm2_max,linear,all,179,10,62,,,False,0.6260647313871484,0.5983918444086376,0.357400339648281,5.7005007339300855
TAP,SFvCSP,cluster,regression,esm2_max,linear,25,25,11,62,,,False,0.2607382252619058,0.2746818283193269,-0.0018804848442419697,7.003906113450139
TAP,SFvCSP,cluster,regression,esm2_max,linear,50,50,11,62,,,False,0.25332530211839943,0.2689814932631059,0.025776666145608584,6.906557323881871
TAP,SFvCSP,cluster,regression,esm2_max,linear,100,100,11,62,,,False,0.49273246282450084,0.5179272055347783,0.25863289722765226,6.024888479916979
TAP,SFvCSP,cluster,regression,esm2_max,linear,150,150,11,62,,,False,0.49996888779792387,0.5243238864178237,0.2650449217576957,5.998777511101879
TAP,SFvCSP,cluster,regression,esm2_max,linear,all,179,11,62,,,False,0.49764919756254083,0.5078924366971744,0.23146150812499922,6.134302225609864
TAP,SFvCSP,cluster,regression,esm2_max,linear,25,25,12,62,,,False,0.3332241938340612,0.3025876303932513,0.053110219296763184,7.3046597658963694
TAP,SFvCSP,cluster,regression,esm2_max,linear,50,50,12,62,,,False,0.35768448202674896,0.3404401519160159,0.007263800251480879,7.479407695579986
TAP,SFvCSP,cluster,regression,esm2_max,linear,100,100,12,62,,,False,0.4236844357495521,0.4258680914538828,0.15514075133521987,6.899894635405443
TAP,SFvCSP,cluster,regression,esm2_max,linear,150,150,12,62,,,False,0.36317608122963874,0.3456201232224053,0.06284545449044865,7.267012137841061
TAP,SFvCSP,cluster,regression,esm2_max,linear,all,179,12,62,,,False,0.3117868042851659,0.3271519643104854,0.03818519812156773,7.362003265911493
TAP,SFvCSP,cluster,regression,esm2_max,linear,25,25,13,61,,,False,0.26543716162211,0.35596661067843505,0.09505841369704204,6.9166746663425265
TAP,SFvCSP,cluster,regression,esm2_max,linear,50,50,13,61,,,False,0.3723688304602065,0.4019597083331781,0.1305386978794184,6.779726961609133
TAP,SFvCSP,cluster,regression,esm2_max,linear,100,100,13,61,,,False,0.45725791574419905,0.44810831374178334,0.19536583259513685,6.522082836583831
TAP,SFvCSP,cluster,regression,esm2_max,linear,150,150,13,61,,,False,0.5975313076053101,0.5256229566045323,0.274843781749885,6.191599593635494
TAP,SFvCSP,cluster,regression,esm2_max,linear,all,180,13,61,,,False,0.5870789420544444,0.4729292687746646,0.22012068477416613,6.420972001609438
TAP,SFvCSP,cluster,regression,esm2_max,linear,25,25,14,59,,,False,0.24101627429179026,0.2567989395563855,-1.0769018434254134,8.536300751586955
TAP,SFvCSP,cluster,regression,esm2_max,linear,50,50,14,59,,,False,0.3573982221862111,0.3711331201287574,-0.16792988387027563,6.401328391842786
TAP,SFvCSP,cluster,regression,esm2_max,linear,100,100,14,59,,,False,0.42634362556545563,0.40893794929561406,-0.01194772248146636,5.958552367227789
TAP,SFvCSP,cluster,regression,esm2_max,linear,150,150,14,59,,,False,0.4715561248103337,0.49185323499698846,0.12067387279413799,5.554394351526154
TAP,SFvCSP,cluster,regression,esm2_max,linear,all,182,14,59,,,False,0.47459955518021546,0.4886168545322877,0.09014646749077981,5.649987209562601
TAP,SFvCSP,cluster,regression,esm2_max,linear,25,25,15,58,,,False,0.3139885479835539,0.3430098801894322,0.04846378925067962,7.649174025823881
TAP,SFvCSP,cluster,regression,esm2_max,linear,50,50,15,58,,,False,0.3518162667046178,0.3673744093961559,0.017531304705522888,7.772509154435668
TAP,SFvCSP,cluster,regression,esm2_max,linear,100,100,15,58,,,False,0.444198455991646,0.4459902943618398,0.1743645463261021,7.125183417570167
TAP,SFvCSP,cluster,regression,esm2_max,linear,150,150,15,58,,,False,0.5824174901133182,0.5325888496191448,0.22781879254028714,6.890670697232615
TAP,SFvCSP,cluster,regression,esm2_max,linear,all,183,15,58,,,False,0.6289320302344962,0.5645198701600109,0.267720101535186,6.710276841575241
TAP,SFvCSP,cluster,regression,esm2_max,linear,25,25,16,55,,,False,0.48847425225133084,0.35848675311957257,-0.0028681985128653498,7.729040234955003
TAP,SFvCSP,cluster,regression,esm2_max,linear,50,50,16,55,,,False,0.4910375687265595,0.38758487742720127,-0.015519341954959298,7.777638221311873
TAP,SFvCSP,cluster,regression,esm2_max,linear,100,100,16,55,,,False,0.4061231976034901,0.37303191163521493,0.1382243743170013,7.164745055119881
TAP,SFvCSP,cluster,regression,esm2_max,linear,150,150,16,55,,,False,0.5275016481629117,0.48115264556796195,0.2146915915849208,6.839490678041041
TAP,SFvCSP,cluster,regression,esm2_max,linear,all,186,16,55,,,False,0.5440368445805842,0.4478929402601819,0.18786441303791346,6.955332700643232
TAP,SFvCSP,cluster,regression,esm2_max,linear,25,25,17,58,,,False,0.2656362301229671,0.2259260172365335,0.03584045448055884,6.688589264865235
TAP,SFvCSP,cluster,regression,esm2_max,linear,50,50,17,58,,,False,0.26520510245988793,0.2513562110768747,0.006132995962103371,6.790851147976112
TAP,SFvCSP,cluster,regression,esm2_max,linear,100,100,17,58,,,False,0.5357377110421122,0.5151728200602638,0.23260561171998018,5.967183377293307
TAP,SFvCSP,cluster,regression,esm2_max,linear,150,150,17,58,,,False,0.5823918831539014,0.49406860524022267,0.21854507704788406,6.021601906928959
TAP,SFvCSP,cluster,regression,esm2_max,linear,all,183,17,58,,,False,0.6049337009663304,0.5336981129368221,0.2787804705440974,5.784872799628276
TAP,SFvCSP,cluster,regression,esm2_max,linear,25,25,18,56,,,False,0.1341903366861486,0.13214822393888803,-0.1694904492076741,8.76191041054016
TAP,SFvCSP,cluster,regression,esm2_max,linear,50,50,18,56,,,False,0.5102651656154823,0.45167413589397554,0.15004261249606277,7.469629225639621
TAP,SFvCSP,cluster,regression,esm2_max,linear,100,100,18,56,,,False,0.5730354734258694,0.5001838919950865,0.24503544550938972,7.039855575230554
TAP,SFvCSP,cluster,regression,esm2_max,linear,150,150,18,56,,,False,0.6400451702169142,0.5673694373348819,0.2720806068944487,6.912610926869491
TAP,SFvCSP,cluster,regression,esm2_max,linear,all,185,18,56,,,False,0.5806253472460795,0.5175050617866208,0.25545082263172336,6.99112653407663
TAP,SFvCSP,cluster,regression,esm2_max,linear,25,25,19,64,,,False,0.16094544092725357,0.15579836500858946,-0.1001488729327702,6.331972774460536
TAP,SFvCSP,cluster,regression,esm2_max,linear,50,50,19,64,,,False,0.3233819670398366,0.2995411248423285,0.05181776128552973,5.878401124670045
TAP,SFvCSP,cluster,regression,esm2_max,linear,100,100,19,64,,,False,0.3188398921676023,0.38635664337406694,0.14172931883530748,5.592750538970989
TAP,SFvCSP,cluster,regression,esm2_max,linear,150,150,19,64,,,False,0.49033762825257204,0.5451521197250135,0.29087669893162016,5.083632971801234
TAP,SFvCSP,cluster,regression,esm2_max,linear,all,177,19,64,,,False,0.5254584193101013,0.5655742022940037,0.3185182573879456,4.983568388874752
TAP,SFvCSP,cluster,regression,esm2_max,mlp,25,25,0,63,,,False,0.2861033716912887,0.2411668921341858,-0.18725265203080244,6.696118688648296
TAP,SFvCSP,cluster,regression,esm2_max,mlp,50,50,0,63,,,False,0.3305837495822491,0.2938993817676397,-0.06242269730211736,6.3343234917349305
TAP,SFvCSP,cluster,regression,esm2_max,mlp,100,100,0,63,,,False,0.4287821825465004,0.34269475217159906,-0.022793425380467802,6.215062961056703
TAP,SFvCSP,cluster,regression,esm2_max,mlp,150,150,0,63,,,False,0.31386451614027105,0.2707343135176239,-0.10090190280808864,6.448012636684958
TAP,SFvCSP,cluster,regression,esm2_max,mlp,all,178,0,63,,,False,0.3655858857809227,0.3155207349708623,-0.04133517821890331,6.271144944273418
TAP,SFvCSP,cluster,regression,esm2_max,mlp,25,25,1,60,,,False,0.2188940122686458,0.25849198584068345,-0.02060668267857979,6.654448030288605
TAP,SFvCSP,cluster,regression,esm2_max,mlp,50,50,1,60,,,False,0.33287926872092716,0.3276414468148957,0.0662982868780495,6.364831512542716
TAP,SFvCSP,cluster,regression,esm2_max,mlp,100,100,1,60,,,False,0.43483676972929414,0.4654683528162623,0.19510313211354446,5.909530147541161
TAP,SFvCSP,cluster,regression,esm2_max,mlp,150,150,1,60,,,False,0.3533710002179665,0.4198210743610401,0.12690282415604737,6.154802557274748
TAP,SFvCSP,cluster,regression,esm2_max,mlp,all,181,1,60,,,False,0.3598025083372818,0.3923649770123667,0.06658044139142105,6.363869748412817
TAP,SFvCSP,cluster,regression,esm2_max,mlp,25,25,2,68,,,False,0.4447482887679536,0.3322303643800675,0.011957953658673137,7.707086372527862
TAP,SFvCSP,cluster,regression,esm2_max,mlp,50,50,2,68,,,False,0.5300409107149462,0.44431453713196556,0.06832052706043257,7.484034423484806
TAP,SFvCSP,cluster,regression,esm2_max,mlp,100,100,2,68,,,False,0.3867210278241775,0.3025883993481287,0.03757249336616486,7.606529016361127
TAP,SFvCSP,cluster,regression,esm2_max,mlp,150,150,2,68,,,False,0.494387677616136,0.39357770775862266,0.127251394195961,7.24347715459724
TAP,SFvCSP,cluster,regression,esm2_max,mlp,all,173,2,68,,,False,0.5898451012826178,0.4814224733891451,0.17846511111057595,7.027737295838132
TAP,SFvCSP,cluster,regression,esm2_max,mlp,25,25,3,63,,,False,0.10092472725608609,0.03927538401972854,-0.14483151332252286,7.396841315637906
TAP,SFvCSP,cluster,regression,esm2_max,mlp,50,50,3,63,,,False,0.26576204357177363,0.13455779184262107,-0.20242668928085172,7.580621585582049
TAP,SFvCSP,cluster,regression,esm2_max,mlp,100,100,3,63,,,False,0.3470158161342056,0.3577964223763322,0.05176155693109785,6.7318478742174594
TAP,SFvCSP,cluster,regression,esm2_max,mlp,150,150,3,63,,,False,0.36178704584922056,0.3401280577533754,0.06559604186588008,6.68255972339906
TAP,SFvCSP,cluster,regression,esm2_max,mlp,all,178,3,63,,,False,0.33428613849362354,0.3431963135282215,0.07270318493286465,6.6570972008995275
TAP,SFvCSP,cluster,regression,esm2_max,mlp,25,25,4,57,,,False,0.26352044058777885,0.11127937362832829,-0.1806140052976566,7.573019522519876
TAP,SFvCSP,cluster,regression,esm2_max,mlp,50,50,4,57,,,False,0.3181851883027111,0.20783381455680044,-0.05993298267307523,7.1755354486163885
TAP,SFvCSP,cluster,regression,esm2_max,mlp,100,100,4,57,,,False,0.30747297527068757,0.27059470955048126,0.014930342238837935,6.917490669444073
TAP,SFvCSP,cluster,regression,esm2_max,mlp,150,150,4,57,,,False,0.35872929156633954,0.3004551415802622,-0.004444864167935103,6.985189013082659
TAP,SFvCSP,cluster,regression,esm2_max,mlp,all,184,4,57,,,False,0.37346669979827496,0.3198207341177024,0.01969812104504043,6.900729890420193
TAP,SFvCSP,cluster,regression,esm2_max,mlp,25,25,5,68,,,False,0.10268926630352145,0.12665281798815817,-0.24784197090580595,7.351504568284157
TAP,SFvCSP,cluster,regression,esm2_max,mlp,50,50,5,68,,,False,0.2038298767569991,0.24381073021820177,-0.005677062491184159,6.599723021870681
TAP,SFvCSP,cluster,regression,esm2_max,mlp,100,100,5,68,,,False,0.37636160997669327,0.38705573034937085,0.11999092417066992,6.173621682930506
TAP,SFvCSP,cluster,regression,esm2_max,mlp,150,150,5,68,,,False,0.5374982952133491,0.47304648953479733,0.20989216989091075,5.849781165306612
TAP,SFvCSP,cluster,regression,esm2_max,mlp,all,173,5,68,,,False,0.44985584562568537,0.39749398757856463,0.12725461194987608,6.1480900260781555
TAP,SFvCSP,cluster,regression,esm2_max,mlp,25,25,6,56,,,False,0.37645779295556864,0.3165613535804785,0.039265120296741896,7.235669251083337
TAP,SFvCSP,cluster,regression,esm2_max,mlp,50,50,6,56,,,False,0.489244657160462,0.46473236692580766,0.17426896960829397,6.708049061025914
TAP,SFvCSP,cluster,regression,esm2_max,mlp,100,100,6,56,,,False,0.44280300719374116,0.4275218533175853,0.07306403708508791,7.107253296676831
TAP,SFvCSP,cluster,regression,esm2_max,mlp,150,150,6,56,,,False,0.5407818931691867,0.46872620829371325,0.17612598183884576,6.700501845121945
TAP,SFvCSP,cluster,regression,esm2_max,mlp,all,185,6,56,,,False,0.5210835202819766,0.4784516488039573,0.2042964007728546,6.584951624752963
TAP,SFvCSP,cluster,regression,esm2_max,mlp,25,25,7,59,,,False,0.21035244948773368,0.10832882924658396,-0.1433855132338171,7.3893182535893285
TAP,SFvCSP,cluster,regression,esm2_max,mlp,50,50,7,59,,,False,0.35790046161624556,0.3113538169653616,0.04280856797589028,6.760945425897205
TAP,SFvCSP,cluster,regression,esm2_max,mlp,100,100,7,59,,,False,0.387854697226792,0.3585521052410098,0.07130910019134318,6.659530680422511
TAP,SFvCSP,cluster,regression,esm2_max,mlp,150,150,7,59,,,False,0.3987365093821858,0.4015627500272777,0.09565202875019951,6.571671005275024
TAP,SFvCSP,cluster,regression,esm2_max,mlp,all,182,7,59,,,False,0.45776741510687596,0.42029164847292383,0.10744355126900818,6.528687407341518
TAP,SFvCSP,cluster,regression,esm2_max,mlp,25,25,8,63,,,False,0.029508867909076614,-0.019775801248304695,-0.3500545588837938,9.533274306312935
TAP,SFvCSP,cluster,regression,esm2_max,mlp,50,50,8,63,,,False,0.2510054557538543,0.15561973410552776,-0.12758210513216106,8.712454379077036
TAP,SFvCSP,cluster,regression,esm2_max,mlp,100,100,8,63,,,False,0.4456103169443067,0.3603405337955119,0.027537671621088555,8.09101158060676
TAP,SFvCSP,cluster,regression,esm2_max,mlp,150,150,8,63,,,False,0.5746425839446141,0.45384901214851603,0.131029134565814,7.648372608334341
TAP,SFvCSP,cluster,regression,esm2_max,mlp,all,178,8,63,,,False,0.5600682285167788,0.4354710101050371,0.117054590898231,7.709626804854364
TAP,SFvCSP,cluster,regression,esm2_max,mlp,25,25,9,64,,,False,0.13838209189491185,0.14170432370772465,-0.35453978789631146,7.998170144368809
TAP,SFvCSP,cluster,regression,esm2_max,mlp,50,50,9,64,,,False,0.34926531288225804,0.3613922640208147,-0.006812691024197237,6.895552923361144
TAP,SFvCSP,cluster,regression,esm2_max,mlp,100,100,9,64,,,False,0.5148840058801413,0.5820437067817625,0.3046519961814024,5.730544132712926
TAP,SFvCSP,cluster,regression,esm2_max,mlp,150,150,9,64,,,False,0.5982202168243045,0.6502336146644071,0.39442366960802533,5.347849802871174
TAP,SFvCSP,cluster,regression,esm2_max,mlp,all,177,9,64,,,False,0.556849904299522,0.5526577768305341,0.279839763411589,5.831890009765877
TAP,SFvCSP,cluster,regression,esm2_max,mlp,25,25,10,62,,,False,0.2668447840855631,0.21693291875666962,-0.12052346953850068,7.527542891139992
TAP,SFvCSP,cluster,regression,esm2_max,mlp,50,50,10,62,,,False,0.2998035166241766,0.2770284841173011,-0.013508743042628835,7.159068367208877
TAP,SFvCSP,cluster,regression,esm2_max,mlp,100,100,10,62,,,False,0.4791363143897056,0.5077838488343249,0.22976297416510194,6.241011113004322
TAP,SFvCSP,cluster,regression,esm2_max,mlp,150,150,10,62,,,False,0.513380135123632,0.5124866572938399,0.23562173032493083,6.217229888360781
TAP,SFvCSP,cluster,regression,esm2_max,mlp,all,179,10,62,,,False,0.6211511588756577,0.5864853161447444,0.3367124156189457,5.7915351185268165
TAP,SFvCSP,cluster,regression,esm2_max,mlp,25,25,11,62,,,False,0.23156559914953517,0.22029777257546582,-0.014175891597953516,7.046752178502938
TAP,SFvCSP,cluster,regression,esm2_max,mlp,50,50,11,62,,,False,0.32190744820798295,0.2901336192035047,0.023451347078824458,6.91479484865917
TAP,SFvCSP,cluster,regression,esm2_max,mlp,100,100,11,62,,,False,0.48829479454811614,0.5159763940137649,0.2593708448297093,6.0218891838010595
TAP,SFvCSP,cluster,regression,esm2_max,mlp,150,150,11,62,,,False,0.47175439460886354,0.5144570564254426,0.2557005107382466,6.036792073809903
TAP,SFvCSP,cluster,regression,esm2_max,mlp,all,179,11,62,,,False,0.47931860189815584,0.5254716353694959,0.2611655589311751,6.014588549867666
TAP,SFvCSP,cluster,regression,esm2_max,mlp,25,25,12,62,,,False,0.37295012017790113,0.3317546304096685,-0.08928097390760636,7.834661486845505
TAP,SFvCSP,cluster,regression,esm2_max,mlp,50,50,12,62,,,False,0.3972844542604309,0.38726213343202004,0.10214620042231903,7.113004607426775
TAP,SFvCSP,cluster,regression,esm2_max,mlp,100,100,12,62,,,False,0.47366302666025495,0.4767752709603959,0.1940536593944009,6.739122354687416
TAP,SFvCSP,cluster,regression,esm2_max,mlp,150,150,12,62,,,False,0.4201829114871591,0.4301353566971279,0.13333398879872504,6.988374333241253
TAP,SFvCSP,cluster,regression,esm2_max,mlp,all,179,12,62,,,False,0.3974607900146521,0.3941060975440466,0.08527498356920327,7.179522417190509
TAP,SFvCSP,cluster,regression,esm2_max,mlp,25,25,13,61,,,False,0.24733736912390214,0.2990683603455258,0.061062086953692085,7.045397698337783
TAP,SFvCSP,cluster,regression,esm2_max,mlp,50,50,13,61,,,False,0.24387088839690615,0.26909762948385946,0.00957970641224204,7.2359713817810025
TAP,SFvCSP,cluster,regression,esm2_max,mlp,100,100,13,61,,,False,0.30060474090590866,0.31454616569042304,0.06880553002622769,7.016285772052093
TAP,SFvCSP,cluster,regression,esm2_max,mlp,150,150,13,61,,,False,0.4907054855069692,0.44819932522234895,0.1833058061901538,6.570778226766041
TAP,SFvCSP,cluster,regression,esm2_max,mlp,all,180,13,61,,,False,0.46313240980063486,0.4023624138568551,0.13268776572155472,6.771342972804674
TAP,SFvCSP,cluster,regression,esm2_max,mlp,25,25,14,59,,,False,0.18020619440126817,0.2395022310065239,-0.7117836521320198,7.74972263254328
TAP,SFvCSP,cluster,regression,esm2_max,mlp,50,50,14,59,,,False,0.2731478756968881,0.301515400295779,-0.05492510981212573,6.083766494749492
TAP,SFvCSP,cluster,regression,esm2_max,mlp,100,100,14,59,,,False,0.2972612086274898,0.2683309912582233,-0.058133278848550685,6.093010247982133
TAP,SFvCSP,cluster,regression,esm2_max,mlp,150,150,14,59,,,False,0.47064894845008054,0.4786884059073092,0.11380542644825065,5.576044937182252
TAP,SFvCSP,cluster,regression,esm2_max,mlp,all,182,14,59,,,False,0.4385466107985392,0.4530007079487019,0.0695233996328033,5.713660741969513
TAP,SFvCSP,cluster,regression,esm2_max,mlp,25,25,15,58,,,False,0.308135725054399,0.35822451682669415,0.12112258819217148,7.351331936337407
TAP,SFvCSP,cluster,regression,esm2_max,mlp,50,50,15,58,,,False,0.24489443308832073,0.28328307230502053,0.022106653886787675,7.754389776597398
TAP,SFvCSP,cluster,regression,esm2_max,mlp,100,100,15,58,,,False,0.35471187383798913,0.35530231329039835,0.11105162721414241,7.3933310211383905
TAP,SFvCSP,cluster,regression,esm2_max,mlp,150,150,15,58,,,False,0.5120295933074299,0.4522712810463005,0.15850612076002923,7.193286570367788
TAP,SFvCSP,cluster,regression,esm2_max,mlp,all,183,15,58,,,False,0.5375971882084747,0.47347612933412514,0.18569989607976944,7.07610268784579
TAP,SFvCSP,cluster,regression,esm2_max,mlp,25,25,16,55,,,False,0.40677305248453394,0.32104183900244804,0.06256868696482876,7.472628058446943
TAP,SFvCSP,cluster,regression,esm2_max,mlp,50,50,16,55,,,False,0.3153962355999724,0.315112569808668,0.07161531257017817,7.436483566261702
TAP,SFvCSP,cluster,regression,esm2_max,mlp,100,100,16,55,,,False,0.3281045088292753,0.27448225033042745,0.007216510544091559,7.690080945447326
TAP,SFvCSP,cluster,regression,esm2_max,mlp,150,150,16,55,,,False,0.39998567928251993,0.36691644728842493,0.11514227594240856,7.260062531448507
TAP,SFvCSP,cluster,regression,esm2_max,mlp,all,186,16,55,,,False,0.41912029522436806,0.356726880103785,0.09217503153063855,7.353679533799793
TAP,SFvCSP,cluster,regression,esm2_max,mlp,25,25,17,58,,,False,0.23499537121126388,0.1994273492763944,-0.0895911199895203,7.11036429994895
TAP,SFvCSP,cluster,regression,esm2_max,mlp,50,50,17,58,,,False,0.2844826679661454,0.32136627076985325,0.04699541778631311,6.649784468051873
TAP,SFvCSP,cluster,regression,esm2_max,mlp,100,100,17,58,,,False,0.4899149994234041,0.4579904257001056,0.16775169116311395,6.214218728194663
TAP,SFvCSP,cluster,regression,esm2_max,mlp,150,150,17,58,,,False,0.475656991708712,0.38077179428146474,0.05665504405320676,6.6159976250118
TAP,SFvCSP,cluster,regression,esm2_max,mlp,all,183,17,58,,,False,0.515597890209696,0.4429408005603463,0.14629017787580356,6.293832980945517
TAP,SFvCSP,cluster,regression,esm2_max,mlp,25,25,18,56,,,False,0.03425699805338113,0.10370663141689725,-0.07863188437759905,8.41467012910315
TAP,SFvCSP,cluster,regression,esm2_max,mlp,50,50,18,56,,,False,0.4729311916890431,0.4043055814001213,0.14517987179784253,7.490966216429915
TAP,SFvCSP,cluster,regression,esm2_max,mlp,100,100,18,56,,,False,0.49005969071573363,0.4377576425327661,0.17873937896525616,7.3424494984708835
TAP,SFvCSP,cluster,regression,esm2_max,mlp,150,150,18,56,,,False,0.4725893054809255,0.424665110703502,0.1675753667736778,7.39218675429507
TAP,SFvCSP,cluster,regression,esm2_max,mlp,all,185,18,56,,,False,0.463768641311492,0.4456723386937431,0.18521821214289813,7.313430271385704
TAP,SFvCSP,cluster,regression,esm2_max,mlp,25,25,19,64,,,False,0.10953741169151023,0.12910656663754655,-0.15391383741243359,6.484850977928183
TAP,SFvCSP,cluster,regression,esm2_max,mlp,50,50,19,64,,,False,0.1732640985352831,0.2204522289881935,-0.05415031126267822,6.198185653084629
TAP,SFvCSP,cluster,regression,esm2_max,mlp,100,100,19,64,,,False,0.2801404966652823,0.3179673006879944,-0.01479899438470511,6.0813965564920185
TAP,SFvCSP,cluster,regression,esm2_max,mlp,150,150,19,64,,,False,0.37864387798535454,0.42084743470440655,0.08704707414698931,5.768162704473394
TAP,SFvCSP,cluster,regression,esm2_max,mlp,all,177,19,64,,,False,0.4396636717234524,0.4394392716393306,0.12657443569138882,5.641911368682762
TAP,SFvCSP,cluster,regression,esm2_cls,linear,25,25,0,63,,,False,0.3646957970940836,0.3327592625101862,-0.2591666058879356,6.895935129539512
TAP,SFvCSP,cluster,regression,esm2_cls,linear,50,50,0,63,,,False,0.40431677188392234,0.35743829926368426,0.062226533079458024,5.951145097616592
TAP,SFvCSP,cluster,regression,esm2_cls,linear,100,100,0,63,,,False,0.5077354547142302,0.5119475336683722,0.22554299471066253,5.408168633424428
TAP,SFvCSP,cluster,regression,esm2_cls,linear,150,150,0,63,,,False,0.4921709309200434,0.5352492019573537,0.2550493424519541,5.304144202937362
TAP,SFvCSP,cluster,regression,esm2_cls,linear,all,178,0,63,,,False,0.5425691957559341,0.5283328150553328,0.23066170669938657,5.390266573572055
TAP,SFvCSP,cluster,regression,esm2_cls,linear,25,25,1,60,,,False,0.2702068670907158,0.26807698261041757,-0.06334677544254896,6.792353701595511
TAP,SFvCSP,cluster,regression,esm2_cls,linear,50,50,1,60,,,False,0.4834211059552908,0.47197029033789284,0.1574242712822006,6.046266786837917
TAP,SFvCSP,cluster,regression,esm2_cls,linear,100,100,1,60,,,False,0.49586649179656345,0.5000025120106952,0.14293551623831913,6.098030372498668
TAP,SFvCSP,cluster,regression,esm2_cls,linear,150,150,1,60,,,False,0.5670307115063904,0.5293592187160301,0.1696054639732847,6.002401960289801
TAP,SFvCSP,cluster,regression,esm2_cls,linear,all,181,1,60,,,False,0.6163946244741223,0.5483728923510824,0.22288797331360077,5.806636623511663
TAP,SFvCSP,cluster,regression,esm2_cls,linear,25,25,2,68,,,False,0.5884120935214115,0.5558463009488146,0.27144003039401743,6.618128046922643
TAP,SFvCSP,cluster,regression,esm2_cls,linear,50,50,2,68,,,False,0.5720375915033623,0.5817041390637949,0.214465150987442,6.872033076323232
TAP,SFvCSP,cluster,regression,esm2_cls,linear,100,100,2,68,,,False,0.5088897161595427,0.5981243297207891,0.3222458242271392,6.383202378410577
TAP,SFvCSP,cluster,regression,esm2_cls,linear,150,150,2,68,,,False,0.6185052565067416,0.6767676739100714,0.4153870568626278,5.9283894534897765
TAP,SFvCSP,cluster,regression,esm2_cls,linear,all,173,2,68,,,False,0.6735900748475078,0.7037758835463198,0.3864318228663186,6.073428544105009
TAP,SFvCSP,cluster,regression,esm2_cls,linear,25,25,3,63,,,False,0.07988473175957696,0.07061324040287928,-0.10788754813022461,7.276513756326493
TAP,SFvCSP,cluster,regression,esm2_cls,linear,50,50,3,63,,,False,0.39690174152946756,0.3284039027187384,-0.1781326166983519,7.50365060980327
TAP,SFvCSP,cluster,regression,esm2_cls,linear,100,100,3,63,,,False,0.5185542269059731,0.5649562605206366,0.29561726215989603,5.802028613218491
TAP,SFvCSP,cluster,regression,esm2_cls,linear,150,150,3,63,,,False,0.5308515758719694,0.5275125404668274,0.26904508248735315,5.910453571874566
TAP,SFvCSP,cluster,regression,esm2_cls,linear,all,178,3,63,,,False,0.5564310224516293,0.5631440481574103,0.3010859305824223,5.7794619075739115
TAP,SFvCSP,cluster,regression,esm2_cls,linear,25,25,4,57,,,False,0.37875788381106235,0.3350197469941879,0.03538500558864621,6.845294153783815
TAP,SFvCSP,cluster,regression,esm2_cls,linear,50,50,4,57,,,False,0.38745749924313,0.35896360694538915,0.10435338073496747,6.596042670061834
TAP,SFvCSP,cluster,regression,esm2_cls,linear,100,100,4,57,,,False,0.47117506715097446,0.3944201093227772,0.03538815627989156,6.845282974491507
TAP,SFvCSP,cluster,regression,esm2_cls,linear,150,150,4,57,,,False,0.41167359294582556,0.3653729484871221,-0.09299780661126822,7.286597092929157
TAP,SFvCSP,cluster,regression,esm2_cls,linear,all,184,4,57,,,False,0.451536009925598,0.39936006788244716,-0.03701570029193446,7.097538823328237
TAP,SFvCSP,cluster,regression,esm2_cls,linear,25,25,5,68,,,False,0.2592182224060964,0.3740625849634734,0.04778142943484809,6.421918068284776
TAP,SFvCSP,cluster,regression,esm2_cls,linear,50,50,5,68,,,False,0.43029689581587294,0.5458491280725623,0.2806674590678846,5.581633166354002
TAP,SFvCSP,cluster,regression,esm2_cls,linear,100,100,5,68,,,False,0.6127132595846121,0.6218200220461677,0.3863311399020535,5.155413209856715
TAP,SFvCSP,cluster,regression,esm2_cls,linear,150,150,5,68,,,False,0.6412391179582585,0.6478154905961073,0.4147074305646675,5.034808332322467
TAP,SFvCSP,cluster,regression,esm2_cls,linear,all,173,5,68,,,False,0.6059450599436801,0.6405202822961367,0.400627872762254,5.095006101775348
TAP,SFvCSP,cluster,regression,esm2_cls,linear,25,25,6,56,,,False,0.4159913329861498,0.3208180448075361,0.08137980869139572,7.0753010093529864
TAP,SFvCSP,cluster,regression,esm2_cls,linear,50,50,6,56,,,False,0.5385589865065675,0.4605366038625783,0.18348519503455507,6.67050876924735
TAP,SFvCSP,cluster,regression,esm2_cls,linear,100,100,6,56,,,False,0.5863001819068194,0.5227642834405954,0.16756443509767938,6.735227053056465
TAP,SFvCSP,cluster,regression,esm2_cls,linear,150,150,6,56,,,False,0.6368114609943354,0.5369071404417328,0.22524147606895173,6.4977067789781735
TAP,SFvCSP,cluster,regression,esm2_cls,linear,all,185,6,56,,,False,0.6169762938509642,0.5321130710389608,0.1226444133630048,6.914563200120426
TAP,SFvCSP,cluster,regression,esm2_cls,linear,25,25,7,59,,,False,0.3736088840018544,0.23934401255083346,-0.11212699996918984,7.2876116489452265
TAP,SFvCSP,cluster,regression,esm2_cls,linear,50,50,7,59,,,False,0.5335013174464313,0.44768935305234353,-0.0730910534977911,7.158570660623665
TAP,SFvCSP,cluster,regression,esm2_cls,linear,100,100,7,59,,,False,0.5228242705735314,0.5448654452646029,0.29435636438414403,5.804980210161222
TAP,SFvCSP,cluster,regression,esm2_cls,linear,150,150,7,59,,,False,0.5858334732152473,0.5839098841061243,0.3396525897379704,5.615575473721131
TAP,SFvCSP,cluster,regression,esm2_cls,linear,all,182,7,59,,,False,0.5148384245562666,0.5496569729809772,0.30189048117872463,5.7739073256534175
TAP,SFvCSP,cluster,regression,esm2_cls,linear,25,25,8,63,,,False,0.09753053006238344,0.07749691573546526,0.0038357613010847613,8.189019457449758
TAP,SFvCSP,cluster,regression,esm2_cls,linear,50,50,8,63,,,False,0.43283674678350226,0.4327849541882403,0.15555546496324124,7.539664034740334
TAP,SFvCSP,cluster,regression,esm2_cls,linear,100,100,8,63,,,False,0.4860679592769301,0.5099490703134094,0.21829346498740787,7.254179552696575
TAP,SFvCSP,cluster,regression,esm2_cls,linear,150,150,8,63,,,False,0.5802370235075228,0.5645597041003442,0.2818835190585439,6.952866273410763
TAP,SFvCSP,cluster,regression,esm2_cls,linear,all,178,8,63,,,False,0.5315678003572395,0.5300613240219485,0.2455642931576122,7.126520636238927
TAP,SFvCSP,cluster,regression,esm2_cls,linear,25,25,9,64,,,False,0.2198857308556959,0.3166153786425927,-0.10165328267222984,7.213021419294662
TAP,SFvCSP,cluster,regression,esm2_cls,linear,50,50,9,64,,,False,0.11011466905128973,0.20699672199162333,-0.011113647740708554,6.910265624787924
TAP,SFvCSP,cluster,regression,esm2_cls,linear,100,100,9,64,,,False,0.5933639010683499,0.6623544771009309,0.42824646748141226,5.196359433080793
TAP,SFvCSP,cluster,regression,esm2_cls,linear,150,150,9,64,,,False,0.607703776838291,0.6441933989636793,0.4079568125930505,5.287756520324332
TAP,SFvCSP,cluster,regression,esm2_cls,linear,all,177,9,64,,,False,0.5703880298267349,0.6069099293853256,0.3660779711937783,5.471579040758508
TAP,SFvCSP,cluster,regression,esm2_cls,linear,25,25,10,62,,,False,0.1912513608318625,0.16701414984337914,-0.20918862727795506,7.819694511943166
TAP,SFvCSP,cluster,regression,esm2_cls,linear,50,50,10,62,,,False,0.2415965807188271,0.2571710303283025,0.030497315146738257,7.001921994243688
TAP,SFvCSP,cluster,regression,esm2_cls,linear,100,100,10,62,,,False,0.548657065975359,0.5537171651333588,0.2682674552545946,6.083015817155158
TAP,SFvCSP,cluster,regression,esm2_cls,linear,150,150,10,62,,,False,0.536889689755533,0.552882629679793,0.3022836103019335,5.939942248366327
TAP,SFvCSP,cluster,regression,esm2_cls,linear,all,179,10,62,,,False,0.5618607172370053,0.5678921768199475,0.3171925044410937,5.876136829737994
TAP,SFvCSP,cluster,regression,esm2_cls,linear,25,25,11,62,,,False,0.39086780466203114,0.4215184016577991,0.004812391850811393,6.980472764676392
TAP,SFvCSP,cluster,regression,esm2_cls,linear,50,50,11,62,,,False,0.4118206588533708,0.46832441836577565,0.20322816743975824,6.245962082371966
TAP,SFvCSP,cluster,regression,esm2_cls,linear,100,100,11,62,,,False,0.6453277378738245,0.68067762050561,0.4280458687873743,5.2919161933808345
TAP,SFvCSP,cluster,regression,esm2_cls,linear,150,150,11,62,,,False,0.6761392755655418,0.70351836178947,0.48626695732121994,5.0153483961698555
TAP,SFvCSP,cluster,regression,esm2_cls,linear,all,179,11,62,,,False,0.6299219690279657,0.6996952234387521,0.47426786164864043,5.073581258354393
TAP,SFvCSP,cluster,regression,esm2_cls,linear,25,25,12,62,,,False,0.3743356153896394,0.3883986442895258,0.10569765689342125,7.098922940543239
TAP,SFvCSP,cluster,regression,esm2_cls,linear,50,50,12,62,,,False,0.5255561200453598,0.5861098310904013,0.287791717686369,6.335104563464574
TAP,SFvCSP,cluster,regression,esm2_cls,linear,100,100,12,62,,,False,0.5297126056805744,0.6286437623029344,0.3948721539054231,5.839475581446757
TAP,SFvCSP,cluster,regression,esm2_cls,linear,150,150,12,62,,,False,0.44449205474765724,0.563013207077829,0.3122641238035151,6.225311934165882
TAP,SFvCSP,cluster,regression,esm2_cls,linear,all,179,12,62,,,False,0.4468851828406597,0.5251864454570782,0.21471157312806333,6.652193539629849
TAP,SFvCSP,cluster,regression,esm2_cls,linear,25,25,13,61,,,False,0.3964489637546059,0.36466538930044234,-0.020421752971308882,7.344748503981315
TAP,SFvCSP,cluster,regression,esm2_cls,linear,50,50,13,61,,,False,0.5513027440170511,0.44445530018254337,0.05704990712019442,7.060434512341688
TAP,SFvCSP,cluster,regression,esm2_cls,linear,100,100,13,61,,,False,0.6654055294735897,0.5807166777634319,0.3346922131938086,5.930596522602125
TAP,SFvCSP,cluster,regression,esm2_cls,linear,150,150,13,61,,,False,0.6837964005061254,0.6091964268629922,0.35897892049286606,5.821343560398674
TAP,SFvCSP,cluster,regression,esm2_cls,linear,all,180,13,61,,,False,0.6801446879845572,0.5811697581049654,0.3146563192221181,6.019234758076348
TAP,SFvCSP,cluster,regression,esm2_cls,linear,25,25,14,59,,,False,0.29889997882665686,0.38826542958095966,-1.2594164980791285,8.903481685405618
TAP,SFvCSP,cluster,regression,esm2_cls,linear,50,50,14,59,,,False,0.4553732690935586,0.4952768353650529,-0.3416925022828783,6.861012622175181
TAP,SFvCSP,cluster,regression,esm2_cls,linear,100,100,14,59,,,False,0.5102428070120999,0.5894455917805026,0.1950624349850495,5.314260260057103
TAP,SFvCSP,cluster,regression,esm2_cls,linear,150,150,14,59,,,False,0.4110972099624903,0.5065941747046925,0.08528626382183635,5.66505750056019
TAP,SFvCSP,cluster,regression,esm2_cls,linear,all,182,14,59,,,False,0.4638597576249597,0.5234362774689744,0.07488385506273876,5.6971788321527566
TAP,SFvCSP,cluster,regression,esm2_cls,linear,25,25,15,58,,,False,0.4847061515276386,0.581245708925097,0.3148807341486075,6.490601887672679
TAP,SFvCSP,cluster,regression,esm2_cls,linear,50,50,15,58,,,False,0.5541391140661386,0.6077189178692048,0.3444386330093657,6.349047229113293
TAP,SFvCSP,cluster,regression,esm2_cls,linear,100,100,15,58,,,False,0.5502269640029667,0.5499627632693382,0.28854518390619976,6.614172898211082
TAP,SFvCSP,cluster,regression,esm2_cls,linear,150,150,15,58,,,False,0.6477534766014099,0.6189992824660037,0.3656327693782988,6.2455724687303285
TAP,SFvCSP,cluster,regression,esm2_cls,linear,all,183,15,58,,,False,0.6563170806766997,0.6194529517808861,0.3650146998497732,6.248614285872232
TAP,SFvCSP,cluster,regression,esm2_cls,linear,25,25,16,55,,,False,0.4440675020466644,0.34799819046692626,0.07660048688942345,7.416490739826763
TAP,SFvCSP,cluster,regression,esm2_cls,linear,50,50,16,55,,,False,0.4686536783794919,0.4141505990771781,0.09873851886598839,7.327048112430757
TAP,SFvCSP,cluster,regression,esm2_cls,linear,100,100,16,55,,,False,0.592667651512036,0.49298882597660726,0.21142569686198898,6.853697759569535
TAP,SFvCSP,cluster,regression,esm2_cls,linear,150,150,16,55,,,False,0.6386629358703653,0.5921417058634005,0.3426212406249449,6.257652927658877
TAP,SFvCSP,cluster,regression,esm2_cls,linear,all,186,16,55,,,False,0.6149793357612099,0.531641140941481,0.26714205562734217,6.607140440827947
TAP,SFvCSP,cluster,regression,esm2_cls,linear,25,25,17,58,,,False,0.34262331281568886,0.3437888590225426,0.06805679751292881,6.575893899029852
TAP,SFvCSP,cluster,regression,esm2_cls,linear,50,50,17,58,,,False,0.30255923498239645,0.30295284895224,0.018299417189377,6.749158062268226
TAP,SFvCSP,cluster,regression,esm2_cls,linear,100,100,17,58,,,False,0.6441663183065414,0.6376613641535446,0.39886826781844265,5.281349418875097
TAP,SFvCSP,cluster,regression,esm2_cls,linear,150,150,17,58,,,False,0.6987039676860656,0.6121768092238615,0.35051653911309133,5.489643258135554
TAP,SFvCSP,cluster,regression,esm2_cls,linear,all,183,17,58,,,False,0.7341180257247175,0.6364738685781072,0.39173106542033387,5.312609484006553
TAP,SFvCSP,cluster,regression,esm2_cls,linear,25,25,18,56,,,False,0.39029729518702494,0.3328450034356423,-0.18462883848176914,8.818437047958804
TAP,SFvCSP,cluster,regression,esm2_cls,linear,50,50,18,56,,,False,0.5268466467091848,0.45426606968479577,0.12164410284852034,7.593390406311725
TAP,SFvCSP,cluster,regression,esm2_cls,linear,100,100,18,56,,,False,0.5813433082831264,0.5334357018712572,0.2580141759340723,6.9790815416642245
TAP,SFvCSP,cluster,regression,esm2_cls,linear,150,150,18,56,,,False,0.6444213136808191,0.5597398604770254,0.30763156352167076,6.7416949740988015
TAP,SFvCSP,cluster,regression,esm2_cls,linear,all,185,18,56,,,False,0.6070531511335682,0.5369890810922082,0.283501442475925,6.8581681453464185
TAP,SFvCSP,cluster,regression,esm2_cls,linear,25,25,19,64,,,False,0.47480740255306364,0.5257140405323905,0.25468242930777607,5.211754975108739
TAP,SFvCSP,cluster,regression,esm2_cls,linear,50,50,19,64,,,False,0.41715975531101857,0.4755889964878428,0.22609059451337288,5.310780747047044
TAP,SFvCSP,cluster,regression,esm2_cls,linear,100,100,19,64,,,False,0.4465914828922139,0.532912982752592,0.2634569538345679,5.1809854970349924
TAP,SFvCSP,cluster,regression,esm2_cls,linear,150,150,19,64,,,False,0.5712691441578386,0.616855163538153,0.3616171819528584,4.823406946999242
TAP,SFvCSP,cluster,regression,esm2_cls,linear,all,177,19,64,,,False,0.603384825072627,0.6582740648308177,0.42521642499841883,4.576837407962956
TAP,SFvCSP,cluster,regression,esm2_cls,mlp,25,25,0,63,,,False,0.4116058765356049,0.38194521264783904,-0.16179891830559257,6.623950107648578
TAP,SFvCSP,cluster,regression,esm2_cls,mlp,50,50,0,63,,,False,0.4752592458701,0.4567460284123032,0.09718101538596935,5.839180632838878
TAP,SFvCSP,cluster,regression,esm2_cls,mlp,100,100,0,63,,,False,0.5144712609930127,0.5516610585144385,0.18753307408648767,5.5392939741386575
TAP,SFvCSP,cluster,regression,esm2_cls,mlp,150,150,0,63,,,False,0.511680712677517,0.5591985331247401,0.19827176770258248,5.502564694968992
TAP,SFvCSP,cluster,regression,esm2_cls,mlp,all,178,0,63,,,False,0.5983079927128597,0.5802348656635619,0.24343010450717417,5.345349383979386
TAP,SFvCSP,cluster,regression,esm2_cls,mlp,25,25,1,60,,,False,0.21393813155332922,0.26202714788441184,-0.1484998252389116,7.059083199080112
TAP,SFvCSP,cluster,regression,esm2_cls,mlp,50,50,1,60,,,False,0.5147433857571514,0.49526125753062833,0.20031941748411197,5.890350111893916
TAP,SFvCSP,cluster,regression,esm2_cls,mlp,100,100,1,60,,,False,0.47632138920020256,0.4936811645149522,0.10920388510996781,6.216872934006873
TAP,SFvCSP,cluster,regression,esm2_cls,mlp,150,150,1,60,,,False,0.5557546907777206,0.5692859185603139,0.22170835182653148,5.811042060375899
TAP,SFvCSP,cluster,regression,esm2_cls,mlp,all,181,1,60,,,False,0.6202368241298172,0.6050013106895133,0.2947882117782624,5.531496163200027
TAP,SFvCSP,cluster,regression,esm2_cls,mlp,25,25,2,68,,,False,0.6254983343814279,0.5979534576553235,0.34516230823986316,6.274358758192114
TAP,SFvCSP,cluster,regression,esm2_cls,mlp,50,50,2,68,,,False,0.48418466235634794,0.4787732868562308,0.11767829590531886,7.283095322524925
TAP,SFvCSP,cluster,regression,esm2_cls,mlp,100,100,2,68,,,False,0.3798808041106867,0.46703186057931523,0.11727950753471705,7.2847410292982255
TAP,SFvCSP,cluster,regression,esm2_cls,mlp,150,150,2,68,,,False,0.4436592028694369,0.5126650327298825,0.23125424054803034,6.798199096084819
TAP,SFvCSP,cluster,regression,esm2_cls,mlp,all,173,2,68,,,False,0.5298880565537508,0.577313213921165,0.29852818138775905,6.4939303586476695
TAP,SFvCSP,cluster,regression,esm2_cls,mlp,25,25,3,63,,,False,-0.047147843789551884,-0.04510202551735209,-0.8120752760808729,9.306012500078465
TAP,SFvCSP,cluster,regression,esm2_cls,mlp,50,50,3,63,,,False,0.340242666899028,0.2707686393649071,-0.13992181525126957,7.380963312150392
TAP,SFvCSP,cluster,regression,esm2_cls,mlp,100,100,3,63,,,False,0.5254234491799475,0.5482424266272323,0.20835224853970813,6.150940208382614
TAP,SFvCSP,cluster,regression,esm2_cls,mlp,150,150,3,63,,,False,0.6481807745026167,0.6184254386406546,0.3568829928224607,5.5439654030605725
TAP,SFvCSP,cluster,regression,esm2_cls,mlp,all,178,3,63,,,False,0.6200794106545395,0.6218002585517513,0.3773443715501673,5.455059264893841
TAP,SFvCSP,cluster,regression,esm2_cls,mlp,25,25,4,57,,,False,0.3010131861998612,0.22214016839524373,-0.212517792680468,7.6746604678559525
TAP,SFvCSP,cluster,regression,esm2_cls,mlp,50,50,4,57,,,False,0.29617645970964457,0.27512133373457937,-0.2245924006681117,7.712779064419916
TAP,SFvCSP,cluster,regression,esm2_cls,mlp,100,100,4,57,,,False,0.3984943247912754,0.3305550929837275,-0.06366637170048817,7.18816149078192
TAP,SFvCSP,cluster,regression,esm2_cls,mlp,150,150,4,57,,,False,0.37833588754010383,0.37161958924864685,-0.13265819323763894,7.4176194104449475
TAP,SFvCSP,cluster,regression,esm2_cls,mlp,all,184,4,57,,,False,0.45397060379651244,0.41209643577476285,-0.0369003894024551,7.0971442071874185
TAP,SFvCSP,cluster,regression,esm2_cls,mlp,25,25,5,68,,,False,0.2326425232510238,0.2689846291397989,-0.23207528766136543,7.30491320903809
TAP,SFvCSP,cluster,regression,esm2_cls,mlp,50,50,5,68,,,False,0.5328332084551926,0.5634426580667433,0.30662998297028277,5.479979904158983
TAP,SFvCSP,cluster,regression,esm2_cls,mlp,100,100,5,68,,,False,0.613038286121041,0.6221668942262859,0.3547394027091172,5.28644855065355
TAP,SFvCSP,cluster,regression,esm2_cls,mlp,150,150,5,68,,,False,0.6066333514325883,0.6491822915014094,0.3782409836985592,5.189284518464569
TAP,SFvCSP,cluster,regression,esm2_cls,mlp,all,173,5,68,,,False,0.5911467929321504,0.6514008689863386,0.365476314200752,5.242281718869222
TAP,SFvCSP,cluster,regression,esm2_cls,mlp,25,25,6,56,,,False,0.4503608898466464,0.3484723009050539,-0.015114770594940818,7.43762882559252
TAP,SFvCSP,cluster,regression,esm2_cls,mlp,50,50,6,56,,,False,0.58404307668016,0.48613186003176423,0.1628397619558225,6.7543136481859705
TAP,SFvCSP,cluster,regression,esm2_cls,mlp,100,100,6,56,,,False,0.5577101823691327,0.5195762846080673,0.20433566848938767,6.584789140126605
TAP,SFvCSP,cluster,regression,esm2_cls,mlp,150,150,6,56,,,False,0.6271332673709318,0.5441696487127206,0.17437524607098953,6.707617364359634
TAP,SFvCSP,cluster,regression,esm2_cls,mlp,all,185,6,56,,,False,0.6085292485330113,0.5548202441999324,0.22417821026235296,6.502163923026328
TAP,SFvCSP,cluster,regression,esm2_cls,mlp,25,25,7,59,,,False,0.324903998951503,0.18595056441503385,-0.30194645364852457,7.885052523368888
TAP,SFvCSP,cluster,regression,esm2_cls,mlp,50,50,7,59,,,False,0.47909225666946215,0.41780544436774186,-0.0730730236724475,7.158510522054601
TAP,SFvCSP,cluster,regression,esm2_cls,mlp,100,100,7,59,,,False,0.5262175238262886,0.517762146236942,0.1626938463130193,6.323392948453839
TAP,SFvCSP,cluster,regression,esm2_cls,mlp,150,150,7,59,,,False,0.5765605311365918,0.5843709970305335,0.2795901119272204,5.865403063246116
TAP,SFvCSP,cluster,regression,esm2_cls,mlp,all,182,7,59,,,False,0.6441330743596018,0.649747649279015,0.40029938949643096,5.351496855320838
TAP,SFvCSP,cluster,regression,esm2_cls,mlp,25,25,8,63,,,False,0.2652676750687376,0.19303272807708124,-0.1291832511405051,8.718637947815129
TAP,SFvCSP,cluster,regression,esm2_cls,mlp,50,50,8,63,,,False,0.4294512704814845,0.456093313445475,0.16869728219229385,7.480765304063364
TAP,SFvCSP,cluster,regression,esm2_cls,mlp,100,100,8,63,,,False,0.5159609947096399,0.537245494744849,0.24454819876244238,7.1313181167157245
TAP,SFvCSP,cluster,regression,esm2_cls,mlp,150,150,8,63,,,False,0.6189178910433426,0.6178400701086303,0.35153685808820545,6.607072580001953
TAP,SFvCSP,cluster,regression,esm2_cls,mlp,all,178,8,63,,,False,0.583430416047724,0.5734559176969625,0.2888408673820615,6.919103472081196
TAP,SFvCSP,cluster,regression,esm2_cls,mlp,25,25,9,64,,,False,0.2632718725621953,0.42326821977087314,-0.05402398366204508,7.055373376571818
TAP,SFvCSP,cluster,regression,esm2_cls,mlp,50,50,9,64,,,False,0.26734934522521375,0.38434496398571105,0.0036414258572379232,6.859659940908807
TAP,SFvCSP,cluster,regression,esm2_cls,mlp,100,100,9,64,,,False,0.5935471582666878,0.6736727124382041,0.4388069507690413,5.148146500182882
TAP,SFvCSP,cluster,regression,esm2_cls,mlp,150,150,9,64,,,False,0.6306567409301139,0.6739469981500366,0.428082642305454,5.197103839086351
TAP,SFvCSP,cluster,regression,esm2_cls,mlp,all,177,9,64,,,False,0.6304276694321915,0.656540276474719,0.41129535977479914,5.272826543547006
TAP,SFvCSP,cluster,regression,esm2_cls,mlp,25,25,10,62,,,False,0.25197807751233536,0.19383720049281633,-0.10609373183481963,7.478917209866239
TAP,SFvCSP,cluster,regression,esm2_cls,mlp,50,50,10,62,,,False,0.31653486097099565,0.3246416908001294,0.05251384134958226,6.921961784057155
TAP,SFvCSP,cluster,regression,esm2_cls,mlp,100,100,10,62,,,False,0.5747367969978856,0.5872192089296728,0.3197357854312277,5.865183076723703
TAP,SFvCSP,cluster,regression,esm2_cls,mlp,150,150,10,62,,,False,0.5409465368034815,0.5974516035078694,0.3217591492452072,5.856453941315454
TAP,SFvCSP,cluster,regression,esm2_cls,mlp,all,179,10,62,,,False,0.593231987887291,0.604559163349299,0.3222053159411158,5.854527350958384
TAP,SFvCSP,cluster,regression,esm2_cls,mlp,25,25,11,62,,,False,0.3185539829763967,0.2845495856496828,-0.07459087548839727,7.2536054902969935
TAP,SFvCSP,cluster,regression,esm2_cls,mlp,50,50,11,62,,,False,0.3804291986028078,0.42033734198882383,0.1319766807361673,6.51925627102235
TAP,SFvCSP,cluster,regression,esm2_cls,mlp,100,100,11,62,,,False,0.5737451228928214,0.5851914730644593,0.24460379050287318,6.0816266837334005
TAP,SFvCSP,cluster,regression,esm2_cls,mlp,150,150,11,62,,,False,0.6399319366741292,0.6926902144206569,0.4373017942749228,5.24892203858847
TAP,SFvCSP,cluster,regression,esm2_cls,mlp,all,179,11,62,,,False,0.6813585785951535,0.7469197404346084,0.5234780495193143,4.8302967500700245
TAP,SFvCSP,cluster,regression,esm2_cls,mlp,25,25,12,62,,,False,0.4163539065383553,0.4241520279536682,0.09078252460902503,7.157875904208435
TAP,SFvCSP,cluster,regression,esm2_cls,mlp,50,50,12,62,,,False,0.5465904564417493,0.6138365989189734,0.3697124177480555,5.959634876244144
TAP,SFvCSP,cluster,regression,esm2_cls,mlp,100,100,12,62,,,False,0.5128599457414311,0.5942023227234225,0.28055782192632994,6.367196092753961
TAP,SFvCSP,cluster,regression,esm2_cls,mlp,150,150,12,62,,,False,0.4398065618497789,0.5689614991417167,0.29224508466707433,6.3152671176189115
TAP,SFvCSP,cluster,regression,esm2_cls,mlp,all,179,12,62,,,False,0.48227828779506365,0.5921135688481179,0.3050497849449567,6.257878465021937
TAP,SFvCSP,cluster,regression,esm2_cls,mlp,25,25,13,61,,,False,0.4445563069735268,0.37440238570036033,-0.038652100547529544,7.410066871198609
TAP,SFvCSP,cluster,regression,esm2_cls,mlp,50,50,13,61,,,False,0.49967599670125634,0.3902500055359323,0.0628343599129969,7.038745359924988
TAP,SFvCSP,cluster,regression,esm2_cls,mlp,100,100,13,61,,,False,0.5659095941033242,0.5215429598370435,0.1839940830590595,6.568008849961138
TAP,SFvCSP,cluster,regression,esm2_cls,mlp,150,150,13,61,,,False,0.6341542795607483,0.6126381994087934,0.3091641996545831,6.0433047190776294
TAP,SFvCSP,cluster,regression,esm2_cls,mlp,all,180,13,61,,,False,0.631825651286125,0.5791232803585387,0.26580209870977156,6.230080305345752
TAP,SFvCSP,cluster,regression,esm2_cls,mlp,25,25,14,59,,,False,0.23443192974156532,0.4121882733346045,-1.2965453919067151,8.976338855569848
TAP,SFvCSP,cluster,regression,esm2_cls,mlp,50,50,14,59,,,False,0.43670299432447623,0.514221901291823,-0.01834135631211309,5.977346231381899
TAP,SFvCSP,cluster,regression,esm2_cls,mlp,100,100,14,59,,,False,0.48844131061246626,0.5333385488112414,0.10427468580156096,5.605949044399466
TAP,SFvCSP,cluster,regression,esm2_cls,mlp,150,150,14,59,,,False,0.43687857684581555,0.5288998114154193,0.0400872056651177,5.803334611025622
TAP,SFvCSP,cluster,regression,esm2_cls,mlp,all,182,14,59,,,False,0.48217886735136334,0.5522336164495567,-0.011886335007634141,5.9583716335708665
TAP,SFvCSP,cluster,regression,esm2_cls,mlp,25,25,15,58,,,False,0.4684414646508294,0.557945574518187,0.30923155570907623,6.517306212138638
TAP,SFvCSP,cluster,regression,esm2_cls,mlp,50,50,15,58,,,False,0.5287563451523304,0.575523065923029,0.3170430283063054,6.480351350037419
TAP,SFvCSP,cluster,regression,esm2_cls,mlp,100,100,15,58,,,False,0.49561088477459025,0.5082602078322671,0.24638248395111018,6.807338921415859
TAP,SFvCSP,cluster,regression,esm2_cls,mlp,150,150,15,58,,,False,0.5900569642524256,0.6249837819538376,0.3483276449565843,6.3301868672832935
TAP,SFvCSP,cluster,regression,esm2_cls,mlp,all,183,15,58,,,False,0.6581961448802703,0.6315946257429849,0.3632963851257519,6.257063168007355
TAP,SFvCSP,cluster,regression,esm2_cls,mlp,25,25,16,55,,,False,0.40633981589717133,0.37244934905581073,0.03997160756662366,7.562156777480837
TAP,SFvCSP,cluster,regression,esm2_cls,mlp,50,50,16,55,,,False,0.34142653389067523,0.37202029862036684,0.02177751550404028,7.633478006312379
TAP,SFvCSP,cluster,regression,esm2_cls,mlp,100,100,16,55,,,False,0.46970066679895156,0.49173009160164,0.21472949827917553,6.839325605562556
TAP,SFvCSP,cluster,regression,esm2_cls,mlp,150,150,16,55,,,False,0.6544038652112063,0.6510653870895355,0.4234108296257795,5.860529801839942
TAP,SFvCSP,cluster,regression,esm2_cls,mlp,all,186,16,55,,,False,0.676498931166699,0.65094922987263,0.41655909681341285,5.8952479321693705
TAP,SFvCSP,cluster,regression,esm2_cls,mlp,25,25,17,58,,,False,0.3191576500109473,0.30880264055161993,-0.1351294119649904,7.257428454973203
TAP,SFvCSP,cluster,regression,esm2_cls,mlp,50,50,17,58,,,False,0.4532383532285915,0.4870969252052133,0.17107991919106158,6.201780699931158
TAP,SFvCSP,cluster,regression,esm2_cls,mlp,100,100,17,58,,,False,0.6893731332637076,0.6840066871647149,0.41993600274468124,5.187976860132582
TAP,SFvCSP,cluster,regression,esm2_cls,mlp,150,150,17,58,,,False,0.6483852104381025,0.5693466823506301,0.26132900830541084,5.854443201543098
TAP,SFvCSP,cluster,regression,esm2_cls,mlp,all,183,17,58,,,False,0.6625200388204863,0.5749122624835447,0.28394875470959435,5.76410823327086
TAP,SFvCSP,cluster,regression,esm2_cls,mlp,25,25,18,56,,,False,0.329202229796414,0.34574386074714103,-0.0012778113314018125,8.107328390004461
TAP,SFvCSP,cluster,regression,esm2_cls,mlp,50,50,18,56,,,False,0.5827450417364085,0.4885111223405283,0.13142573493241827,7.550990907326849
TAP,SFvCSP,cluster,regression,esm2_cls,mlp,100,100,18,56,,,False,0.6234636891232118,0.5088946682942943,0.21168157358400652,7.193683189784132
TAP,SFvCSP,cluster,regression,esm2_cls,mlp,150,150,18,56,,,False,0.6831570210605405,0.6005056458133847,0.34866326596511243,6.538878302508178
TAP,SFvCSP,cluster,regression,esm2_cls,mlp,all,185,18,56,,,False,0.6393272091798673,0.6205620777857902,0.35759141008084083,6.49390809915204
TAP,SFvCSP,cluster,regression,esm2_cls,mlp,25,25,19,64,,,False,0.4767572831800329,0.4582757954027898,0.14873222840236666,5.569887271133089
TAP,SFvCSP,cluster,regression,esm2_cls,mlp,50,50,19,64,,,False,0.33865985524644304,0.354029245140407,0.047178742293686904,5.892763733348056
TAP,SFvCSP,cluster,regression,esm2_cls,mlp,100,100,19,64,,,False,0.38690219593487163,0.49324201656623534,0.046542606398285225,5.894730509928332
TAP,SFvCSP,cluster,regression,esm2_cls,mlp,150,150,19,64,,,False,0.5241737920735097,0.5920571522071285,0.24464600167664308,5.246728311907775
TAP,SFvCSP,cluster,regression,esm2_cls,mlp,all,177,19,64,,,False,0.5636760795986994,0.639462325038235,0.35518120606221426,4.847660012399662
TAP,SFvCSP,cluster,regression,esm2_mean+max,linear,25,25,0,63,,,False,0.4656366654718392,0.40433832328141084,0.027738857790218896,6.059587111496546
TAP,SFvCSP,cluster,regression,esm2_mean+max,linear,50,50,0,63,,,False,0.544036639266669,0.4367846346572206,0.17253218418649918,5.590197147040449
TAP,SFvCSP,cluster,regression,esm2_mean+max,linear,100,100,0,63,,,False,0.5834651624485424,0.5287424733155398,0.23814996823607892,5.363969672715
TAP,SFvCSP,cluster,regression,esm2_mean+max,linear,150,150,0,63,,,False,0.5353282040062429,0.47802329355105316,0.09673326403144156,5.840628418606786
TAP,SFvCSP,cluster,regression,esm2_mean+max,linear,all,178,0,63,,,False,0.5330909540636474,0.4640571859903959,0.058371442343733926,5.963364826163801
TAP,SFvCSP,cluster,regression,esm2_mean+max,linear,25,25,1,60,,,False,0.3906236316623125,0.357032581336244,0.1145713631972537,6.1981147991834895
TAP,SFvCSP,cluster,regression,esm2_mean+max,linear,50,50,1,60,,,False,0.5249614094791805,0.5222128061500935,0.21621653288398734,5.831508097651634
TAP,SFvCSP,cluster,regression,esm2_mean+max,linear,100,100,1,60,,,False,0.5238477284195587,0.5513166831390615,0.20843502889383847,5.860384586921373
TAP,SFvCSP,cluster,regression,esm2_mean+max,linear,150,150,1,60,,,False,0.499179692948938,0.4821847814613643,0.08343466945622413,6.306153629730444
TAP,SFvCSP,cluster,regression,esm2_mean+max,linear,all,181,1,60,,,False,0.5374346373469435,0.48646787960684024,0.09334847966094173,6.27195640374429
TAP,SFvCSP,cluster,regression,esm2_mean+max,linear,25,25,2,68,,,False,0.5336329835030363,0.47125645994876975,0.21109925891272785,6.88674012400371
TAP,SFvCSP,cluster,regression,esm2_mean+max,linear,50,50,2,68,,,False,0.6110918296887683,0.5772461408218329,0.25881734535122947,6.675213127789363
TAP,SFvCSP,cluster,regression,esm2_mean+max,linear,100,100,2,68,,,False,0.6141871264529737,0.6008725652638827,0.3298611705054939,6.34723976917204
TAP,SFvCSP,cluster,regression,esm2_mean+max,linear,150,150,2,68,,,False,0.716236385821004,0.6914092054573243,0.39909868425001027,6.010409888524409
TAP,SFvCSP,cluster,regression,esm2_mean+max,linear,all,173,2,68,,,False,0.7340821091405585,0.700988033915093,0.4128141727751137,5.941420565528778
TAP,SFvCSP,cluster,regression,esm2_mean+max,linear,25,25,3,63,,,False,0.16212325296967664,0.107799028878937,-0.027679245237697048,7.008164817047947
TAP,SFvCSP,cluster,regression,esm2_mean+max,linear,50,50,3,63,,,False,0.45185551972126325,0.3755608765903785,-0.01369108221694515,6.960305901729699
TAP,SFvCSP,cluster,regression,esm2_mean+max,linear,100,100,3,63,,,False,0.6119132023568077,0.6610688716065418,0.41937561327653095,5.267725676143218
TAP,SFvCSP,cluster,regression,esm2_mean+max,linear,150,150,3,63,,,False,0.6518315499768969,0.6170390741680992,0.3675899368252027,5.497622308246806
TAP,SFvCSP,cluster,regression,esm2_mean+max,linear,all,178,3,63,,,False,0.6993156494022378,0.632485553638666,0.39796174492425385,5.363985043998611
TAP,SFvCSP,cluster,regression,esm2_mean+max,linear,25,25,4,57,,,False,0.4433557745193255,0.3340018559806593,0.09710294027586297,6.6226870054111355
TAP,SFvCSP,cluster,regression,esm2_mean+max,linear,50,50,4,57,,,False,0.5581712214716503,0.4850192894129074,0.23226627083276652,6.106894558100467
TAP,SFvCSP,cluster,regression,esm2_mean+max,linear,100,100,4,57,,,False,0.6473098183987311,0.561426537781971,0.27178253986357603,5.947653437543333
TAP,SFvCSP,cluster,regression,esm2_mean+max,linear,150,150,4,57,,,False,0.6057594163351246,0.5100307977468472,0.17151844615632394,6.343902981664256
TAP,SFvCSP,cluster,regression,esm2_mean+max,linear,all,184,4,57,,,False,0.6212434333541405,0.4991806150809186,0.1375907371362718,6.472496395095235
TAP,SFvCSP,cluster,regression,esm2_mean+max,linear,25,25,5,68,,,False,0.452628130789344,0.4813548760102031,0.15243853282861908,6.0587361368637165
TAP,SFvCSP,cluster,regression,esm2_mean+max,linear,50,50,5,68,,,False,0.49897309104250653,0.5227265509193024,0.2641122489762573,5.6454975596699
TAP,SFvCSP,cluster,regression,esm2_mean+max,linear,100,100,5,68,,,False,0.5903820246111411,0.5725319373710376,0.3263447718342303,5.401511179570054
TAP,SFvCSP,cluster,regression,esm2_mean+max,linear,150,150,5,68,,,False,0.6694781882115262,0.6336248850864078,0.4006316076339268,5.094990227477277
TAP,SFvCSP,cluster,regression,esm2_mean+max,linear,all,173,5,68,,,False,0.6132677166173439,0.5668048142022701,0.22721596567783198,5.785294978090891
TAP,SFvCSP,cluster,regression,esm2_mean+max,linear,25,25,6,56,,,False,0.4487193587727123,0.3617504652349708,0.06347561256069179,7.143918199885141
TAP,SFvCSP,cluster,regression,esm2_mean+max,linear,50,50,6,56,,,False,0.6486099655882371,0.5259124886901135,0.2554801856495159,6.369642496858234
TAP,SFvCSP,cluster,regression,esm2_mean+max,linear,100,100,6,56,,,False,0.730378732208583,0.6319706397067621,0.36573097727074855,5.879138321933517
TAP,SFvCSP,cluster,regression,esm2_mean+max,linear,150,150,6,56,,,False,0.729694760927777,0.6004265187589529,0.34311299494981895,5.983044910693208
TAP,SFvCSP,cluster,regression,esm2_mean+max,linear,all,185,6,56,,,False,0.7370816507604807,0.607077809462671,0.3584638854857687,5.912722301986858
TAP,SFvCSP,cluster,regression,esm2_mean+max,linear,25,25,7,59,,,False,0.33119321834238924,0.23049788443397204,-0.029571006513290587,7.0119075447921775
TAP,SFvCSP,cluster,regression,esm2_mean+max,linear,50,50,7,59,,,False,0.5172956079461942,0.5058885974290503,0.20408250094967462,6.165127401889164
TAP,SFvCSP,cluster,regression,esm2_mean+max,linear,100,100,7,59,,,False,0.5300788120104607,0.5329671681484223,0.2673922747801708,5.914850552929791
TAP,SFvCSP,cluster,regression,esm2_mean+max,linear,150,150,7,59,,,False,0.5948723978281952,0.578168287836333,0.31773103844391304,5.708024601810262
TAP,SFvCSP,cluster,regression,esm2_mean+max,linear,all,182,7,59,,,False,0.5985581729130868,0.5789876245812804,0.32763675032243533,5.666436324922934
TAP,SFvCSP,cluster,regression,esm2_mean+max,linear,25,25,8,63,,,False,0.2013758137944879,0.16961758449022854,-0.03067876094876265,8.329675692013463
TAP,SFvCSP,cluster,regression,esm2_mean+max,linear,50,50,8,63,,,False,0.5757230551048326,0.4644353438459966,0.18255321527905755,7.4181596287599625
TAP,SFvCSP,cluster,regression,esm2_mean+max,linear,100,100,8,63,,,False,0.6148601215749667,0.5606979580047665,0.2709116235351624,7.005780348567896
TAP,SFvCSP,cluster,regression,esm2_mean+max,linear,150,150,8,63,,,False,0.6836501187755399,0.5957886702996433,0.295064210345084,6.888762462146847
TAP,SFvCSP,cluster,regression,esm2_mean+max,linear,all,178,8,63,,,False,0.6626169468566212,0.5759763764910026,0.28563408598209405,6.934685846524537
TAP,SFvCSP,cluster,regression,esm2_mean+max,linear,25,25,9,64,,,False,0.3398046600180636,0.3702014298699353,-0.0959168810799893,7.194217503396141
TAP,SFvCSP,cluster,regression,esm2_mean+max,linear,50,50,9,64,,,False,0.33673510194590367,0.37894307571834096,0.008947974631920208,6.841368475331095
TAP,SFvCSP,cluster,regression,esm2_mean+max,linear,100,100,9,64,,,False,0.6712482103619603,0.7088391351601513,0.4541948733395915,5.0770747864351655
TAP,SFvCSP,cluster,regression,esm2_mean+max,linear,150,150,9,64,,,False,0.7559588502936576,0.7669122672755251,0.5232296518845061,4.745143756151552
TAP,SFvCSP,cluster,regression,esm2_mean+max,linear,all,177,9,64,,,False,0.7572187435322307,0.7143449079530567,0.4754277663641131,4.977341108072894
TAP,SFvCSP,cluster,regression,esm2_mean+max,linear,25,25,10,62,,,False,0.3274203139195285,0.28724457526209995,0.03314279166274736,6.99236241594133
TAP,SFvCSP,cluster,regression,esm2_mean+max,linear,50,50,10,62,,,False,0.38388860109004286,0.34868635181997637,0.05557048162473732,6.910787457803099
TAP,SFvCSP,cluster,regression,esm2_mean+max,linear,100,100,10,62,,,False,0.6024291877164913,0.562716477622918,0.28468044501724576,6.014406932178435
TAP,SFvCSP,cluster,regression,esm2_mean+max,linear,150,150,10,62,,,False,0.583833205596081,0.5496046316649436,0.24912854132724382,6.1620548312434344
TAP,SFvCSP,cluster,regression,esm2_mean+max,linear,all,179,10,62,,,False,0.6091570023860706,0.5674766998653948,0.2534665802137247,6.144228907810962
TAP,SFvCSP,cluster,regression,esm2_mean+max,linear,25,25,11,62,,,False,0.45017118981008286,0.44655046504678425,0.016031921782858283,6.941013064033917
TAP,SFvCSP,cluster,regression,esm2_mean+max,linear,50,50,11,62,,,False,0.42213319479110606,0.410910407662093,0.11365808389900522,6.5876876791552945
TAP,SFvCSP,cluster,regression,esm2_mean+max,linear,100,100,11,62,,,False,0.6157516873726915,0.5983616569502772,0.33071616070124343,5.724499561233115
TAP,SFvCSP,cluster,regression,esm2_mean+max,linear,150,150,11,62,,,False,0.6155247611540127,0.6253871046286593,0.36255636552943193,5.58667299403287
TAP,SFvCSP,cluster,regression,esm2_mean+max,linear,all,179,11,62,,,False,0.6048844429004082,0.61029402794672,0.30400201615419775,5.837627080539831
TAP,SFvCSP,cluster,regression,esm2_mean+max,linear,25,25,12,62,,,False,0.4358767936128486,0.4067609312241545,0.12361222029963093,7.027460839140101
TAP,SFvCSP,cluster,regression,esm2_mean+max,linear,50,50,12,62,,,False,0.5376729054425614,0.5340770598626451,0.26019005066139667,6.456696332370513
TAP,SFvCSP,cluster,regression,esm2_mean+max,linear,100,100,12,62,,,False,0.5085271243519953,0.553239152204533,0.29666118817051,6.295533935477673
TAP,SFvCSP,cluster,regression,esm2_mean+max,linear,150,150,12,62,,,False,0.4907675948197144,0.5328077223627102,0.2732527228482142,6.399440186876008
TAP,SFvCSP,cluster,regression,esm2_mean+max,linear,all,179,12,62,,,False,0.49693934621745733,0.5318840870066116,0.26693292226222254,6.427204750821063
TAP,SFvCSP,cluster,regression,esm2_mean+max,linear,25,25,13,61,,,False,0.512271758732173,0.44587028526114014,0.10382903164584922,6.883075141829424
TAP,SFvCSP,cluster,regression,esm2_mean+max,linear,50,50,13,61,,,False,0.5530227535380796,0.4619983953097858,0.14940491402344824,6.705767784188661
TAP,SFvCSP,cluster,regression,esm2_mean+max,linear,100,100,13,61,,,False,0.6375678369178664,0.5434066073506892,0.2839801427293188,6.15247147310211
TAP,SFvCSP,cluster,regression,esm2_mean+max,linear,150,150,13,61,,,False,0.698270942167704,0.5768660351502074,0.3236778214000505,5.979486505168509
TAP,SFvCSP,cluster,regression,esm2_mean+max,linear,all,180,13,61,,,False,0.6775779045454838,0.559995812842884,0.3026885060297948,6.071562742247081
TAP,SFvCSP,cluster,regression,esm2_mean+max,linear,25,25,14,59,,,False,0.30033390275092803,0.3812007210177756,-0.8788506629573971,8.119099300343207
TAP,SFvCSP,cluster,regression,esm2_mean+max,linear,50,50,14,59,,,False,0.4232124039349042,0.47657689216872323,-0.22044537986041335,6.543662558894501
TAP,SFvCSP,cluster,regression,esm2_mean+max,linear,100,100,14,59,,,False,0.5019904285091513,0.5278120477165096,0.09388195465343852,5.638377010165583
TAP,SFvCSP,cluster,regression,esm2_mean+max,linear,150,150,14,59,,,False,0.5173831628798995,0.5495744097279216,0.137007412176254,5.502565928087651
TAP,SFvCSP,cluster,regression,esm2_mean+max,linear,all,182,14,59,,,False,0.5966294075110515,0.6054197959974168,0.31780215248628896,4.892342962183407
TAP,SFvCSP,cluster,regression,esm2_mean+max,linear,25,25,15,58,,,False,0.4758345041402882,0.5011600661456708,0.22622560143114057,6.8977755700209755
TAP,SFvCSP,cluster,regression,esm2_mean+max,linear,50,50,15,58,,,False,0.4817489357318552,0.4994459476140292,0.17255376309119064,7.132992612362954
TAP,SFvCSP,cluster,regression,esm2_mean+max,linear,100,100,15,58,,,False,0.5448978147043152,0.5253923426049647,0.25797714190994936,6.75476934256107
TAP,SFvCSP,cluster,regression,esm2_mean+max,linear,150,150,15,58,,,False,0.6859816516281528,0.6168554921233875,0.329241158257078,6.4222186096148945
TAP,SFvCSP,cluster,regression,esm2_mean+max,linear,all,183,15,58,,,False,0.6531134302312676,0.5793897404385422,0.27788550762787867,6.6635385134571194
TAP,SFvCSP,cluster,regression,esm2_mean+max,linear,25,25,16,55,,,False,0.4839974741819173,0.3805144429604362,0.006840675187906875,7.691536414267806
TAP,SFvCSP,cluster,regression,esm2_mean+max,linear,50,50,16,55,,,False,0.5628465330819105,0.4477483680028939,0.013505518621364065,7.665684983603
TAP,SFvCSP,cluster,regression,esm2_mean+max,linear,100,100,16,55,,,False,0.6334279937730672,0.5538901804379651,0.30125651842448553,6.451527056032184
TAP,SFvCSP,cluster,regression,esm2_mean+max,linear,150,150,16,55,,,False,0.7073670380162842,0.5994454210134242,0.3501940742764731,6.221505249754487
TAP,SFvCSP,cluster,regression,esm2_mean+max,linear,all,186,16,55,,,False,0.7039011453173835,0.5836717270354611,0.33290340223639936,6.303735773812518
TAP,SFvCSP,cluster,regression,esm2_mean+max,linear,25,25,17,58,,,False,0.43485383788156956,0.43082064381565705,0.17818556878141,6.1751421086746605
TAP,SFvCSP,cluster,regression,esm2_mean+max,linear,50,50,17,58,,,False,0.5566474027014554,0.5204250950789722,0.13204305590824073,6.346132944799796
TAP,SFvCSP,cluster,regression,esm2_mean+max,linear,100,100,17,58,,,False,0.7230318858169655,0.6660286005152857,0.4146509838417356,5.211557349119353
TAP,SFvCSP,cluster,regression,esm2_mean+max,linear,150,150,17,58,,,False,0.7710102357510698,0.6422158670879725,0.3915779364806834,5.313278154571194
TAP,SFvCSP,cluster,regression,esm2_mean+max,linear,all,183,17,58,,,False,0.7757218452118645,0.6620797411870103,0.434429924770941,5.122751463844054
TAP,SFvCSP,cluster,regression,esm2_mean+max,linear,25,25,18,56,,,False,0.501581255929296,0.38784747301741007,-0.07499008014613162,8.40045281736381
TAP,SFvCSP,cluster,regression,esm2_mean+max,linear,50,50,18,56,,,False,0.645720481271666,0.5630442430432682,0.2710693416997969,6.9174109477894
TAP,SFvCSP,cluster,regression,esm2_mean+max,linear,100,100,18,56,,,False,0.6803193655331646,0.6055322214369505,0.3228635041865834,6.667124719575695
TAP,SFvCSP,cluster,regression,esm2_mean+max,linear,150,150,18,56,,,False,0.7477393257739506,0.6716174429556347,0.38953169669320664,6.3304127622398685
TAP,SFvCSP,cluster,regression,esm2_mean+max,linear,all,185,18,56,,,False,0.7165593035936278,0.6029930572349081,0.355160367734786,6.506183820957547
TAP,SFvCSP,cluster,regression,esm2_mean+max,linear,25,25,19,64,,,False,0.33076857365023793,0.34583725615775085,0.0431777785526104,5.905122838256947
TAP,SFvCSP,cluster,regression,esm2_mean+max,linear,50,50,19,64,,,False,0.5096529163456089,0.5093394009749617,0.16189905037741603,5.526643819759143
TAP,SFvCSP,cluster,regression,esm2_mean+max,linear,100,100,19,64,,,False,0.5423650313345292,0.5602905732571055,0.3107740426322173,5.011804508068513
TAP,SFvCSP,cluster,regression,esm2_mean+max,linear,150,150,19,64,,,False,0.6334129867279541,0.6580928666128162,0.4321778348926707,4.549037117566785
TAP,SFvCSP,cluster,regression,esm2_mean+max,linear,all,177,19,64,,,False,0.6796136877010853,0.6898182787864165,0.47512694127532407,4.373613993931692
TAP,SFvCSP,cluster,regression,esm2_mean+max,mlp,25,25,0,63,,,False,0.3921923205821138,0.37661807593965024,-0.14195904524757808,6.567148443248911
TAP,SFvCSP,cluster,regression,esm2_mean+max,mlp,50,50,0,63,,,False,0.5606355904536687,0.4791663805590817,0.15844146216554245,5.637593190666285
TAP,SFvCSP,cluster,regression,esm2_mean+max,mlp,100,100,0,63,,,False,0.5281834380605344,0.5064672328412245,0.14103405706790395,5.69560078454454
TAP,SFvCSP,cluster,regression,esm2_mean+max,mlp,150,150,0,63,,,False,0.5195712286040909,0.5195217363989444,0.14073303099370837,5.696598713606971
TAP,SFvCSP,cluster,regression,esm2_mean+max,mlp,all,178,0,63,,,False,0.5462257763072732,0.5337333767789544,0.15862139798828812,5.636990464205558
TAP,SFvCSP,cluster,regression,esm2_mean+max,mlp,25,25,1,60,,,False,0.4404051750274027,0.4579020431330427,0.10269225088270739,6.239553933161604
TAP,SFvCSP,cluster,regression,esm2_mean+max,mlp,50,50,1,60,,,False,0.5574530543936437,0.5601334180342489,0.2810405555343507,5.585152430197012
TAP,SFvCSP,cluster,regression,esm2_mean+max,mlp,100,100,1,60,,,False,0.5628544075328089,0.5882388667610243,0.2989240719071772,5.515252010744738
TAP,SFvCSP,cluster,regression,esm2_mean+max,mlp,150,150,1,60,,,False,0.5491561304994619,0.5627217120401393,0.2632461417951424,5.653846889089279
TAP,SFvCSP,cluster,regression,esm2_mean+max,mlp,all,181,1,60,,,False,0.6380557210837644,0.5759228607243202,0.2799129566883707,5.589530524179631
TAP,SFvCSP,cluster,regression,esm2_mean+max,mlp,25,25,2,68,,,False,0.597430489031936,0.5147185554679008,0.22920642628781662,6.807247725028698
TAP,SFvCSP,cluster,regression,esm2_mean+max,mlp,50,50,2,68,,,False,0.6644188251757881,0.608881081240275,0.2538387704539513,6.6975945392960625
TAP,SFvCSP,cluster,regression,esm2_mean+max,mlp,100,100,2,68,,,False,0.5670507244943648,0.5149353648898235,0.18113425862822619,7.0163115312461075
TAP,SFvCSP,cluster,regression,esm2_mean+max,mlp,150,150,2,68,,,False,0.6700935359101645,0.6377923415387226,0.3830363473201398,6.0902104819967775
TAP,SFvCSP,cluster,regression,esm2_mean+max,mlp,all,173,2,68,,,False,0.7375404345376027,0.6364814790155378,0.33007675572065187,6.346218726172585
TAP,SFvCSP,cluster,regression,esm2_mean+max,mlp,25,25,3,63,,,False,0.11987513415876387,0.0848041040357631,-0.32292633650293356,7.951395309923611
TAP,SFvCSP,cluster,regression,esm2_mean+max,mlp,50,50,3,63,,,False,0.37057772889913193,0.2666183196687215,-0.1087318835219262,7.279285990736981
TAP,SFvCSP,cluster,regression,esm2_mean+max,mlp,100,100,3,63,,,False,0.6060527469902001,0.6530616389545165,0.41299829364199114,5.296575849325535
TAP,SFvCSP,cluster,regression,esm2_mean+max,mlp,150,150,3,63,,,False,0.711612998368234,0.6348492479333663,0.40238895439711064,5.34422607981134
TAP,SFvCSP,cluster,regression,esm2_mean+max,mlp,all,178,3,63,,,False,0.6907411306896192,0.6457610894533169,0.41635339271130634,5.281417458897813
TAP,SFvCSP,cluster,regression,esm2_mean+max,mlp,25,25,4,57,,,False,0.4168998544553886,0.32551542501748093,-0.09780856544755978,7.302615228441171
TAP,SFvCSP,cluster,regression,esm2_mean+max,mlp,50,50,4,57,,,False,0.5365520278979302,0.47603195706470197,0.11837903013004836,6.54419251469195
TAP,SFvCSP,cluster,regression,esm2_mean+max,mlp,100,100,4,57,,,False,0.6386751254698879,0.5682609772403332,0.2567102557473109,6.008888996234659
TAP,SFvCSP,cluster,regression,esm2_mean+max,mlp,150,150,4,57,,,False,0.5633000992263769,0.4958311857688163,0.17946818427423084,6.31339298861277
TAP,SFvCSP,cluster,regression,esm2_mean+max,mlp,all,184,4,57,,,False,0.5625210291876842,0.4577538131890398,0.1224094964793715,6.529216485661696
TAP,SFvCSP,cluster,regression,esm2_mean+max,mlp,25,25,5,68,,,False,0.3413543400824934,0.3275694410306139,-0.19246376540037025,7.186526520845588
TAP,SFvCSP,cluster,regression,esm2_mean+max,mlp,50,50,5,68,,,False,0.43108078334490746,0.44374418931950843,0.08264042234531621,6.303274735253819
TAP,SFvCSP,cluster,regression,esm2_mean+max,mlp,100,100,5,68,,,False,0.5941485085921119,0.5714964410672885,0.22767492763247543,5.783576758943912
TAP,SFvCSP,cluster,regression,esm2_mean+max,mlp,150,150,5,68,,,False,0.6252745792571895,0.6119287857682353,0.30959882222676505,5.468235358245134
TAP,SFvCSP,cluster,regression,esm2_mean+max,mlp,all,173,5,68,,,False,0.60305805953187,0.59761051507247,0.26940712713586956,5.625150579900396
TAP,SFvCSP,cluster,regression,esm2_mean+max,mlp,25,25,6,56,,,False,0.5825041412983467,0.4444117339105025,0.15004922882792293,6.8057158671372955
TAP,SFvCSP,cluster,regression,esm2_mean+max,mlp,50,50,6,56,,,False,0.5336343932847649,0.4695513747718866,0.1759039889815236,6.701404509444121
TAP,SFvCSP,cluster,regression,esm2_mean+max,mlp,100,100,6,56,,,False,0.576861378231698,0.5733219363893763,0.2593805080526128,6.352936237648914
TAP,SFvCSP,cluster,regression,esm2_mean+max,mlp,150,150,6,56,,,False,0.6546973099874097,0.5693471124240546,0.285921745601202,6.238064077125706
TAP,SFvCSP,cluster,regression,esm2_mean+max,mlp,all,185,6,56,,,False,0.6570912094702304,0.6099208230464526,0.3467190230283961,5.966600134999336
TAP,SFvCSP,cluster,regression,esm2_mean+max,mlp,25,25,7,59,,,False,0.3794300684613258,0.27876040283471504,-0.18306558770998604,7.516444241175384
TAP,SFvCSP,cluster,regression,esm2_mean+max,mlp,50,50,7,59,,,False,0.44349234969872486,0.43401293092512855,0.06703600515891917,6.6748340222997085
TAP,SFvCSP,cluster,regression,esm2_mean+max,mlp,100,100,7,59,,,False,0.513346563212382,0.5245705974920695,0.22214741843851837,6.094760970816571
TAP,SFvCSP,cluster,regression,esm2_mean+max,mlp,150,150,7,59,,,False,0.5899872832315535,0.5568600520425139,0.2406052186665295,6.0220150038528795
TAP,SFvCSP,cluster,regression,esm2_mean+max,mlp,all,182,7,59,,,False,0.5951356674771161,0.5692284041914107,0.26541099603157847,5.922843271776848
TAP,SFvCSP,cluster,regression,esm2_mean+max,mlp,25,25,8,63,,,False,0.06667707582059054,0.09166531209046172,-0.2772602869446341,9.272698395495937
TAP,SFvCSP,cluster,regression,esm2_mean+max,mlp,50,50,8,63,,,False,0.45053246334085734,0.4187461875725866,0.07976915740537038,7.870726513059677
TAP,SFvCSP,cluster,regression,esm2_mean+max,mlp,100,100,8,63,,,False,0.5451577265057646,0.5274415063348467,0.2202833698645329,7.244940583328256
TAP,SFvCSP,cluster,regression,esm2_mean+max,mlp,150,150,8,63,,,False,0.644585083716087,0.590155414336478,0.29306302009213847,6.8985335324626265
TAP,SFvCSP,cluster,regression,esm2_mean+max,mlp,all,178,8,63,,,False,0.5889288137297245,0.5809817562376506,0.2911766151531604,6.907731493763938
TAP,SFvCSP,cluster,regression,esm2_mean+max,mlp,25,25,9,64,,,False,0.4484074571830657,0.5022021717018906,0.0660815581565175,6.641240858042648
TAP,SFvCSP,cluster,regression,esm2_mean+max,mlp,50,50,9,64,,,False,0.4364499249915172,0.5301300640653954,0.16140091013224234,6.293206010322352
TAP,SFvCSP,cluster,regression,esm2_mean+max,mlp,100,100,9,64,,,False,0.598472195472019,0.6854093717732541,0.44823238336015614,5.104730977387727
TAP,SFvCSP,cluster,regression,esm2_mean+max,mlp,150,150,9,64,,,False,0.7068459211390987,0.7093841640523149,0.501118087007032,4.8539314068147705
TAP,SFvCSP,cluster,regression,esm2_mean+max,mlp,all,177,9,64,,,False,0.6823123637116114,0.6736702379788786,0.4514209695599518,5.089959851027289
TAP,SFvCSP,cluster,regression,esm2_mean+max,mlp,25,25,10,62,,,False,0.43337709551346554,0.3618904330336658,0.008679187826272972,7.080270858324765
TAP,SFvCSP,cluster,regression,esm2_mean+max,mlp,50,50,10,62,,,False,0.4222900601029228,0.34417036855903194,-0.028035841404392192,7.2101929708224635
TAP,SFvCSP,cluster,regression,esm2_mean+max,mlp,100,100,10,62,,,False,0.6433504275044946,0.6008216076834701,0.3147541483350407,5.886619539222055
TAP,SFvCSP,cluster,regression,esm2_mean+max,mlp,150,150,10,62,,,False,0.586000217062687,0.5688525793568592,0.27270574750921406,6.064539622596045
TAP,SFvCSP,cluster,regression,esm2_mean+max,mlp,all,179,10,62,,,False,0.6476592526299555,0.6088884623293285,0.3273780242580685,5.832144641622317
TAP,SFvCSP,cluster,regression,esm2_mean+max,mlp,25,25,11,62,,,False,0.44447282031881596,0.3920225698144278,0.11478639312631755,6.583493295648022
TAP,SFvCSP,cluster,regression,esm2_mean+max,mlp,50,50,11,62,,,False,0.45251609406976356,0.44090228003238063,0.12282780367990098,6.55352236475925
TAP,SFvCSP,cluster,regression,esm2_mean+max,mlp,100,100,11,62,,,False,0.5669121223081608,0.5878403764514865,0.3267437471816591,5.741462795269725
TAP,SFvCSP,cluster,regression,esm2_mean+max,mlp,150,150,11,62,,,False,0.5415720278890316,0.6017366566862836,0.31895968662421215,5.774558258944611
TAP,SFvCSP,cluster,regression,esm2_mean+max,mlp,all,179,11,62,,,False,0.5664834838951008,0.6276101867458183,0.32347536702738056,5.755382134059836
TAP,SFvCSP,cluster,regression,esm2_mean+max,mlp,25,25,12,62,,,False,0.3858478210580825,0.3842299206288999,-0.06348598773697889,7.741340383713284
TAP,SFvCSP,cluster,regression,esm2_mean+max,mlp,50,50,12,62,,,False,0.47177371500788473,0.49485468648078296,0.17376641867011489,6.823413631828358
TAP,SFvCSP,cluster,regression,esm2_mean+max,mlp,100,100,12,62,,,False,0.5005668245900083,0.5526672007964297,0.2512155305536845,6.495740870943687
TAP,SFvCSP,cluster,regression,esm2_mean+max,mlp,150,150,12,62,,,False,0.488626374947028,0.5720582727536057,0.2891347032431707,6.329128805591053
TAP,SFvCSP,cluster,regression,esm2_mean+max,mlp,all,179,12,62,,,False,0.5061843779030561,0.5750070210012393,0.30162614897501583,6.273274082742677
TAP,SFvCSP,cluster,regression,esm2_mean+max,mlp,25,25,13,61,,,False,0.5533402937573464,0.508147556126891,0.2377559593627323,6.347958723751018
TAP,SFvCSP,cluster,regression,esm2_mean+max,mlp,50,50,13,61,,,False,0.6219289811189762,0.488946480838463,0.21096778655660875,6.458541321306465
TAP,SFvCSP,cluster,regression,esm2_mean+max,mlp,100,100,13,61,,,False,0.6220877512286097,0.5672899438730401,0.30934214959153006,6.0425263322637335
TAP,SFvCSP,cluster,regression,esm2_mean+max,mlp,150,150,13,61,,,False,0.7158415009671338,0.6108518667489841,0.344221933156189,5.887969056262978
TAP,SFvCSP,cluster,regression,esm2_mean+max,mlp,all,180,13,61,,,False,0.677816059709934,0.5886161788829128,0.3101215929389597,6.039115716924669
TAP,SFvCSP,cluster,regression,esm2_mean+max,mlp,25,25,14,59,,,False,0.20376351601429524,0.3631106327415651,-0.8941353035945292,8.152057255033915
TAP,SFvCSP,cluster,regression,esm2_mean+max,mlp,50,50,14,59,,,False,0.43480085034330007,0.5159612877848427,0.16690672856263744,5.406404492474374
TAP,SFvCSP,cluster,regression,esm2_mean+max,mlp,100,100,14,59,,,False,0.5142812050029046,0.5355125502218666,0.20513686842280654,5.280899451504825
TAP,SFvCSP,cluster,regression,esm2_mean+max,mlp,150,150,14,59,,,False,0.5455641575548623,0.5978019243693655,0.2478905539887939,5.136913390271476
TAP,SFvCSP,cluster,regression,esm2_mean+max,mlp,all,182,14,59,,,False,0.5616299582574111,0.6195193244175842,0.2532101392223969,5.118714749590521
TAP,SFvCSP,cluster,regression,esm2_mean+max,mlp,25,25,15,58,,,False,0.38348311918446604,0.4439876355118267,0.103541572399243,7.42449567867651
TAP,SFvCSP,cluster,regression,esm2_mean+max,mlp,50,50,15,58,,,False,0.4774363293630042,0.5015731763889887,0.19242846383894385,7.046807100572957
TAP,SFvCSP,cluster,regression,esm2_mean+max,mlp,100,100,15,58,,,False,0.5575583948300133,0.592176712445784,0.3484448502954365,6.3296175895981746
TAP,SFvCSP,cluster,regression,esm2_mean+max,mlp,150,150,15,58,,,False,0.7058196409248672,0.6387417214192614,0.3679426166767904,6.234191462447481
TAP,SFvCSP,cluster,regression,esm2_mean+max,mlp,all,183,15,58,,,False,0.719589176973984,0.6638504258726781,0.409981265699607,6.023303994143678
TAP,SFvCSP,cluster,regression,esm2_mean+max,mlp,25,25,16,55,,,False,0.3525101699173684,0.3467465509742917,0.07516200719936028,7.422265228292162
TAP,SFvCSP,cluster,regression,esm2_mean+max,mlp,50,50,16,55,,,False,0.48962954981763107,0.4160629870138458,0.13220494113075,7.189724094829992
TAP,SFvCSP,cluster,regression,esm2_mean+max,mlp,100,100,16,55,,,False,0.6076143137760456,0.5296857158987688,0.2579906159531634,6.648265229014929
TAP,SFvCSP,cluster,regression,esm2_mean+max,mlp,150,150,16,55,,,False,0.7172592734277302,0.6179643032130065,0.3800888410748805,6.0767079615759485
TAP,SFvCSP,cluster,regression,esm2_mean+max,mlp,all,186,16,55,,,False,0.6996048824927044,0.5957001254206954,0.3499946157106375,6.222460025060147
TAP,SFvCSP,cluster,regression,esm2_mean+max,mlp,25,25,17,58,,,False,0.4522529185701247,0.4251144224075269,0.07573207813141947,6.548759101682528
TAP,SFvCSP,cluster,regression,esm2_mean+max,mlp,50,50,17,58,,,False,0.5991442723478377,0.6383001809546186,0.37881287740833913,5.368726706312785
TAP,SFvCSP,cluster,regression,esm2_mean+max,mlp,100,100,17,58,,,False,0.7035695513122455,0.6958819749203236,0.4576417001127199,5.016527763820034
TAP,SFvCSP,cluster,regression,esm2_mean+max,mlp,150,150,17,58,,,False,0.6850002669667611,0.57511437842257,0.2324504405645469,5.967786644629503
TAP,SFvCSP,cluster,regression,esm2_mean+max,mlp,all,183,17,58,,,False,0.6643985236381887,0.5473594060064448,0.2274647782403849,5.987137322884472
TAP,SFvCSP,cluster,regression,esm2_mean+max,mlp,25,25,18,56,,,False,0.3415785105302703,0.3175472358964637,0.06687489195125929,7.826550759306488
TAP,SFvCSP,cluster,regression,esm2_mean+max,mlp,50,50,18,56,,,False,0.6202157701460947,0.5448250982587333,0.27144771419644487,6.915615373846365
TAP,SFvCSP,cluster,regression,esm2_mean+max,mlp,100,100,18,56,,,False,0.5284535118873374,0.4907316712339136,0.22424841786149352,7.136114398022083
TAP,SFvCSP,cluster,regression,esm2_mean+max,mlp,150,150,18,56,,,False,0.6077369235498032,0.5564536002516483,0.29376329794802614,6.808878903118637
TAP,SFvCSP,cluster,regression,esm2_mean+max,mlp,all,185,18,56,,,False,0.6077369235498032,0.5542765692797192,0.27127318154310187,6.916443679820641
TAP,SFvCSP,cluster,regression,esm2_mean+max,mlp,25,25,19,64,,,False,0.341412627896282,0.3697566560695882,-0.027644181952232172,6.11976426996308
TAP,SFvCSP,cluster,regression,esm2_mean+max,mlp,50,50,19,64,,,False,0.41381054858704774,0.4539070725711653,0.176187965564934,5.479328972423169
TAP,SFvCSP,cluster,regression,esm2_mean+max,mlp,100,100,19,64,,,False,0.5469759255230096,0.5600317905146057,0.2530992185291373,5.217287468738325
TAP,SFvCSP,cluster,regression,esm2_mean+max,mlp,150,150,19,64,,,False,0.5845283324212297,0.6013257601652211,0.28527223086045983,5.103682366672993
TAP,SFvCSP,cluster,regression,esm2_mean+max,mlp,all,177,19,64,,,False,0.6486449953903966,0.6488638852995261,0.3795173951935692,4.755302128300499
